time_sec,x,y,z
0.319,4.505136961803224,-0.10157523177199808,0.15806870322959954
0.438,4.978277796495761,-0.1086308942033052,0.20139451274965792
0.502,5.065840976980745,-0.10968947314894514,0.20880079527049755
0.607,5.172457808161816,-0.10928676970714185,0.2158991615249053
0.663,5.355282405403928,-0.10454155015007223,0.21970323804194125
0.706,5.45115399150682,-0.10090401671532467,0.21827254077026392
0.753,5.54756985229586,-0.09700729188461446,0.21531077850053393
0.792,5.6470182010839665,-0.09296789313418824,0.2113164954470368
0.832,5.744727276335853,-0.0903288837582064,0.20631628608562957
0.873,5.834900438395218,-0.08839280692835866,0.20127542021082911
0.92,5.934048727368152,-0.0866997880566597,0.19552046786914357
0.959,6.0514517727098625,-0.08511640374695184,0.1888066192401161
0.997,6.1245653518169005,-0.08423657123759519,0.18492862721172187
1.036,6.222868990287081,-0.08322399824174971,0.1803027974499254
1.075,6.34289647844234,-0.08205529416375688,0.17565110533532513
1.114,6.412967019610466,-0.08168119236378765,0.17371955623919266
1.154,6.535628422644931,-0.08152199864677082,0.17216162184679895
1.192,6.631362008815854,-0.0816219777629431,0.17230155864098817
1.233,6.7197825144825645,-0.08180020694008779,0.17322282742172668
1.272,6.817954930704636,-0.08205779903626721,0.17486099817171175
1.316,6.9343628093810015,-0.08236513192369065,0.17712680613571763
1.356,7.031893603395606,-0.0825721751827015,0.17893805729779855
1.762,7.10485297853677,-0.0826767108513833,0.18011808148410502
2.164,7.403411799631581,-0.08250609135614174,0.1845147491493635
2.562,8.184226685120905,-0.08419711682237167,0.20989600440279288
2.96,8.623403130439408,-0.05742611394647021,0.18946146998838165
3.007,8.769347240309354,-0.04849761883204115,0.17475731682807005
3.048,8.851208155498707,-0.04537654783543943,0.1653585306574068
3.086,8.892117812121565,-0.044349693084256736,0.1603029865170762
3.125,9.019340801705487,-0.04285603068965995,0.1433491600057759
3.163,9.108508347336356,-0.04211058912379139,0.13115350118098146
3.2,9.197215896309393,-0.04166820761821193,0.11929331342855765
3.245,9.322981539431986,-0.04079954858341321,0.1034621136055538
3.286,9.366473473714903,-0.040393597660431754,0.09839490019700836
3.326,9.473347640393134,-0.039525735067687015,0.08756160475577257
3.364,9.580719932310078,-0.038701809789582854,0.07897695700981178
3.403,9.641392092943462,-0.038107612889234886,0.07505026667656178
3.443,9.728973907534101,-0.03723904589647214,0.07039252946108032
3.482,9.834544930758476,-0.036026415728991276,0.06580570828208732
3.522,9.895060088438537,-0.035218064685539896,0.06343450592497124
3.561,10.00112049352988,-0.034188419005228024,0.05929916175531158
3.6,10.08461002926032,-0.033806232933324486,0.05602477633317715
3.638,10.15781294697224,-0.03350312190897775,0.05311211180373654
3.677,10.238230761132655,-0.033459848233231324,0.04979309638379181
3.716,10.275279898401202,-0.033365361722040146,0.04819052962400683
3.757,10.412334800184503,-0.03347232242366239,0.041728891338645546
4.158,10.494207466990035,-0.033631645336805044,0.037503343585326476
4.197,10.570595314797426,-0.033941108705030865,0.0331263684547114
4.236,10.6610500452133,-0.03430273180718425,0.027414398058605016
4.28,10.736646180413668,-0.03488444259150279,0.02225632977477776
4.326,10.75492617447835,-0.03497404723691126,0.020965286731283506
4.371,10.880394162202855,-0.03579078635250377,0.01197410648567665
4.421,10.956009189547368,-0.03627282691449677,0.006718507044619848
4.824,11.032160363182456,-0.03669667926684634,0.0015876555749185783
4.871,11.120667279878024,-0.036910142944948265,-0.004028277838102667
4.91,11.195282917009092,-0.03706864534240782,-0.008320477778156032
4.949,11.270220078677221,-0.03665370677542843,-0.01166871047107687
4.987,11.339014626267389,-0.03587916376200229,-0.01367681041961788
5.026,11.413586976745869,-0.03498324045169364,-0.0147975304697896
5.065,11.486503950751501,-0.03403518447956167,-0.015152275019364225
5.105,11.563776843046329,-0.032845620231572295,-0.015032754482657396
5.152,11.636521363902528,-0.031928578225748676,-0.014719262246169151
5.192,11.722860347923692,-0.03090742510264484,-0.01445706053382878
5.231,11.78752440661727,-0.03012730307419873,-0.014472754727584025
5.27,11.857704919861405,-0.029726852581891422,-0.014547730868220476
5.308,11.957213444433854,-0.029142461536029757,-0.01404227450933071
5.347,12.026342677654352,-0.028749473230752377,-0.013192801308343327
5.385,12.115979979066523,-0.028400575115363837,-0.011648667587809136
5.425,12.184038325622076,-0.028182468065925285,-0.010307659965618221
5.463,12.253493139090438,-0.02776889965308208,-0.008810116346517738
5.502,12.327969343198411,-0.027429915524577225,-0.00712424749265228
5.54,12.416263138435632,-0.026760139052621233,-0.005044599231636582
5.579,12.49290977980544,-0.026017602417982955,-0.003130238691286813
5.618,12.569136900796021,-0.025272929379494973,-0.001119673927076903
5.657,12.656065595232969,-0.02421028129662034,0.0012162915012270403
5.793,12.72683221676748,-0.02321902851804393,0.003192764399643444
5.833,12.840778991623125,-0.02167501930052632,0.006433513610247132
5.922,12.876945268074522,-0.02113879827221312,0.007467568882015385
5.963,13.018656583790522,-0.01958354684225653,0.011471885269918047
6.051,13.108302225002435,-0.01999327146875161,0.014324798265468175
6.091,13.154598640695063,-0.021144987964581696,0.016166044636997334
6.131,13.32162985491593,-0.03212773474808777,0.024559646040656524
6.218,13.445424624978202,-0.047300062641052104,0.03219947668243339
6.309,13.601488492546874,-0.07434117884359781,0.04295992947407967
6.35,13.719324401066771,-0.09982225231205547,0.05173389137552764
6.389,13.849894121571625,-0.13375552814255084,0.06206731683224476
6.48,14.010111630467133,-0.18434831097871737,0.07554604224773431
6.52,14.13375078617038,-0.2302355905335741,0.08673634900660154
7.146,14.307820161931973,-0.3027574581171943,0.10369654399338835
7.186,14.49539622459399,-0.38688360664470645,0.12400954284009469
7.225,14.606753956377869,-0.4394176369380034,0.13791362582220934
7.265,14.809495154671161,-0.542897892780645,0.16833263211788463
7.306,15.027010798011585,-0.6662874929344128,0.20721106614954543
7.345,15.146039703512603,-0.741782782766279,0.22986099122230907
7.385,15.376061253542192,-0.9017169806690004,0.27364721400470504
7.424,15.649016492887405,-1.113342681350576,0.3245555523686656
7.464,15.787735778236065,-1.2305229160173596,0.3498014277187105
7.505,16.033090518882123,-1.4563330593096622,0.39460177170238
7.544,16.257269652296827,-1.6868024239964408,0.4365696249889819
7.584,16.426118797211522,-1.8654359262754159,0.46690124577071224
7.628,16.689412022848202,-2.152126035936972,0.5132836354104153
7.673,16.788732971008315,-2.2631914674403366,0.5307395356591948
7.714,17.119559425920073,-2.651252959363582,0.5877648605654828
7.753,17.332764017473707,-2.9101500415823427,0.6221118882828929
7.792,17.578308184391663,-3.2138909551699055,0.6599001893291039
7.831,17.847326980016238,-3.5573444007439567,0.7007549603218592
7.87,18.059979646555632,-3.838107771529844,0.7340197232064263
7.912,18.26923834327264,-4.11746930261615,0.7643963366207185
7.951,18.508057849631818,-4.44142735775098,0.796235474294468
8.177,18.718952806824014,-4.731962018378074,0.8227135345026131
8.223,19.02498053477848,-5.1614943739518155,0.8636403523691758
8.263,19.22792965330042,-5.450530716990974,0.8936043183315476
8.304,19.492111219830367,-5.834117049907053,0.9363893903466725
8.343,19.6954642140363,-6.137213990084611,0.9729800424941484
8.388,19.904699625173887,-6.452814093256879,1.014549584188261
8.427,20.123580315863755,-6.785828439092864,1.0614543074312426
8.577,20.466671654373563,-7.3143263351909225,1.1413996634081212
8.622,20.58432351497335,-7.496942370287831,1.170647507412161
8.663,20.883500146984332,-7.962976684734816,1.2468348284981072
8.704,21.17827887804959,-8.425849448810657,1.324414913422972
8.744,21.42370638646046,-8.816967297644098,1.3891395677580896
8.838,21.68149590385289,-9.233382777641532,1.454842678838597
8.997,22.083272728045465,-9.890663082322465,1.5489240874884285
9.044,22.27710888593159,-10.208922344701811,1.587161534702048
9.089,22.54899025329484,-10.658059258664121,1.6328005964010206
9.132,22.866978730292047,-11.187950110195935,1.6755440234532717
9.171,23.155135326428958,-11.677262245040751,1.7028758206330448
9.26,23.42516800711186,-12.142057719328058,1.718554492926529
9.735,23.723630720342772,-12.660672781629788,1.726045194425586
10.151,24.216853084681556,-13.52044020554446,1.721377373188309
10.192,24.83935607903696,-14.63412294759255,1.7050057796590732
10.233,25.025750674899992,-14.975493658757873,1.70052687903768
10.271,25.260996463699115,-15.40883794240107,1.6962068497704799
10.315,25.615847814222562,-16.057976821396785,1.6996155771339598
10.355,25.80141796185271,-16.399780427650462,1.7065147048579554
10.395,26.12510974536687,-16.998969911934182,1.7269739817537886
10.438,26.34406979210728,-17.405600098570623,1.747141403839377
10.477,26.639911211992818,-17.959534947184423,1.7819093479860388
10.519,26.910857540242922,-18.463956215935454,1.8211243947568043
10.559,27.139406186482137,-18.88944703412873,1.8586809499430004
10.599,27.371894153358234,-19.323959591822163,1.8996870343727696
10.641,27.696327410283516,-19.928852530194565,1.960712796730805
10.68,27.916127507142974,-20.3395718193634,2.0041214006708863
10.72,28.159282280946034,-20.796526533938966,2.053467550399894
10.757,28.457816512726364,-21.359464800012802,2.1120970923904565
10.796,28.75146007575892,-21.91878580269193,2.164441475303679
10.835,29.004966249522813,-22.405114746077,2.2047792593818443
10.873,29.35804418493136,-23.089890573443153,2.253016432708229
10.912,29.60273294872986,-23.56779321917216,2.2794634473112474
10.951,29.852655828948045,-24.057337548826453,2.2984538780007213
10.991,30.16441433975464,-24.670308751663686,2.3112644297426073
11.031,30.4066998652911,-25.150473029844136,2.3140442955536784
11.069,30.642612683885872,-25.623314195868872,2.3113034578284797
11.108,30.950716771233743,-26.25102796874247,2.300183944789964
11.35,31.131256663780395,-26.620980409677404,2.2877752243479925
11.389,31.32171988523359,-27.013389251108542,2.269227226411992
11.429,31.567586933585567,-27.523137534253795,2.2374453620526396
11.488,31.730045262388376,-27.859938667645352,2.212517468409608
11.526,31.894928789564794,-28.20287783677086,2.184379730126089
11.568,32.10667920908638,-28.643673266919237,2.1451596027034867
11.609,32.24787553039336,-28.939630331801418,2.1178692364657685
11.7,32.409175395543194,-29.278380589259875,2.084872884597903
11.79,32.629646573666875,-29.746193616238855,2.035030973878314
11.831,32.81481441115001,-30.139156383059557,1.9895815406825719
11.875,32.93596255528259,-30.394603371386335,1.958003106808878
11.967,33.17820242176295,-30.906834892694185,1.8914074673359522
12.018,33.28427006744876,-31.13036854969152,1.8616800388833674
12.264,33.50646932074629,-31.598479359125196,1.8009772367043908
12.303,33.65242704308897,-31.906711885750337,1.7631995722408966
12.343,33.81184737994846,-32.244572598578706,1.7250695334371073
12.387,33.985012878913366,-32.6130887771887,1.688752085285472
12.427,34.1649868821504,-32.99821045781229,1.6563804522810273
12.466,34.300806604688944,-33.292430760786395,1.635417988665541
12.603,34.446521551590244,-33.60645886611586,1.6180952102277288
12.642,34.57901266231967,-33.88507124841301,1.6095290360966743
12.682,34.80234664368075,-34.35418778423523,1.6076481118847816
12.722,34.95399203214912,-34.675638237419285,1.6147199918192747
12.761,35.15307147874695,-35.09522851367223,1.6336850476320706
12.808,35.31091862033773,-35.4213271221631,1.657751447772501
12.899,35.47145777754676,-35.75205433313695,1.6905471245327348
12.985,35.689210233631954,-36.2122876820099,1.7512987661444974
13.023,35.838068444960044,-36.52826160815139,1.8055443162138687
13.062,35.996115614876956,-36.85957683121229,1.87362743188055
13.204,36.216965221900324,-37.273574699267826,1.971450924440056
13.245,36.39148498127479,-37.572167593010946,2.0459973251134187
13.293,36.65145283112438,-37.996583135680126,2.1544930917332046
13.434,36.93961714684865,-38.447689336349896,2.2665154488532693
13.473,37.17035878137011,-38.7946569570897,2.3494177093222888
13.512,37.42971072838789,-39.16977354384558,2.4356968062089877
13.601,37.759051176178346,-39.62632526179439,2.5371063438751946
13.638,38.10608586744348,-40.07572966592243,2.6301863239398493
13.679,38.41193052424326,-40.450091424263626,2.6983290088625083
13.817,38.717070817776246,-40.81065219311735,2.753917628509466
13.864,39.12753760720829,-41.28078727271094,2.813684164819538
13.906,39.442006205364414,-41.63356237207028,2.849933275409615
14.046,39.80862379629453,-42.033635891229764,2.8836747878598707
14.098,40.110302481955,-42.35106857417068,2.905684842598504
14.14,40.50423304513666,-42.74260394319587,2.9296728206760214
14.181,40.856462042046786,-43.11007971053295,2.9525100030442495
14.272,41.152464640811885,-43.430141826076955,2.974567303862667
14.313,41.548201799458425,-43.86546825664151,3.005476125619804
14.408,41.90372768842854,-44.27711987633662,3.0353376389474285
14.5,42.252633424096814,-44.70059763798392,3.0669711201131413
14.54,42.63353950721846,-45.180819878464156,3.098152826607688
14.631,42.84684132052705,-45.45864174938043,3.112183942624707
14.673,43.314113391233576,-46.07799711499072,3.1310254111168305
14.767,43.619328656398366,-46.4987408505079,3.1292360486562636
14.808,43.980086652940656,-47.00854503244927,3.107909882095111
15.004,44.25682458377014,-47.403416616501275,3.076466199899979
15.047,44.524846847876596,-47.79020669531292,3.0330211407578496
15.091,44.84199472315201,-48.255486190716006,2.9671072442714497
15.132,45.12947038795953,-48.68849715427147,2.896819030294239
15.171,45.37441271682023,-49.064904547073674,2.8325450652749247
15.213,45.66140655579272,-49.515180938528424,2.751586730749345
15.325,45.87184075054196,-49.85064656164226,2.6910843336819745
15.363,46.13144538993738,-50.26919490627626,2.620541775072329
15.406,46.38260954435218,-50.67747512838382,2.559923086699431
15.497,46.57814736469662,-50.99984773297659,2.5203459401165738
15.542,46.77932961870603,-51.33955842225972,2.4889165107378375
15.585,47.025591358282796,-51.762560634266045,2.4654179172097592
15.774,47.26521916693875,-52.176026583128326,2.458425837833918
15.816,47.468320647079096,-52.52761476780131,2.464336467873231
15.908,47.71163101484082,-52.94842178399277,2.4872997870626
15.949,47.95002197070997,-53.360262024724186,2.5271797920554206
15.99,48.14937308328905,-53.70364160694736,2.5737605744178893
16.032,48.394681107429236,-54.12470552510954,2.646955295618856
16.121,48.63144573923829,-54.52946556276246,2.7337078700106403
16.162,48.835733624256235,-54.87630825774547,2.8197710349963785
16.204,49.07858708271372,-55.29198260790762,2.935922704772942
16.347,49.26947316767074,-55.619552931192395,3.037411557736583
16.387,49.519258819727,-56.05657702065734,3.184873999434693
16.475,49.76009672981063,-56.494103445205894,3.3424568485486006
16.516,49.95948657001294,-56.864223575043106,3.4750095122484126
16.557,50.24383505003537,-57.36390062170279,3.643520626437031
16.65,50.528730921666664,-57.85018449854912,3.7923632873072606
16.69,50.804586001647344,-58.27318738118945,3.8875859602757004
16.781,51.08262589174589,-58.72040659189413,3.970230238141866
16.821,51.46445677588342,-59.33611179203754,4.055117119421453
16.916,51.78708594871321,-59.86305472958796,4.099504879465144
16.965,51.98949673675875,-60.20361163319882,4.114745881603405
17.102,52.28126264408665,-60.70455333717617,4.122264067224563
17.142,52.59375143633196,-61.2433844386516,4.116932384000137
17.183,52.7607010809278,-61.534149042635825,4.110804872639697
17.237,53.00402379722951,-61.974908849504246,4.1018505935119975
17.328,53.23277072720472,-62.397979140182066,4.099303204629038
17.368,53.42454706850409,-62.76395020102643,4.104662847836309
17.52,53.604203464560314,-63.13205238131044,4.117082745598005
17.56,53.83754680349713,-63.658692419922566,4.146387964893073
17.6,53.99538694445609,-64.05858240111866,4.176483907893896
17.649,54.165016175210056,-64.54861546031972,4.219988295294627
17.78,54.30090946550831,-65.03200482472899,4.264837650942226
17.884,54.37122949267858,-65.35079319279683,4.294448608267317
17.925,54.45140662505774,-65.85819681438596,4.339885961897764
17.967,54.49002832661063,-66.34638973364353,4.379547874968303
18.006,54.49970884739311,-66.76886543810161,4.40155552443148
18.094,54.49458434794067,-67.26322328092382,4.420509691206696
18.143,54.46050802472783,-67.75585567270358,4.438740874327046
18.185,54.4125058652772,-68.1688547286046,4.45378664161187
18.273,54.32333583258104,-68.84389466691722,4.4825340279637516
18.413,54.278662104034666,-69.12045151213658,4.4959832893773
18.455,54.20455232302588,-69.52134946623804,4.5176623677217265
18.498,54.06032394769249,-70.19626353830863,4.563802276385566
18.538,54.002965193951255,-70.45982118926095,4.586627420784261
18.577,53.94005971174023,-70.77205468241304,4.618276288964189
18.721,53.82100133165697,-71.37147118724462,4.688298550165172
18.762,53.755012668793015,-71.69574280113987,4.727651799540027
18.853,53.696812890412154,-72.05009051275367,4.764806821697917
18.893,53.6437523712592,-72.51717726299977,4.8022192448613765
18.985,53.618915042758005,-72.87073416233116,4.822696088104983
19.027,53.6007821084832,-73.25886553663597,4.839852913315227
19.074,53.59240777590003,-73.73915537926015,4.854468502692583
19.115,53.60375857601289,-74.18277760248823,4.862416274337718
19.205,53.634810227558376,-74.67063592914053,4.867633526789163
19.296,53.67138374025251,-75.044219452791,4.870084431728031
19.337,53.69198947786208,-75.24254994555052,4.8715635466448575
19.43,53.78293546573221,-75.95455539594353,4.881396339779819
19.473,53.845300670208125,-76.35785285406142,4.891058161219121
19.519,53.922349887242554,-76.83285183215956,4.909028845474005
19.626,53.99351937966681,-77.23452684605175,4.930783330126303
19.669,54.083158356717796,-77.71529212427663,4.964293982042378
19.919,54.16122562814578,-78.12037716862423,4.997858244591221
19.96,54.26037591045433,-78.6236717180715,5.043302801546595
20.001,54.384095877523755,-79.2665247705559,5.105211403574728
20.04,54.43659923020333,-79.55516590654808,5.132847481980285
20.081,54.512601670826,-79.98022536501796,5.173204912595146
20.122,54.605840272440666,-80.58524494971303,5.230021846689112
20.161,54.66044422402243,-81.08068877021057,5.274340611915079
20.208,54.69321242750449,-81.54458290126206,5.313985139287674
20.3,54.71124006478716,-82.04303746348185,5.355022948069767
20.391,54.71338762938757,-82.56975300622861,5.395779545499877
20.435,54.72569356492302,-83.04313000542332,5.429581729544935
20.477,54.74889892147114,-83.55662470827257,5.463461855685338
20.575,54.7706390335177,-84.11003828759068,5.4965158379764745
20.618,54.796475532686046,-84.60260715462074,5.521074717673017
20.71,54.84708382098253,-85.27684960616205,5.546183552452952
20.752,54.89021282842873,-85.74030260928251,5.558593218844351
20.844,54.94167515112409,-86.22352801296925,5.566589762746396
20.935,55.00348780246799,-86.7418053594247,5.571287621423622
20.978,55.07822557863727,-87.30539543941251,5.573666988091922
21.026,55.15080682773112,-87.79597639872615,5.570397059868974
21.127,55.22339425225188,-88.3215752974367,5.563748359978348
21.221,55.30622946865186,-88.88991490598374,5.554509606246661
21.317,55.382843266168365,-89.37976587597078,5.544313500413168
21.42,55.48668963525748,-90.01742369800303,5.530170472487818
21.468,55.588255102226405,-90.60202651234445,5.517597243617445
21.514,55.65842274227923,-90.98381227301908,5.508584255710787
21.562,55.77241310170746,-91.57706789381005,5.494329085914437
21.608,55.88407447497363,-92.13154044697869,5.481538179505591
21.664,56.00666013055877,-92.73220965419108,5.468577539805203
21.709,56.10764117940857,-93.22992130953295,5.460377861073191
21.815,56.229019993072214,-93.8065092945435,5.452483519143875
21.917,56.36317041648262,-94.40743535828038,5.4461323040386915
21.963,56.52222154883976,-95.08818832477384,5.444155583499587
22.004,56.60160295323695,-95.41921269080152,5.445266556810559
22.098,56.745659969646894,-96.01356712687408,5.4502392761822165
22.141,56.910553550431324,-96.6889830071902,5.460364124712534
22.183,56.99245111452643,-97.02104232898763,5.466652734041929
22.281,57.11681704536596,-97.51467044251815,5.478577479312726
22.337,57.3324720239128,-98.34698279243817,5.508618139352961
22.436,57.42488208342262,-98.69871824065434,5.524847474557944
22.481,57.56328294092347,-99.21917171073547,5.551849225852436
22.524,57.76137175340187,-99.94965593387903,5.592600848409759
22.571,57.88823595969525,-100.40657995159259,5.618181225129014
23.057,58.02492415694182,-100.88553722530884,5.646194120254904
23.45,58.34655163002728,-101.97915345679242,5.711871191834831
23.83,59.244888413184334,-104.92541463109306,5.903742369220986
24.206,59.94299184621943,-107.36360859321093,6.106291810563221
24.581,60.963526671142276,-110.96015755726378,6.324153963043038
24.96,61.79379925869389,-113.67170292544291,6.2919411645145615
25.34,62.374695910303956,-115.49348899241822,6.319048697734978
25.742,63.35701918883615,-118.66726434173513,6.690300418936218
26.126,64.22205385764752,-121.4520987412837,7.066512050663974
26.504,65.21966999554165,-124.47772032902036,7.238282999434119
26.892,66.22843066313511,-127.4957520920793,7.184522255829073
27.267,66.811205656738,-129.26630370129038,7.117767535094501
27.643,67.72736759459923,-132.02052349671357,7.075515284653186
28.021,68.8211061486327,-135.26814589858597,7.123702350540022
28.399,70.1486150125539,-139.10753833949934,7.139778451101471
28.771,71.38598899517686,-142.57999557624433,6.846321464003175
29.142,72.24711220798363,-145.21232131692256,6.375198727834807
29.522,73.07979397840239,-147.83039704947993,5.981313223563639
29.901,73.81496120668587,-149.9410429340126,5.943549763553278
30.28,74.69839017776917,-152.40817398859096,6.318781864908104
30.66,75.71744689057152,-155.12342608727874,6.948164939759096
31.047,76.74007397618541,-157.84988354316002,7.4184641416377985
31.43,77.83209158975117,-160.69750800859697,7.588011452289251
31.809,78.7759871998691,-163.1418770582789,7.674493164695633
32.196,79.94698618442445,-166.24546430022772,7.8343891933941165
32.584,80.97750215159368,-169.4522866545478,7.943710177870344
32.97,81.72198942617536,-171.80630393238923,7.934077216878663
33.357,82.59409534018285,-174.5537211887016,7.888862785591115
33.526,83.01632162672718,-175.88443332861485,7.894818714412338
33.57,83.14776271503592,-176.2923683976484,7.90191923312041
33.611,83.30075966821677,-176.76991418853336,7.911388983307091
33.651,83.47518035152865,-177.3198118511917,7.9214262669167255
33.694,83.63405164298462,-177.82092326115318,7.928694179914373
33.735,83.76811977269698,-178.24420062519863,7.933059955044726
33.776,83.87885732747394,-178.59305103917873,7.935350716339457
33.817,84.06325530744036,-179.1720033256657,7.9361580490867
33.858,84.23061370318726,-179.69101214355098,7.933093627433848
33.903,84.36147532628692,-180.0954261090125,7.928107243164064
33.945,84.49756698801436,-180.51466036412742,7.9209333327325595
33.985,84.64578435083256,-180.96814671708233,7.910994532381025
34.028,84.81930265021421,-181.49938957081355,7.896260004689083
34.069,84.95352594507213,-181.90943371586397,7.882579972140249
34.112,85.0499342645848,-182.19870061060035,7.87056258724607
34.153,85.29272513873812,-182.92054380872693,7.83181252086014
34.195,85.46639787134751,-183.4373187697569,7.795614849979671
34.237,85.61794717459401,-183.88089942729184,7.757412275429829
34.278,85.77851815432444,-184.34963497622866,7.709500833341679
34.319,85.87211094209243,-184.6240890918071,7.677882130871836
34.359,86.10539152345586,-185.3106952468171,7.5872674917490315
34.4,86.22388649178441,-185.6623394510906,7.537756139430982
34.45,86.38242085874046,-186.13892902051563,7.470837095732804
34.533,86.5370210007032,-186.60313212159562,7.405718502686
34.573,86.64587446699417,-186.92840030239256,7.360172158741008
34.621,86.77737559383567,-187.32400403480662,7.306177066267239
34.682,86.92930207126795,-187.77702261502085,7.248126271044541
34.827,87.02302614772293,-188.06260689178762,7.216191365135344
34.87,87.14618272788051,-188.44836306446993,7.182109514831637
34.913,87.21412866421724,-188.66293928755437,7.167910164985528
35.067,87.34834312146438,-189.08277569666083,7.151544298137139
35.112,87.50800063322535,-189.56207204466455,7.150008215454378
35.157,87.65399902349532,-189.99424019997363,7.16320616780736
35.251,87.74282478037613,-190.25185015991374,7.1767289124526314
35.293,87.89456689626485,-190.68105587821378,7.205527191559028
35.337,88.06609724553988,-191.16430535302743,7.244500385340217
35.388,88.16907778073434,-191.4571470552171,7.2708466001515575
35.484,88.33071891895591,-191.91866440433608,7.316069683583365
35.579,88.48159129678166,-192.34890172560353,7.361416887067122
35.621,88.66386961379692,-192.85987951626672,7.417289822638395
35.718,88.83979538723167,-193.34606925270265,7.468756799744753
35.761,88.96689895717844,-193.6973458312405,7.503565305324244
35.802,89.1555831136721,-194.22004007973328,7.551717600242853
35.844,89.25698295908896,-194.49969857024792,7.575047053682482
35.897,89.50672597099407,-195.1904708815716,7.624006172886467
35.991,89.66500986050808,-195.62420269177042,7.6499625568460345
36.088,89.86347091185016,-196.16020496959015,7.676986492914338
36.184,90.0573152797745,-196.68555083149792,7.697685505693002
36.228,90.18647897244236,-197.03879545344395,7.708832763395776
36.271,90.3902134919998,-197.59382883610598,7.720199842182836
36.369,90.53472414473438,-197.98494404425531,7.722984236528077
36.412,90.66792051164472,-198.3448234966254,7.722846763468112
36.507,90.87268571268946,-198.89691902631512,7.719849074279864
36.549,91.05619119503672,-199.39425770679566,7.7161099210477175
36.599,91.15959570996363,-199.6764184423766,7.713629355028303
36.701,91.37415370861714,-200.26119021413987,7.707676750051903
36.753,91.56919033358145,-200.79340735733786,7.699476296367379
36.795,91.67817356214945,-201.09250221210226,7.692731187026965
36.887,91.86676298932488,-201.61106856137775,7.677619698372808
36.929,92.04113989149621,-202.09134444396017,7.660387687408942
37.019,92.23919706594478,-202.63986043142754,7.637104148822516
37.159,92.39325272568533,-203.06311039630643,7.61576004528402
37.253,92.56938831583395,-203.54576171074575,7.586388418386221
37.295,92.7702101734236,-204.09443116936242,7.5453954308835876
37.335,92.92334144760021,-204.51155124406066,7.509123447339206
37.376,93.09907133942095,-204.98909137387184,7.4636489533671835
37.467,93.30016476192586,-205.5359485864113,7.408786369706661
37.513,93.49515273051244,-206.0624283999363,7.354367266245632
37.607,93.72251258186992,-206.6720702585919,7.28989721352491
37.649,93.84021919125311,-206.98652128226266,7.256379176027124
37.689,94.03485200566297,-207.5067926888117,7.2007192882227
37.781,94.22537798302845,-208.02118934480188,7.147159373944447
37.832,94.40066047686436,-208.4984395399626,7.100482227847266
37.873,94.55096184307877,-208.90874175425202,7.0624854548972
37.918,94.74159644945689,-209.429083626957,7.0165189364046086
38.011,94.92474940540322,-209.93245391936804,6.973356585558676
38.157,95.0864865336149,-210.37818225069734,6.9350469437020195
38.201,95.27916148042519,-210.9120639344757,6.889881379217229
38.248,95.45870321762364,-211.41154971667422,6.848398239884844
38.34,95.61546598554915,-211.84741047606113,6.812561273821856
38.381,95.78485312022428,-212.31432466205158,6.773012696382466
38.471,95.8738011350491,-212.5608697099567,6.751758032496937
38.564,96.15469342488564,-213.33693130656877,6.68376934820148
38.605,96.31920264634746,-213.787996419399,6.644754434108279
38.648,96.51941871418491,-214.3390791636196,6.600096437510047
38.742,96.67766499273102,-214.77203395039436,6.568365784503129
38.782,96.89602599492326,-215.3658904469287,6.529293199640421
38.938,97.03601264155301,-215.7464723259239,6.508978066048968
38.989,97.18637481112624,-216.15511599009457,6.492433908759693
39.035,97.37302895064859,-216.66311598045354,6.478991111667909
39.183,97.5358459041633,-217.1153497320635,6.474435598589352
39.227,97.68510396565219,-217.53018267699215,6.477176502722571
39.269,97.89789786081462,-218.12391843235122,6.49170602034458
39.314,98.0717490439786,-218.61682381813011,6.513756538981525
39.409,98.22297573721306,-219.04484598890787,6.540802431097688
39.561,98.41380418219121,-219.58597176477878,6.583620958739715
39.713,98.55277176119606,-219.98313928057715,6.619834228162816
39.754,98.70342274727393,-220.41177467015436,6.663106845363515
39.905,98.91911953091432,-221.02354661322644,6.731152981477848
40.286,99.07090113092715,-221.45887065534632,6.783955552319512
40.668,100.00031252586697,-224.0861599862312,7.115719999971773
41.051,101.27111218432901,-227.5929015702452,7.364217084248352
41.43,102.45684912237736,-230.87288751458186,7.358141367677476
41.81,103.65181256362082,-234.12691778464043,7.211166845016734
42.187,104.5800560432019,-236.5832089900125,7.129335715500929
42.234,104.81183359995094,-237.18878110176513,7.12123423674926
42.281,105.00711052131112,-237.69743975432732,7.115951487796011
42.328,105.18946533007438,-238.17407960311036,7.111774200136608
42.372,105.41987446579758,-238.78240190251094,7.104973436270825
42.415,105.62794004695154,-239.33491848724228,7.096303596099986
42.455,105.80241179778243,-239.7954130445377,7.087068961343661
42.498,106.02551827846617,-240.38703722863502,7.070637363162035
42.545,106.22590519931384,-240.9201981359104,7.0520294253406774
42.929,106.81590024387555,-242.5107279695658,6.984040446513404
42.974,107.0238815834955,-243.0795405258882,6.959858482912594
43.018,107.26569477156093,-243.74491057218984,6.934598887610676
43.059,107.38352480559128,-244.07345302166453,6.924553959707978
43.104,107.62185581021093,-244.73778279306023,6.911350380283224
43.169,107.77569555268155,-245.167676746483,6.908294139804497
43.233,107.98082196755453,-245.74050807471895,6.908955857019947
43.284,108.13891431900439,-246.1778541155212,6.913179796442506
43.326,108.31608573279252,-246.66730964648292,6.920982185770356
43.369,108.56851756582518,-247.36809061490894,6.938980128350451
43.412,108.69411234612367,-247.71588348210244,6.95082718144711
43.453,108.91444435816334,-248.32276593884407,6.972939569486925
43.497,109.07013844361623,-248.74924049897396,6.9861093936876415
43.539,109.2805305743154,-249.3200705206899,6.999578454180465
43.58,109.4824087621185,-249.8645318448889,7.0084488714437185
43.62,109.66562653369397,-250.35888909651928,7.0138116464068645
43.665,109.84322165919409,-250.8370842463594,7.017015080796995
43.706,110.0730172470441,-251.44770640273566,7.017220639363529
43.749,110.23756456260787,-251.8791819628854,7.012653114434428
43.795,110.45373010458115,-252.44121356302404,7.000992381506904
43.843,110.65557668049081,-252.9649651955394,6.985974747139636
43.891,110.85135547276796,-253.47492993212487,6.969829948642385
43.938,111.02525597143793,-253.92869532771493,6.954993057254839
43.984,111.27109067501408,-254.56253539606112,6.932288628950047
44.028,111.48114091137874,-255.1007935844801,6.9108292852102124
44.072,111.6600667940973,-255.55822877155913,6.891087553831142
44.119,111.85648923774454,-256.0636033413683,6.869213447472831
44.498,112.04704765610737,-256.55777420933714,6.8489629588428755
44.882,112.44029595556776,-257.58385554041996,6.812306389981131
45.252,113.39784160496787,-260.0949994216292,6.759406327167596
45.622,114.24359234582192,-262.35781228900856,6.754177443966398
46.004,115.48511057726708,-265.315949125353,6.811604023937534
46.384,117.0881725612789,-268.2857910156655,6.9046812330303595
46.763,118.50095910164836,-270.8799269353223,6.913943207351153
47.146,119.76203143915559,-273.60188148531665,6.861933098244847
47.526,120.59454338596554,-276.4684851100911,6.789917232056268
47.913,120.87063764352595,-279.4612859754066,6.720691742137291
48.293,121.20466917586236,-282.2655209269275,6.66742283545473
48.669,121.67348180490194,-284.8939025238057,6.589662647801262
49.054,122.33165510639813,-287.7710290362877,6.439399976746017
49.436,122.80475878329298,-289.63221005315745,6.34612404248125
49.815,123.82646765115982,-293.340516251741,6.1799360013396125
50.193,124.75547822071198,-296.42007880277066,5.992224716080386
50.581,125.54017019443354,-298.90787592427415,5.855075206970355
50.957,126.24427233949591,-301.06155871585065,5.741821863441345
51.339,127.61357048890547,-305.2256543961351,5.436227548441451
51.721,128.42198944537142,-307.69092035147264,5.148603030480714
52.102,129.53836829045457,-310.87827196671145,4.742508003154157
52.494,130.40550469486968,-313.32722667331865,4.453833070669603
52.873,131.3732890686681,-316.0381334949115,4.142412426079815
53.252,132.22027580751458,-318.3410977872686,3.918816561368075
53.628,133.29037408719535,-321.19827285370184,3.679354681690853
53.997,134.11594857516434,-323.4662277615361,3.5185636352457834
54.377,135.2153434214172,-326.2186842552216,3.3815892217144494
54.745,136.31395817161257,-328.43425103394804,3.282298579559651
54.799,136.52610579182976,-328.8952915249427,3.255462631146756
54.839,136.73677220422277,-329.38691538262015,3.2230381566329243
54.878,136.99718971440666,-330.0122801435372,3.1791408974684714
54.918,137.1565835535282,-330.3749953600991,3.153941894768394
54.957,137.34086684138327,-330.79093881363724,3.1244531412292247
54.996,137.53254176397746,-331.2306309955814,3.0920066667249557
55.037,137.74937846441696,-331.7425609768236,3.0521625740706213
55.077,137.89347613974252,-332.0741930616522,3.0253848592427914
55.121,138.07909689841148,-332.49050414707193,2.992039075721351
55.162,138.2394986796338,-332.84697550695694,2.9649196319374767
55.202,138.36593901687172,-333.1275854202542,2.9446062757777156
55.242,138.56985434037898,-333.59471292970693,2.912800070745533
55.281,138.6414899513172,-333.77054122183415,2.901419131214908
55.321,138.75892720423565,-334.07925902707575,2.8823294981086747
55.362,138.86671664662356,-334.37933817308675,2.8652421909624195
55.405,138.96774228094176,-334.63694025255654,2.852813223606546
55.449,139.05152328455202,-334.8371844744988,2.8444881332114846
55.492,139.17877882528208,-335.14040592758937,2.8333018304639097
55.535,139.22459312410493,-335.25090660893585,2.82924586765958
55.578,139.30319609004786,-335.4516911393571,2.8211545394095197
55.622,139.41096479820692,-335.7381988361484,2.8080509842100128
55.665,139.4624912096321,-335.87453351180426,2.8010531467924125
55.708,139.55841954983845,-336.12544171196737,2.786457122714012
55.757,139.65734844129145,-336.3819416448406,2.7695962267571588
55.799,139.75533398105546,-336.63687245055036,2.7507090740001843
55.892,139.8602692131618,-336.9093047292409,2.728581820182484
55.932,139.96493218545908,-337.18027283445343,2.705012917385858
56.026,140.0695054675342,-337.44940951137687,2.6793455532504993
56.066,140.15969938625838,-337.6814953782531,2.65560182976958
56.111,140.27825617865648,-337.9880681367989,2.6220825893588824
56.2,140.4429788810872,-338.4151837456724,2.572161430002268
56.243,140.51207589796252,-338.59410762444753,2.5511087871262816
56.287,140.63787976997446,-338.91763332738645,2.51268619202159
56.432,140.75959285484439,-339.2330183987053,2.476310612385049
56.477,140.88693493824167,-339.5661630444577,2.4384455903628464
56.519,141.0124594720249,-339.8965009191731,2.4013869527146596
56.613,141.11262385357946,-340.1598799626668,2.37193927500158
56.655,141.26633813822474,-340.56489496966356,2.326728463040837
56.798,141.37604842272893,-340.8576778153432,2.2944651642149836
56.84,141.50089110091508,-341.18887417055265,2.26023752040237
56.886,141.63791388081765,-341.5485651643024,2.2267504785068013
56.928,141.77579370790642,-341.9121536267259,2.197831433858539
56.971,141.90958231549982,-342.2683232398433,2.174812111996289
57.114,142.02602330472052,-342.5787161373066,2.158622117760757
57.203,142.17799938058812,-342.9839736290882,2.1412561069861624
57.245,142.35012066490214,-343.44654177296377,2.1253886788800003
57.287,142.4783108972931,-343.7933265807837,2.1159556581502557
57.379,142.63380167170737,-344.21559363398046,2.1070468446915243
57.47,142.7977201556393,-344.6613574550321,2.0996575534556996
57.511,142.97096137263304,-345.13118170106924,2.0924936392932807
57.554,143.15658382253392,-345.63213850576363,2.083097149441045
57.596,143.29342184071226,-346.0013950619628,2.0740978713917286
57.736,143.47485705469194,-346.48914986266357,2.059248165281616
57.776,143.65386843587962,-346.9704851737786,2.0413790184249763
57.832,143.82421115361703,-347.43258177788135,2.021514838344814
57.881,144.00366894784537,-347.92083059986527,1.996476184460505
57.924,144.23578728391877,-348.549460954588,1.9571781413724239
58.038,144.33557206607298,-348.81986085065256,1.9388136118448358
58.129,144.51795114293208,-349.31493306825377,1.9041613256612777
58.169,144.6676819886084,-349.7196226803305,1.8752023459378506
58.21,144.83068330665603,-350.1596814675229,1.8431635615916377
58.314,144.9974746439044,-350.6125120770174,1.8093584634562774
58.358,145.19313839040632,-351.14321236900275,1.7688855575829052
58.45,145.3335902176613,-351.52166007440235,1.7397778549867269
58.492,145.5098128973022,-351.99563041362376,1.7046435883593745
58.533,145.6927353806587,-352.48635120333563,1.6702013361943955
58.632,145.8607322049914,-352.935548580435,1.6401680159722503
58.675,146.04341223266618,-353.42254857959364,1.608485231623206
58.827,146.22422765981307,-353.9018291945502,1.5783269940429818
58.868,146.29578655719396,-354.09185739100593,1.566690847445841
58.908,146.5733034696916,-354.82722394212743,1.5244058084313679
59.006,146.72842089943913,-355.23752857466764,1.5030216034171247
59.098,146.89175212163832,-355.67214813227275,1.482812312399119
59.145,147.0660577070646,-356.13652983992955,1.4655347539787726
59.235,147.24807652541887,-356.6198827210108,1.4535846215671882
59.275,147.40765328634305,-357.0454162988207,1.4481576920464931
59.317,147.57723981900318,-357.5001303490546,1.4474086189168247
59.361,147.75578255127994,-357.9810267792554,1.450277955625893
59.454,147.9234738939088,-358.4335970531288,1.454833602079816
59.548,148.07502806917205,-358.8413408139377,1.4603439761234824
59.59,148.33434758244152,-359.53750623628054,1.4684542919486034
59.683,148.44521318448793,-359.83430223014034,1.470451979271985
59.725,148.60307958082035,-360.25478376547153,1.4711569872017947
59.768,148.87227163168754,-360.9709254583674,1.4642088857790156
59.917,148.9689052104237,-361.2265671615981,1.458480638245021
59.967,149.1482551768735,-361.6975861201273,1.443576316963771
60.062,149.2899253637121,-362.06822568678643,1.4273207149096834
60.104,149.4892572699867,-362.585117497592,1.3961350932947312
60.146,149.60398906801,-362.8782943425593,1.3742556161188304
60.19,149.74696020938939,-363.24055318262435,1.3444456251010308
60.233,149.83219119127546,-363.45594649353393,1.3259692363535862
60.38,150.03817978258618,-363.975109112511,1.280622485676929
60.42,150.17945886175383,-364.3298003659973,1.249893401045341
60.514,150.34176583404724,-364.7408680991834,1.2152165358644424
60.557,150.50002505164912,-365.14835542715457,1.181170549918619
60.6,150.63796672208525,-365.50458390503854,1.1527364907316269
60.693,150.7978812590902,-365.9167395144212,1.1217746281573397
60.735,150.9607996226515,-366.33791718843395,1.091782226100122
60.78,151.09611267924922,-366.6879806330846,1.0662425001473537
60.922,151.24702670894095,-367.07711129271905,1.036701821877159
60.965,151.41183450784865,-367.5016979598133,1.0045676525903104
61.007,151.6426188569714,-368.09961617656023,0.9608871827022938
61.101,151.7362439365485,-368.34346390776574,0.944188405892362
61.143,151.90051949177484,-368.78363500738067,0.916038024006042
61.193,152.0406176045248,-369.17800336594496,0.8938852642079382
61.285,152.19250952809796,-369.6077185567436,0.8743440647820648
61.709,152.3567771422079,-370.0631677739959,0.8595159440574207
62.097,152.68218370534777,-370.9596323235529,0.8487240219084811
62.475,153.61369217445758,-373.26134226693694,0.9543196879319282
62.853,154.7366885867226,-375.60885607233075,1.1332148571069354
63.229,156.2132438816904,-378.744055844408,1.0687894148699115
63.605,157.5600669353982,-381.5293933635628,0.787927897672489
63.979,158.92412787807493,-384.2845499033047,0.657903378612815
64.36,160.14526667290033,-386.7827970483326,0.577045908946161
64.739,161.45267060888477,-389.4500884447372,0.4062585243604815
65.118,162.5978060020741,-391.78421842567576,0.3080497500934314
65.497,163.89256530497528,-394.46461016182735,0.24989588163700205
65.873,165.0573436612799,-396.88995972223614,0.1258746059750706
66.252,166.36416017457356,-399.5397051654661,-0.06875227406405315
66.634,167.4300179514746,-401.6771050638616,-0.19327669255255842
67.012,168.81340131232406,-404.5074718387931,-0.412037761613135
67.382,169.86466007455635,-406.6846162709736,-0.5775750716101982
67.762,170.98125325000564,-408.99068529130244,-0.6357256091956742
68.144,172.14684541875465,-411.6807708744689,-0.7474272484756455
68.52,173.0064576041712,-413.835810004248,-0.9324725231238631
68.89,174.08384549326257,-416.58584575254343,-1.1232049122936303
69.266,174.9280602268904,-418.8447623783251,-1.2926402336615297
69.639,175.7350015034712,-421.65164394909885,-1.570551369129646
70.009,176.1806913475176,-423.99953971268735,-1.7629580046146032
70.386,176.64847223826166,-426.97922612115025,-1.9394971094581308
70.763,176.99662864727983,-430.278400350861,-2.1822605525230756
71.146,177.56784148553942,-432.890389029568,-2.4511897366587903
71.527,178.32941018411088,-435.55013530482415,-2.6933229666743443
71.903,179.20183502338534,-438.3069000843095,-2.85375028001269
72.295,180.1451138679571,-440.89082874593726,-3.0371599746803497
72.673,181.19574261020279,-443.7715061436202,-3.3081543044584407
73.054,182.51791921715656,-447.022649726273,-3.869886981230195
73.424,183.24202077104894,-448.74414455294556,-4.339606599560966
73.795,184.2776934785463,-451.1456798840037,-4.913367174091462
74.168,185.34479680225826,-453.4800008896844,-5.230564114507189
74.537,186.8611804586621,-456.05447110478116,-5.540692974322155
74.91,188.20294764132248,-458.0488132434111,-5.84018857740179
75.283,189.6512892917215,-460.77546620702554,-6.352333690942913
75.663,190.89517291347573,-463.49117402551065,-6.976036969330011
76.031,191.75444232617093,-466.17124904185397,-7.786274681928234
76.072,191.88846526943775,-466.6676597540992,-7.943786703505793
76.113,191.92877176530325,-466.82174699974786,-7.99128088152861
76.156,192.03304317728748,-467.22255623623164,-8.11152741862702
76.198,192.18032920125668,-467.778741296464,-8.268113923996111
76.239,192.25793600229935,-468.0624492225752,-8.342117282788195
76.279,192.4178940200564,-468.6380755381419,-8.479808415165877
76.321,192.50051255617046,-468.9353150287654,-8.545687210569014
76.362,192.58921624617133,-469.2410425186281,-8.609557808061993
76.403,192.69041647740585,-469.5875632675365,-8.677274374466037
76.443,192.83365848047976,-470.09502246743193,-8.769156432994436
76.483,192.98315963297557,-470.6112415318007,-8.858690426837683
76.523,193.10214930704217,-471.00545816533537,-8.92648626892327
76.563,193.25211320389838,-471.4826304356706,-9.010709501554999
76.604,193.38952961746446,-471.9240665516088,-9.093161615560234
76.644,193.5444078638016,-472.4230356415087,-9.193541031253005
76.684,193.63671943290103,-472.72835838130595,-9.25917505193516
76.725,193.79144955933208,-473.26529135166896,-9.383729993023763
76.765,193.89626741216244,-473.67676946823576,-9.48619731407112
76.806,194.00728977797934,-474.17092113773805,-9.61608417134687
76.847,194.11959784824225,-474.6922797731961,-9.759170493225184
76.887,194.17270206738155,-474.9329733838933,-9.826962389397181
76.928,194.29940414664304,-475.47195324000523,-9.982897215314864
77.018,194.35736712823092,-475.70464410532986,-10.051336684855585
77.059,194.48035257229856,-476.18510900465935,-10.191918614488714
77.1,194.61017022717874,-476.6930742336123,-10.33410432552597
77.25,194.7269152098453,-477.159238417505,-10.453416618787259
77.292,194.83714115907782,-477.6088428688383,-10.555682237224175
77.334,194.90023684381907,-477.8696720208073,-10.6090903017176
77.429,195.01863964893278,-478.3334608122291,-10.694686073652974
77.473,195.085642381523,-478.5533190673129,-10.732857940430193
77.568,195.23276212902255,-479.06677314204444,-10.814133085527203
77.612,195.3262483392598,-479.3814190193263,-10.85931234588449
77.707,195.45752944376468,-479.8129808798791,-10.917093758165691
77.798,195.66111103355365,-480.4747816305903,-11.004034570622878
77.839,195.80135384861003,-480.9419705292993,-11.0700432714589
77.88,195.8720497440829,-481.18655544186817,-11.106009913804144
77.921,196.05870863813195,-481.8225311752486,-11.203647795284326
78.012,196.13360278517598,-482.07744532791406,-11.243904913189738
78.101,196.26596302023876,-482.5186954779383,-11.31520710798111
78.142,196.46347640052517,-483.12769542842216,-11.417204319107867
78.231,196.57023168473137,-483.4367604287716,-11.470509236228565
78.32,196.68923434215912,-483.7676924748019,-11.528165601815317
78.36,196.8873962484925,-484.2971246700266,-11.619007789004598
78.409,197.04413559582088,-484.6961663497811,-11.684728264180563
78.457,197.1640899871333,-484.9810996251901,-11.729592067045559
78.551,197.3658088804274,-485.4736791683331,-11.803117485134038
78.645,197.47702765794742,-485.7647428526593,-11.844815398823556
78.689,197.6413281505052,-486.18604626870535,-11.902752855637885
78.731,197.82577603564812,-486.6503336716246,-11.962713885891901
78.824,197.9803199221759,-487.0375473396528,-12.010350719064405
78.919,198.22855560129412,-487.65800917887253,-12.083213140879963
78.96,198.33163566400947,-487.91691803447856,-12.113716897302965
79.056,198.5433050455992,-488.450009902928,-12.178510764766713
79.1,198.73767189174663,-488.94131534414174,-12.240579858866226
79.148,198.89507537978068,-489.3375309295405,-12.290711566958038
79.203,199.0497189415941,-489.72457956387433,-12.339341716446313
79.297,199.19747845955226,-490.09271691954933,-12.385765567074657
79.339,199.32910016435594,-490.4200691390572,-12.427110779057017
79.439,199.51253853337312,-490.8790438648124,-12.486841727328652
79.534,199.67474336401062,-491.28775800426087,-12.542614523411146
79.583,199.79634633071004,-491.5978044719071,-12.585724561003644
79.626,199.9155281752889,-491.90295706631514,-12.628368852404037
79.77,200.15824020624228,-492.5210759457655,-12.71252545429482
79.813,200.25598663006224,-492.76968837691936,-12.745177550300298
79.855,200.4571115864557,-493.2789303743563,-12.810425526434955
79.946,200.55582906149573,-493.5266399700088,-12.842890406953728
80.05,200.75527789345284,-494.0216774474204,-12.91076144337572
80.092,200.965073394836,-494.5438838483647,-12.990274407727412
80.135,201.05779891902853,-494.7740726181688,-13.028016259028533
80.232,201.26785291267265,-495.29187508698726,-13.11750822773979
80.33,201.43335586546073,-495.6972352499865,-13.189837855748408
80.373,201.52623268738404,-495.9226620052784,-13.231144815931458
80.415,201.74857632167289,-496.46197923617973,-13.333718331887184
80.463,201.86862062902034,-496.7514105604675,-13.390267182598421
80.511,202.01079403981845,-497.08784974919695,-13.456756807442702
80.601,202.2180980952085,-497.5791068788107,-13.554407491555992
80.692,202.33670047951387,-497.86111875462194,-13.609639594662724
80.74,202.5100370009983,-498.25922523395394,-13.68556063504289
80.832,202.7264936903441,-498.73440324640006,-13.772867865409125
80.878,202.86356644699697,-499.02083886548104,-13.824262784024256
80.918,202.9854448847006,-499.26204958639454,-13.866775443098078
81.014,203.31917406125717,-499.87296723139303,-13.965383165973037
81.058,203.4867757322217,-500.1577596017331,-14.006584064899585
81.262,203.82936845643303,-500.70370423377096,-14.075925670236614
81.31,203.97306848315807,-500.91849596798636,-14.099753983759427
81.354,204.15530609997046,-501.1786853086903,-14.12663945302387
81.398,204.4134303180801,-501.5500905501214,-14.163409621887467
81.441,204.77270829077287,-502.08940938741307,-14.218794804036293
81.484,205.03946099803937,-502.49183965781606,-14.264773648796591
81.528,205.18814117136094,-502.7153907033163,-14.291648472762802
81.737,205.5186813140603,-503.2192580643832,-14.355319342379289
81.78,205.72482857714098,-503.53516512008974,-14.397083917095188
81.825,206.12130584485274,-504.1413605608921,-14.480791455725779
81.867,206.28167836515132,-504.3838056431125,-14.515843466323133
81.964,206.62026697248666,-504.8965803031685,-14.592456070142902
82.007,206.91628964545748,-505.3482733222123,-14.662316498539496
82.052,207.07475964614807,-505.5934409753552,-14.701235957737225
82.098,207.36673359584347,-506.0466426762355,-14.770869457025327
82.195,207.54358917286015,-506.32416557859636,-14.811587376163374
82.239,207.83721192751506,-506.7900837853061,-14.877659073730285
82.286,207.9641060762998,-506.99881801992547,-14.905691128755478
82.381,208.24413894249457,-507.4538062339934,-14.962765416744332
82.426,208.45069023653713,-507.78891220924953,-15.002527095732262
82.475,208.67853572151992,-508.16069247215614,-15.044853430812935
82.566,208.9160331096756,-508.55469617583486,-15.086600958914943
82.663,209.2118912715202,-509.0537025686805,-15.135328901375118
82.705,209.5034922116908,-509.5517493270726,-15.179769876380277
82.746,209.64194890289292,-509.78798390683016,-15.200823305689568
82.841,209.9578594279396,-510.3284165485503,-15.251490777582262
82.934,210.14346385540628,-510.65433418445485,-15.285303166761992
82.975,210.34776801081682,-511.0039870758467,-15.324827466505354
83.016,210.73041860831864,-511.6682831734418,-15.411552505054175
83.111,210.8656515353362,-511.90527766153645,-15.444889750171143
83.206,211.19972702356515,-512.4887668640615,-15.533433654335909
83.3,211.41077989372482,-512.8625522077202,-15.594837110115577
83.34,211.62147092132295,-513.2329985661612,-15.659270810318333
83.388,211.7324055903485,-513.4209168124345,-15.692710552586249
83.48,211.99720519642665,-513.8701217258835,-15.773402722863409
83.573,212.1867353126637,-514.2006182897564,-15.832451051727958
83.614,212.28516615596448,-514.3781926981868,-15.863589823049097
83.707,212.51405468595664,-514.8084324622747,-15.935870328214833
83.748,212.64237673462858,-515.0420433366656,-15.972207254067456
83.79,212.74956424641363,-515.239928200626,-16.00186267536779
83.89,212.90800285422446,-515.5493353862176,-16.046571003710056
83.936,213.049792627248,-515.8168960098359,-16.084125473130598
84.031,213.09154353741457,-515.891829208557,-16.094608264477188
84.074,213.23374316570784,-516.1429888908976,-16.130342603336544
84.274,213.31881620052906,-516.2924799084082,-16.152674801215568
84.315,213.35949461980954,-516.3638805754498,-16.163736523195723
84.356,213.4467541439012,-516.5152216056439,-16.18823353030126
84.397,213.4857698100487,-516.5870541512695,-16.200384281641362
84.44,213.55017981352333,-516.7203895720253,-16.22210736753263
84.48,213.58360077842138,-516.7903501535615,-16.23295721487105
84.521,213.63681376735923,-516.9016566170056,-16.249443810856263
84.615,213.70926906355163,-517.0541027610992,-16.270437103019702
84.658,213.74327324924877,-517.1263164322539,-16.279797125715874
84.747,213.8045274150099,-517.2580865719722,-16.296035645089518
84.839,213.86090081174552,-517.3807899258171,-16.310509617497587
84.879,213.89319235279098,-517.4525268103041,-16.318855745340528
84.972,213.95020131844015,-517.5804119758154,-16.33345597735712
85.021,213.97684667165714,-517.6409870667105,-16.340393174455983
85.072,214.03110513159237,-517.7643362226802,-16.354931015369914
85.163,214.09792080970448,-517.9097769801274,-16.373546272128152
85.256,214.1525422063855,-518.0280374159271,-16.38971528826852
85.299,214.22202860306783,-518.1794027109884,-16.411184124341645
85.392,214.29173537940693,-518.3315907285022,-16.433240132974362
85.432,214.3785185914258,-518.5216470920165,-16.46108781438079
85.473,214.43588102675858,-518.6476713897182,-16.479594930118736
85.615,214.51752102805762,-518.8267021342926,-16.50587332813774
85.656,214.60328462482727,-519.0152060604041,-16.53331514994929
85.744,214.67834706265774,-519.1807661439911,-16.55706451870529
85.784,214.771829861044,-519.3854581161794,-16.585607497182252
85.825,214.88371626758158,-519.6295320471863,-16.618258208631005
85.917,214.95893739840704,-519.7938069333571,-16.63949554441379
85.958,215.06226842986223,-520.0197889407239,-16.66776739713967
86.051,215.16273021610573,-520.2395641104806,-16.693911611138702
86.197,215.288527974312,-520.517037687825,-16.72412951297997
86.246,215.40681505634973,-520.7803323424214,-16.750257645417378
86.287,215.50909953076618,-521.0095627221485,-16.77201331939449
86.378,215.66075547635663,-521.3513667315874,-16.80377087016646
86.418,215.76708448794324,-521.5912776014038,-16.825938037823903
86.512,215.92152266415988,-521.939854765324,-16.858398191561548
86.555,216.03199952182598,-522.1875047224305,-16.88232992797657
86.605,216.17688892842287,-522.5111056825208,-16.914780462164202
86.647,216.3330051931691,-522.8587180039264,-16.95098798180186
86.749,216.476108527571,-523.1770537730254,-16.985005386932556
86.843,216.6359316499059,-523.5314926432515,-17.02392579449031
86.886,216.7844371289479,-523.8615993097727,-17.061677724852103
86.938,216.96428591396253,-524.258106336607,-17.106981114487894
86.978,217.16490844811997,-524.6982940206326,-17.156552145016008
87.074,217.3106926889115,-525.0161099065989,-17.192646658030384
87.165,217.4700118249974,-525.3637967349677,-17.232650004190475
87.21,217.67898249141496,-525.8188517391442,-17.285340824890625
87.254,217.82261280495135,-526.1319023935541,-17.321721044906923
87.352,217.98343947748202,-526.4851387782799,-17.3630617208062
87.446,218.16111094126404,-526.8782845377467,-17.407574180137203
87.488,218.22851585802698,-527.0279819572328,-17.424032627843673
87.585,218.51749634591454,-527.671433288513,-17.49317642805562
87.627,218.7110472720197,-528.0971694160229,-17.540929398805787
87.724,218.93787077744358,-528.5961535727989,-17.601066251666737
87.765,219.10457246715782,-528.9636320037298,-17.647090804213377
87.808,219.3188243300897,-529.4351720347224,-17.709625915840007
87.9,219.38535822669036,-529.5834515148887,-17.730384090384035
87.948,219.65004687551868,-530.1786787963804,-17.818760818668125
88.041,219.84179183699976,-530.6065052661621,-17.888732952857538
88.139,220.0820694408946,-531.1417094794365,-17.984323483890677
88.231,220.19290483012497,-531.3856470204338,-18.029663027327643
88.321,220.3909636601129,-531.8153240280881,-18.111065597685496
88.36,220.54070858334825,-532.1340656239112,-18.17274748637186
88.4,220.7844095482926,-532.6476942583503,-18.274801235024057
88.44,221.01834365663296,-533.1328166509008,-18.373360126028984
88.532,221.1335785300297,-533.368781251518,-18.421379563369584
88.573,221.42664688182714,-533.9601119967948,-18.539179980030468
88.664,221.64225886534038,-534.3843086950172,-18.618036608860933
88.706,221.86959437006973,-534.826754130419,-18.694572915192055
88.8,222.04291551778192,-535.1584948493991,-18.748797079673437
88.84,222.3318656176893,-535.6998578664258,-18.833336673682368
88.932,222.42474725575624,-535.8751606713471,-18.860266388464908
88.972,222.76400893789904,-536.519526189947,-18.960404126085564
89.012,223.05986684504524,-537.0733700033844,-19.047908812640742
89.16,223.27505972776282,-537.4731604399668,-19.111805731201173
89.2,223.49537117178178,-537.8790167180223,-19.176923609588727
89.295,223.67513069414485,-538.2081216685707,-19.230317969338984
89.337,223.79110951502963,-538.4231095419441,-19.265658089492206
89.429,224.09117314576957,-538.9804447401983,-19.357642442933127
89.47,224.20948594481368,-539.2001679917289,-19.392647286921147
89.512,224.51128157457015,-539.7578814396846,-19.475189468330967
89.606,224.70442748682342,-540.1172789223954,-19.523532552705433
89.646,224.92770103823378,-540.5417569753018,-19.575305693718832
89.741,225.2033577226471,-541.0697812104664,-19.630891556679586
89.831,225.367968876539,-541.3880543827914,-19.660598552199616
89.875,225.59028936102982,-541.8176033117082,-19.697729241314363
89.925,225.84979600962572,-542.3076094219203,-19.73357583748907
90.017,226.0385076079984,-542.6628787541516,-19.75577947579393
90.06,226.26371578720597,-543.0926958805313,-19.780666979332807
90.155,226.51597272376398,-543.5807103517029,-19.810512960988007
90.196,226.70846826447786,-543.9542290402268,-19.836092430918256
90.298,226.97957136051633,-544.4782465233552,-19.87741843081659
90.339,227.17768962691315,-544.854459564455,-19.910442829685337
90.386,227.39628315416195,-545.2647913786958,-19.94760125616412
90.43,227.6785704746233,-545.7964440168884,-19.998127368521892
90.575,227.8863932234309,-546.1944778894288,-20.03980741639114
90.616,228.10740022818078,-546.6175578004932,-20.08745822560377
90.715,228.34260426109603,-547.0694993233399,-20.14141712310851
90.756,228.57828976632763,-547.5217491374517,-20.198072536211015
90.797,228.79454903692823,-547.9373656612516,-20.251026605212132
90.889,229.02247835126178,-548.3771943048168,-20.308115411566888
90.978,229.2899470575798,-548.8976704475551,-20.376425803990116
91.019,229.46147104890073,-549.231895560661,-20.418877605255744
91.067,229.6886028691746,-549.6772021110064,-20.472113091534
91.161,229.89505477546334,-550.0857024204298,-20.51732366779129
91.206,230.13849327953236,-550.5733746245593,-20.567167576188154
91.308,230.26023084072455,-550.8251647518489,-20.591259916468175
91.402,230.58679496806894,-551.4923516880476,-20.650888072612986
91.442,230.75618254031863,-551.8345285060639,-20.678388925052417
91.641,231.02910617088688,-552.3836524573741,-20.717796663765455
91.682,231.25884203214176,-552.8495959456359,-20.74916655539886
91.724,231.45729492056114,-553.2532596353043,-20.77650277796164
91.765,231.67223315160462,-553.6898291602608,-20.807339874734424
91.808,231.88941298253116,-554.1307999200169,-20.840026503362594
91.849,232.0620290985006,-554.4796399305368,-20.8668317394214
91.89,232.32773435513616,-555.0125096227658,-20.907305477445163
91.984,232.49163318369455,-555.3439169983733,-20.931827765614685
92.031,232.7406271185596,-555.8472180096562,-20.970194072200258
92.125,233.01719725909953,-556.4022066148684,-21.016593827059182
92.235,233.22698987598517,-556.8229680771813,-21.05481118815743
92.283,233.43215340523574,-557.2355087214312,-21.094353731217865
92.327,233.71296056737464,-557.8041298836595,-21.15244062117739
92.37,233.9731299694326,-558.333422106932,-21.207128386727504
92.46,234.15555259580051,-558.7060338125925,-21.24639959012825
92.502,234.3909877234641,-559.1863561944211,-21.298715736238023
92.591,234.521971466619,-559.4476369519227,-21.328080165342698
92.73,234.87674312205962,-560.1182683493078,-21.405275473309075
92.771,235.08535785198183,-560.4944612732357,-21.44889280378524
92.811,235.39322262800127,-561.0650205390091,-21.51464809958364
92.855,235.6238726263818,-561.505931723468,-21.563752320562173
92.896,235.8771997647295,-561.9945945647602,-21.616336169985658
92.986,236.1800101771411,-562.5685563942604,-21.676734166634702
93.075,236.33118372135854,-562.8515893326246,-21.70711859411952
93.118,236.63458239228535,-563.4201742528725,-21.76822804579956
93.213,236.7291114154092,-563.6020680871476,-21.78801938536722
93.253,237.13417264527095,-564.4079294106366,-21.875294460822857
93.344,237.34360833248124,-564.8147305222102,-21.91750698774746
93.385,237.63492464510335,-565.3810659150294,-21.978425506538485
93.474,237.86552028612573,-565.8230761649016,-22.027027224273212
93.564,238.0550004632762,-566.1810695353097,-22.065163426367633
93.61,238.28918771451208,-566.6248014482223,-22.11101039405301
93.653,238.54620803811468,-567.1175775538622,-22.15661112107128
93.747,238.73161739841362,-567.4808240788095,-22.18518621713625
93.787,239.0059514570674,-568.0335672482387,-22.224420583752163
93.878,239.18417283749335,-568.3876697205918,-22.24940900172669
93.971,239.41085995370128,-568.8293870365104,-22.27762324241948
94.014,239.63318838991833,-569.2631326280169,-22.302288560228845
94.106,239.88432956046773,-569.7591576621504,-22.32467685996835
94.157,240.11735271351006,-570.2290872872263,-22.338174756499512
94.249,240.36739782612506,-570.7431804923908,-22.34877284607188
94.29,240.59363948326254,-571.2006655990068,-22.360813412523527
94.382,240.8829967700283,-571.7777023695072,-22.38217408904717
94.422,241.1407937327677,-572.2902363002404,-22.40630958698941
94.564,241.32460992293875,-572.657247777884,-22.425172188996072
94.606,241.56664809934733,-573.1459983747407,-22.453529228907087
94.645,241.87161108514806,-573.7651516324851,-22.49700387810043
94.689,242.0245697876707,-574.0774131752862,-22.52321655872126
94.784,242.266631811932,-574.5757247308237,-22.570845509505062
94.825,242.4787659198936,-575.0085421165032,-22.615450359735462
94.875,242.72614564411217,-575.5115281807467,-22.669658886982347
94.969,242.9702488604694,-576.0104120634466,-22.72734348274932
95.01,243.18208739355504,-576.4447353472369,-22.78083774470207
95.151,243.37746752190188,-576.8460286542296,-22.831307385306104
95.191,243.5921572970688,-577.2841163213624,-22.88667540013492
95.282,243.7708064696987,-577.6493916254839,-22.932228734011034
95.325,244.00803481529977,-578.1541009271817,-22.991769258633184
95.42,244.2167741145756,-578.5972698932142,-23.038558441499134
95.466,244.43749155002615,-579.0519914457817,-23.084242636605637
95.558,244.64108320056346,-579.4720547281415,-23.1255442984465
95.598,244.81658620384752,-579.8308209846718,-23.16073272237125
95.638,245.08561278032732,-580.3970431332713,-23.219681720006633
95.727,245.2361375253115,-580.7281640764311,-23.256157220624033
95.775,245.48345737090023,-581.2518728006179,-23.31333777575645
95.815,245.7250225549334,-581.7542227607364,-23.368090744096037
95.908,245.88372150706053,-582.086127944316,-23.404083222723898
96.055,246.13865141947485,-582.6181710354758,-23.458286471554004
96.095,246.36033320965,-583.0794194574152,-23.501164019691316
96.187,246.51870433180892,-583.410143334508,-23.530219335671973
96.231,246.7742771660955,-583.9522077929241,-23.580011142172737
96.273,246.9610938609723,-584.352888723951,-23.620020436853252
96.316,247.19896567275518,-584.8694481493302,-23.67472731860707
96.367,247.3700460238429,-585.2525605079254,-23.71618572218631
96.457,247.60186979159096,-585.8026453822349,-23.780378061068433
96.645,247.78636616435944,-586.2488676988129,-23.834510847222816
96.736,247.94378923567206,-586.6339430272183,-23.882496867656585
96.776,248.16382015769742,-587.1724534775732,-23.951937307169487
96.816,248.3392539381954,-587.5935118264657,-24.006821390807062
96.86,248.53265236194562,-588.0590331391179,-24.066152152764943
96.901,248.71852544233704,-588.505410091894,-24.118955055250268
96.942,248.883774990098,-588.898082109991,-24.158447515751277
96.982,249.06510836359323,-589.326497343862,-24.193239253170674
97.076,249.24657753200958,-589.7625789901971,-24.222362377175102
97.169,249.41218515470985,-590.1579407051121,-24.244441112387307
97.212,249.59192234837332,-590.5873846821141,-24.265072546598248
97.253,249.78847316462551,-591.0587870409346,-24.2843578034786
97.349,249.97809034743796,-591.5176470007979,-24.301565163203293
97.396,250.13388864243382,-591.8999717990492,-24.31556436125547
97.498,250.32605120541015,-592.3686329875267,-24.334425407394747
97.544,250.55865318730525,-592.9321434573765,-24.366922270509463
97.645,250.7309306187007,-593.3475641083237,-24.400801741119096
97.697,250.9588433399519,-593.8898888621986,-24.458848364023368
97.741,251.16100829472003,-594.3716945832977,-24.523399305929985
97.848,251.40481611574586,-594.9510603147808,-24.615338569441292
97.895,251.58627939819627,-595.3780391678094,-24.6925144189199
97.951,251.76922018874006,-595.8101344767325,-24.7774649556076
98.049,251.96309781433564,-596.2686508844993,-24.87312847247449
98.094,252.13696969751106,-596.6836583766046,-24.962549723923757
98.14,252.29531316383535,-597.0638261394618,-25.044239288978446
98.198,252.5078167362933,-597.5758257690835,-25.149688626058804
98.354,252.69613086401966,-598.0374048762286,-25.23725556872003
98.399,252.8202729863857,-598.3502521123146,-25.29084814723865
98.5,253.02770799567503,-598.8790666438812,-25.368779833321696
98.545,253.21843092763024,-599.3498947817692,-25.428165781434075
98.589,253.3602262871263,-599.6924957649945,-25.46738699264668
98.688,253.55449285012799,-600.1581619241277,-25.517374589980534
98.733,253.62668656913365,-600.3323442840639,-25.53600137445582
98.832,253.94923004379757,-601.102336101497,-25.62207320964515
98.877,254.15250247559962,-601.5769984532192,-25.685627370335794
98.926,254.3653378383812,-602.0685055692753,-25.762205302856245
99.024,254.56484367345533,-602.5221305998026,-25.843381621983923
99.073,254.7871937491887,-603.0317512593176,-25.945862581347598
99.126,254.9706549804664,-603.4587153640799,-26.040024681530042
99.176,255.21590005292308,-604.0370345321838,-26.178317495385045
99.275,255.37798006455665,-604.4194289445643,-26.273422477485923
99.392,255.57491605309224,-604.8868913954652,-26.39159119327789
99.431,255.77833644433537,-605.375627452195,-26.514413342619235
99.473,255.951533219008,-605.8074872413274,-26.62053326186458
99.563,256.1527520748243,-606.3219592163747,-26.740163233021804
99.605,256.2744518581612,-606.6532963102079,-26.810713298211425
99.645,256.3930346151579,-607.0016293578379,-26.876914828107886
99.791,256.5513620345426,-607.5005260038363,-26.957605053628583
99.84,256.6605534534188,-607.875937811558,-27.009671774733533
99.981,256.78704194795773,-608.3837369703047,-27.07256420165436
100.022,256.88894323791163,-608.9078935998641,-27.13219437342252
100.062,256.9393041702927,-609.2399887995299,-27.16865186227571
100.156,256.98932046334386,-609.6651375238831,-27.213815324504935
100.201,257.02344760676385,-610.0957629013062,-27.257771236343387
100.297,257.0387240143257,-610.4848187230937,-27.296593507330044
100.339,257.0457122299891,-610.9809310060119,-27.3440036218106
100.381,257.07247132711916,-611.3444461530721,-27.372890163475176
100.424,257.11349018334636,-611.7175727016066,-27.39522976862912
100.62,257.1817094238089,-612.241046958341,-27.413928614879268
100.662,257.22316898679884,-612.6669598030757,-27.424756990442063
100.704,257.2201054973337,-613.1406959647841,-27.442659639146115
100.745,257.2068799373259,-613.4970759092982,-27.459925675780624
100.848,257.1974664960309,-614.0109538591068,-27.490082906367803
100.891,257.2035976912297,-614.4238181902814,-27.518885069869356
100.936,257.22310897088676,-614.8574528103833,-27.552399205488314
100.978,257.2585287315182,-615.3391787117198,-27.590943715108693
101.021,257.29987857348453,-615.7546017270898,-27.624891790853383
101.115,257.35875135959975,-616.1988665021473,-27.662608952559708
101.16,257.42562157757254,-616.6966254854942,-27.706783810142213
101.205,257.46573457839645,-617.0432923597758,-27.740048788195367
101.248,257.53055000515894,-617.4936434176484,-27.786296861234774
101.344,257.6193348675834,-618.0216433951983,-27.843954108869127
101.442,257.6989540411887,-618.4681959104428,-27.89599073044471
101.488,257.7714631014402,-618.8486713714866,-27.944383751458815
101.686,257.90676036177837,-619.5137343423957,-28.03810397199703
101.727,257.98351786178705,-619.8684763163922,-28.09283711922467
101.769,258.0735696509545,-620.2599050832965,-28.15876480772357
101.815,258.2143515563773,-620.8412547105239,-28.264997514377995
101.856,258.3246037484033,-621.2868369041383,-28.352861453168543
101.898,258.4665904485195,-621.8453107036837,-28.47389356534424
101.942,258.5705357357035,-622.2428374107873,-28.56704906624708
102.036,258.6847630466026,-622.6764338493937,-28.6736561480362
102.079,258.80752037413777,-623.1339948190526,-28.792713888637138
102.13,258.9287844299947,-623.5809917881103,-28.913458085973758
102.226,259.07147065174524,-624.1025447941431,-29.05928914318301
102.321,259.17354327859925,-624.4766815803233,-29.167475110997657
102.361,259.31471697073044,-625.0074222899474,-29.32396506071632
102.455,259.41732883944576,-625.3715223763036,-29.432438162795904
102.546,259.56434579545,-625.8205123684671,-29.568679485303505
102.587,259.6516067950779,-626.0642127178116,-29.644540340391018
102.679,259.88841007992465,-626.688660298491,-29.846525744309986
102.721,260.06551489985236,-627.1260566089552,-29.992635389976016
102.763,260.24622898319626,-627.5573887827421,-30.13789949781659
102.865,260.4199179685806,-627.9530017104096,-30.26974340608365
102.956,260.6052341886489,-628.3552294557705,-30.401082800369124
102.997,260.80080128752456,-628.7629570167572,-30.53109059571318
103.095,260.98031158969127,-629.1202439808199,-30.64189291161557
103.138,261.1394747154078,-629.4265637759265,-30.733323306547106
103.235,261.2453946334955,-629.6274024040482,-30.79122598644858
103.279,261.55825692095425,-630.2056779344576,-30.942043942448947
103.332,261.7557608236864,-630.5661899110739,-31.019966245223827
103.416,261.9426959452674,-630.9056157343325,-31.081364634422187
103.457,262.1268097133269,-631.2471370957797,-31.13465586047309
103.553,262.32207393721717,-631.6088903582043,-31.18129310065291
103.936,262.55184173087224,-632.0275368343965,-31.22476477758846
104.316,262.7070688533505,-632.3122242074012,-31.25113967905162
104.693,263.79967361465197,-634.3192755760073,-31.379368164423283
105.073,265.1113469261885,-636.7385015086004,-31.636460382252665
105.454,266.4791698255454,-639.3069253938321,-32.07370633791987
105.835,267.55964646957807,-641.3856345186543,-32.45912320383968
106.215,268.96615271680963,-644.1073360564368,-32.859928903092396
106.594,270.20234450810915,-646.4971212771857,-33.12306920332486
106.974,271.2572975451378,-648.5535962259383,-33.328594037109156
107.355,272.6500990178042,-651.2879541915502,-33.55952912427773
107.732,273.6199721209871,-653.181572717007,-33.70819735365376
108.112,275.5959397606583,-657.01973911904,-34.079113484084445
108.49,276.5150272660668,-658.8108202438015,-34.29356119385184
108.87,277.77262514948956,-661.3065077232287,-34.596235889078
109.249,278.77405162747584,-663.318469332756,-34.84362893655518
109.63,279.95103574311196,-665.679937883039,-35.07498970585283
110.009,281.04919024216304,-667.8334173346656,-35.234622189207215
110.387,281.66269549659756,-669.0332452398377,-35.33254523755306
110.767,283.4296319931277,-672.4254143847804,-35.58698169256712
111.145,284.5099918094228,-674.5644690328867,-35.606828972696405
111.523,285.89983421249315,-677.3099871259599,-35.74587902275607
111.899,287.04413794805066,-679.5489563067383,-36.06586311661749
112.285,288.4453493536528,-682.3014252605484,-36.57416419680254
112.328,288.6345300421366,-682.6744801483432,-36.63692364478368
112.37,288.8719475236854,-683.1402554410413,-36.71211735203255
112.412,289.0925455821292,-683.5729201242851,-36.780037249708414
112.455,289.301462902764,-683.9841983737484,-36.84256469202933
112.5,289.5436550657886,-684.4614802325519,-36.91301123360407
112.546,289.7750568443015,-684.9161954847949,-36.97893251854049
112.591,290.0396732274267,-685.4362169474521,-37.05318938005786
112.635,290.28109154170977,-685.9097082481978,-37.120542897065036
112.68,290.5149236912913,-686.3675722327368,-37.18573820757794
112.725,290.75436201106913,-686.8349062816056,-37.25335505980718
112.768,290.97463537050567,-687.2638980436992,-37.316640056248445
112.812,291.24648856829947,-687.7950697375973,-37.39554028495894
112.858,291.4463188137915,-688.1876578640588,-37.45395469541617
112.905,291.66220313753763,-688.6150946579477,-37.51717124465898
112.949,291.88925242373796,-689.0681976947563,-37.58318536071124
112.997,292.1283591523331,-689.5454009791947,-37.653409030314094
113.043,292.328489118221,-689.9439804570256,-37.7136485057938
113.089,292.60518009130305,-690.5016931201449,-37.79530178685951
113.134,292.8654454855373,-691.0271707275347,-37.869977695498335
113.187,293.0418773429948,-691.3847988223023,-37.920007527768576
113.567,293.27393080148875,-691.858848667529,-37.985429138902305
113.949,293.9814713745349,-693.3018398197921,-38.18334854858131
114.33,295.3856007887842,-696.1312900618319,-38.501236521851695
114.71,296.9176514008873,-699.175397078508,-38.87011609706798
115.091,298.0656152649027,-701.4348917187261,-39.375278228898594
115.468,298.5908483946488,-702.4621883586985,-39.67694050341157
115.847,299.99530849395916,-705.3427943665752,-40.32330043260498
116.224,300.9314937850869,-707.3184629937231,-40.574780688626106
116.603,301.8686958481942,-709.2728259043278,-40.77919845213938
116.982,303.0511930655326,-711.7116191287665,-41.143951857091395
117.364,304.09466057556017,-714.1383254124728,-41.69252889745371
117.744,304.7001809846163,-716.1005681119001,-42.095025175990145
118.125,304.7691404129164,-717.9247060307029,-42.40529713086289
118.504,304.5834405708947,-720.0160230418118,-42.72002678179035
118.585,304.42788250139205,-720.7982671584884,-42.83982530378694
118.627,304.38462386408236,-721.0414864262661,-42.87892449918428
118.669,304.3461572403127,-721.3004496289628,-42.922360030743675
118.711,304.2989598216245,-721.7506047486277,-43.000780352263064
118.754,304.2824140804245,-721.9797493269087,-43.04017731424648
118.796,304.26841236835753,-722.2921671090284,-43.09201496259334
118.84,304.26554504849736,-722.6888384155673,-43.15384146614451
118.883,304.27234354448217,-722.9262061001248,-43.18811164574288
118.927,304.29128105829216,-723.2492118700158,-43.231713808294444
118.97,304.33047352857005,-723.7126920665415,-43.291113856657205
119.014,304.3715449854406,-724.0581953935757,-43.33479365890031
119.057,304.4080256317795,-724.3217444581597,-43.36823312838288
119.1,304.47269135501705,-724.7871710466968,-43.42597850707125
119.143,304.53887544543295,-725.2179560087819,-43.476367505371
119.186,304.57380935255554,-725.4232712824083,-43.499814760678134
119.23,304.6266186193602,-725.7322196047614,-43.53463023994681
119.273,304.7043390713275,-726.1566948775813,-43.58219374557456
119.317,304.7768822557355,-726.5329434339817,-43.62423571720336
119.363,304.8605443951029,-726.9456921303639,-43.66945868053415
119.406,304.97028276619085,-727.4682320377703,-43.72653624393769
119.452,305.0175102836801,-727.6839584455465,-43.74963003656649
119.495,305.14977701560247,-728.2609672048629,-43.80986733936339
119.538,305.20089135177454,-728.4734590571958,-43.83173434291916
119.583,305.2767887200155,-728.7790015610223,-43.86341484617469
119.627,305.4173259824397,-729.3224364253442,-43.921162502984714
119.672,305.4886482876603,-729.5925696606577,-43.94886073526493
119.765,305.5872410156851,-729.9687019549897,-43.985395890901714
119.86,305.72549152837263,-730.5024365726763,-44.0351104477802
119.905,305.8045813138506,-730.7985976229313,-44.06182451792694
119.947,305.9110418835631,-731.1938376446644,-44.09631431576395
119.994,305.99959875649563,-731.5164206160682,-44.12488055940736
120.048,306.19048735404556,-732.196236620053,-44.194350653349375
120.133,306.2617949596206,-732.4473832384818,-44.224557757426055
120.178,306.36170951193486,-732.803732177486,-44.27094241290547
120.273,306.51934172016627,-733.3696629894664,-44.354464876977204
120.316,306.6052601085353,-733.6875377119858,-44.407789107501344
120.425,306.74485284406995,-734.2205541414427,-44.50849305861004
120.467,306.8617793131768,-734.6697165227819,-44.600813158078324
120.562,306.917186920311,-734.8778948951068,-44.64531216938656
120.606,307.0172146721223,-735.2482870913146,-44.72696352736597
120.652,307.15927776916465,-735.7541277825804,-44.84347922204188
120.758,307.2183625276781,-735.9623899121433,-44.89332450260423
120.811,307.375949537965,-736.5181667990702,-45.03136223155258
120.855,307.43219824929105,-736.7187641987987,-45.081554512128946
120.954,307.5306855086932,-737.0733340308989,-45.16930236735914
120.997,307.68509009184476,-737.6115091373401,-45.29408642931878
121.05,307.7472071944443,-737.8214914187351,-45.33898064987392
121.146,307.9091615908122,-738.3583907704907,-45.44513911584187
121.188,308.0080021430512,-738.6764493874297,-45.50426982005433
121.241,308.127702051799,-739.0519116757505,-45.571024902101385
121.345,308.2759443152998,-739.5078971695298,-45.647599948395964
121.497,308.33163309726285,-739.679624446964,-45.67496681539109
121.539,308.4984073299806,-740.1928046949542,-45.75288627273579
121.58,308.5911845690688,-740.474907698036,-45.7936584961634
121.623,308.7416458605171,-740.9282711266064,-45.85610028124114
121.666,308.8689935028153,-741.3121926247716,-45.90594350894452
121.707,308.96518001334937,-741.6004111028676,-45.94232081019385
121.803,309.1502685827221,-742.1466234343823,-46.00808036202005
121.95,309.251565330449,-742.4418416634275,-46.0423563760429
121.994,309.462452460212,-743.0445188718704,-46.112905429669524
122.037,309.5758690780684,-743.3627511859229,-46.15210389377819
122.079,309.75125441088335,-743.8503491445994,-46.215083321078
122.123,309.920350581527,-744.3175992212692,-46.27841364888735
122.219,310.03885332061196,-744.6438036223751,-46.323750822511784
122.317,310.21844887156294,-745.1387103406132,-46.39403578958354
122.359,310.3840149068992,-745.5970044272824,-46.461730920845184
122.403,310.5222885867461,-745.9735252993013,-46.52114295143997
122.508,310.6478399303551,-746.3115652141072,-46.57836067066887
122.551,310.7639615642373,-746.6230002615173,-46.63403139114905
122.594,310.98561303168924,-747.215955243272,-46.74650925620949
122.696,311.1032015708073,-747.5325185764035,-46.807083805122886
122.792,311.2321561024991,-747.883882689961,-46.873311444667934
122.833,311.4475720356513,-748.4828557783711,-46.98499531735695
122.927,311.63325536135477,-748.9934735067055,-47.082176186362574
122.97,311.808802993398,-749.4704203913816,-47.17832013498753
123.063,311.91111563483076,-749.7474502710548,-47.23690100603994
123.107,312.09261122700457,-750.2405888471563,-47.34466541233934
123.149,312.27306063859214,-750.7429853992128,-47.45233577778606
123.296,312.40009836486934,-751.099812580116,-47.526024282970525
123.34,312.5492071533456,-751.5180664522859,-47.609437331163576
123.437,312.6850953523316,-751.8935785577319,-47.68353980030099
123.479,312.8683370393742,-752.3929723117476,-47.783454880585396
123.522,312.9908369362522,-752.7235650341074,-47.85080458845374
123.565,313.1770700426091,-753.2234095003815,-47.95392598144906
123.724,313.3352803945339,-753.6529471990276,-48.041272721497194
123.763,313.4590985004179,-753.9870213018697,-48.1076639387353
123.856,313.63011660661033,-754.4442166392182,-48.19487890696968
123.898,313.7803645431398,-754.841073680098,-48.26796817135579
123.942,313.9358381742217,-755.247521941843,-48.34128265717493
123.984,314.0960101045662,-755.6597911218355,-48.41365061177595
124.128,314.26290742853325,-756.085652167002,-48.48639513680507
124.169,314.4516466734664,-756.5721075988845,-48.564808422791145
124.211,314.5855939321406,-756.9194084927739,-48.61627549994614
124.254,314.74868226936036,-757.3424139297821,-48.67410075889677
124.296,314.9432351226482,-757.8456783193895,-48.737915870666484
124.393,315.10033801171437,-758.2480269459395,-48.78754627552502
124.489,315.28648154582754,-758.7185304303637,-48.844715072040856
124.643,315.45622750478236,-759.1471617812558,-48.89559913576346
124.687,315.6214821914403,-759.5667101944045,-48.942889027761225
124.729,315.74600737565333,-759.8843101834734,-48.97764928350756
124.77,315.9503520953896,-760.4115871037127,-49.036785286874306
124.815,316.1635486979932,-760.9592958702826,-49.10297866828108
124.865,316.32984557318605,-761.3826829840945,-49.16044972138411
124.91,316.43106459071265,-761.6408012686464,-49.19868962588794
125.005,316.70156442435217,-762.332812254475,-49.310112440327885
125.103,316.8828064310642,-762.7958022520427,-49.38966149206124
125.15,317.056428340657,-763.2416053763548,-49.46950235806253
125.196,317.26156635820655,-763.7589214582135,-49.56412861403612
125.295,317.4105273011676,-764.1286911830388,-49.632441405418604
125.34,317.57305607205353,-764.5330997937008,-49.70775111792858
125.468,317.7719862300602,-765.032690990684,-49.800517918314995
125.538,317.9141628815775,-765.3913800714377,-49.864370328995676
125.607,318.00446834017606,-765.6182637145522,-49.90206821976568
125.662,318.28904703866715,-766.3268478261855,-50.00459045714683
125.705,318.41145163631273,-766.6295099972716,-50.04043984052993
125.747,318.61572480480123,-767.1340515117362,-50.091980215813805
125.85,318.8025781873488,-767.5975218833628,-50.13390944135017
126.227,318.96115602589316,-767.9928412592473,-50.16755182191241
126.6,319.0957930182704,-768.3253889844436,-50.19390295199935
126.973,319.8814111733941,-770.0711531382956,-50.33659373103609
127.343,321.5660009331946,-772.8741789704061,-50.86136131402378
127.715,323.17153770004967,-774.9905630454376,-51.35385302438891
128.087,324.4798679387527,-776.7551808446221,-51.58681528854572
128.462,325.74842293574335,-778.5688737796677,-51.66920505782582
128.83,327.04288167790634,-780.6324027399103,-51.91575076468325
129.205,329.0398714335038,-783.7244557896006,-52.46698108781783
129.587,330.4612528029343,-785.7448365588273,-52.7998534485738
129.966,332.1984608885492,-788.5953778514387,-53.21975320038371
130.35,333.34105842642737,-790.6271415438417,-53.51950553337241
130.727,334.5060914541473,-792.7606445736569,-53.8674486355543
131.111,335.63836079869293,-794.8846841110825,-54.18371383153453
131.492,336.7044612350544,-796.896686467031,-54.51770520753166
131.876,337.9379533159889,-799.2326767630458,-54.989062342358295
132.279,339.1946849026758,-801.6136864078667,-55.456075460010595
132.657,340.15532532963704,-803.4600223447889,-55.762741506773295
133.047,341.2942550553058,-805.6798348542347,-56.06866362138652
133.423,342.39414879407536,-807.8487534466411,-56.32036858374619
133.803,343.57171978984087,-810.1581104781704,-56.61455592180607
134.175,344.81979759511273,-812.6007362431349,-57.01294816089296
134.545,345.67455584006495,-814.2913722941561,-57.30490048110448
134.928,346.920558460587,-816.7595917847773,-57.6972912445795
135.306,348.40189410775486,-819.7383072803437,-58.189048915586966
135.682,349.69350238010077,-822.5403980842905,-58.81745617457341
136.06,350.788671220797,-824.8695255857455,-59.45968903556451
136.438,352.03601666933497,-827.4619030292447,-59.9946165370971
136.821,353.04729018212157,-829.6095368978985,-60.18026026546892
137.199,354.3852416644301,-832.4869473796609,-60.6422060827087
137.574,355.69578440215,-835.1189838960834,-61.41215567572152
137.945,356.7663110495887,-837.2852077767027,-62.00607962256072
138.325,357.91255146719504,-839.8414461687378,-62.578975907591825
138.704,358.66014508499813,-841.6488400755792,-62.977057683630846
139.085,359.85214738550206,-844.5456431656809,-63.612998113576396
139.467,360.8254575549671,-846.9671377158845,-64.08548696983695
139.82,361.57330716800766,-848.8008840991695,-64.39751149598811
139.861,361.71061628898264,-849.1398337575162,-64.44989131920522
139.902,361.88699430322544,-849.572250867675,-64.51434822966365
139.943,362.08590847448284,-850.0482528272196,-64.58620903064701
139.985,362.26421921327614,-850.4660134448712,-64.64955320254893
140.027,362.44967377404606,-850.8948101709611,-64.7156517498671
140.069,362.6601266731258,-851.383157022072,-64.7942199783119
140.113,362.8060340502178,-851.7288189229756,-64.8485682685963
140.155,363.1009777272857,-852.4225977918262,-64.95103115418021
140.197,363.2048521567109,-852.6648497948839,-64.98819674741696
140.239,363.4198330922849,-853.1710905591673,-65.07294727234734
140.28,363.57391230890494,-853.5411703674829,-65.14096498397907
140.323,363.72231935263517,-853.9001414492868,-65.2112341560076
140.365,363.90251347682204,-854.3451298601428,-65.30414049435927
140.406,364.06489025960343,-854.7701513369474,-65.39782048042315
140.447,364.173919977265,-855.0595965505922,-65.46361286385854
140.49,364.34930712295727,-855.5224132878388,-65.57517515129769
140.532,364.49618025750596,-855.9110792936899,-65.67562275917373
140.574,364.6588290509893,-856.3413696118478,-65.78836317445354
140.616,364.80128487245895,-856.7161983554498,-65.8853859415355
140.658,364.94875137298686,-857.09437675496,-65.9797328820556
140.7,365.08685922411206,-857.4499306988854,-66.06394141687304
140.743,365.2286409113377,-857.8195943332368,-66.14700036020736
140.785,365.37567334226355,-858.1962935734957,-66.22985275442466
140.827,365.55420751179486,-858.6299652327539,-66.32929432300773
140.869,365.6887519578322,-858.92552184274,-66.39820912754669
140.919,365.983820912447,-859.509827916042,-66.53116282352079
141.01,366.09888031246646,-859.7129872635443,-66.57700634718219
141.054,366.30826683143545,-860.0735116491053,-66.65954288535244
141.152,366.59037221908227,-860.5910502623361,-66.77928044545854
141.194,366.72420336027017,-860.8472421799147,-66.83839614205726
141.306,366.90546222125016,-861.1922114370057,-66.91810493223318
141.348,367.16031945367445,-861.673790891548,-67.02854508240478
141.391,367.2660412678423,-861.8741669415102,-67.07364480012518
141.487,367.4868016897689,-862.293230202268,-67.16706829385299
141.583,367.63952736090084,-862.5808229954873,-67.23154977839374
141.625,367.85029523621523,-862.9727442010073,-67.32099895611196
141.668,368.036586461702,-863.3140153075136,-67.39968329368003
141.762,368.29485094668564,-863.7895142323655,-67.50918219590272
141.81,368.39769726645795,-863.9830264710806,-67.55290802635392
141.905,368.61275205958884,-864.3896910166694,-67.6416708240319
142.003,368.8271012231037,-864.8029990882629,-67.72596807772356
142.047,368.9908371016877,-865.1223015029474,-67.78807641129202
142.091,369.13870259199757,-865.4100744707196,-67.84316483625258
142.134,369.3958868227552,-865.9040293928757,-67.93713573344252
142.235,369.61688099662786,-866.3293764354661,-68.01422275984953
142.281,369.720149385622,-866.5298983288048,-68.04843173689795
142.374,369.9490325661521,-866.9737815844313,-68.12483350783634
142.417,370.1173418184761,-867.3034029070342,-68.18332640209064
142.515,370.26857996594833,-867.6014821918003,-68.23762773941894
142.556,370.5138870821162,-868.0861116330215,-68.32939030441065
142.649,370.6991449307735,-868.4499643284231,-68.40377210178787
142.69,370.83544389148943,-868.7211472705095,-68.45910421547819
142.832,370.99353722981357,-869.0336100427643,-68.52156114089559
142.873,371.3373894941202,-869.6823629883942,-68.6476983987169
142.914,371.451294296736,-869.8896456644941,-68.68790005712816
143.012,371.7572323566818,-870.4329696741813,-68.79238808174824
143.102,371.9703384838892,-870.7945530056102,-68.86152692627945
143.144,372.0936857319572,-870.9976930915275,-68.89944825653566
143.185,372.36500446422815,-871.4380202614218,-68.97822156299918
143.227,372.52745776282524,-871.7099599705593,-69.02634331120248
143.322,372.89381054991594,-872.3342228384261,-69.13638047449888
143.366,373.10594874603726,-872.692447260835,-69.19674123073509
143.46,373.24042109929434,-872.9196936475611,-69.234048449907
143.502,373.4858068528962,-873.3292857388028,-69.30161695731863
143.595,373.8621876084294,-873.9206544205906,-69.39925051519396
143.64,374.1357637159605,-874.3213928646361,-69.46474413360716
143.733,374.2972073172483,-874.5497001194962,-69.50186648214196
143.775,374.66073579969134,-875.0489030359976,-69.5813769839121
143.868,375.0088896723006,-875.511856794347,-69.65258599525515
143.96,375.28351413496904,-875.8638856359722,-69.70729313018273
144.001,375.629558615659,-876.2841033306762,-69.77174342597539
144.041,375.95238165878385,-876.6569261777341,-69.82526761120175
144.134,376.3549271736913,-877.1135637871154,-69.8897567541523
144.184,376.5479000036123,-877.3401689417805,-69.92203545164358
144.277,377.0019461705126,-877.8885457114554,-70.00125452045916
144.379,377.25783331624814,-878.2009859039391,-70.04662285467117
144.421,377.6587428965585,-878.7010084340287,-70.11645063033916
144.517,378.0375795922148,-879.1988366238747,-70.18599579021486
144.56,378.289462992287,-879.540242206336,-70.2362134817663
144.652,378.53566119594245,-879.8794002304012,-70.29041075726104
144.693,378.69692541702324,-880.1048334244645,-70.32923062618374
144.785,379.2112860419885,-880.7975646005999,-70.45518561306034
144.826,379.40783009953077,-881.0596650271373,-70.50557627208389
144.868,379.6287414264988,-881.3494062645129,-70.56426770316199
144.959,380.10922640204393,-881.9427949982933,-70.69374028784227
145.009,380.31593983870357,-882.1862288848848,-70.74888246284604
145.101,380.6863065978064,-882.6017958627642,-70.84505327532548
145.193,380.92259199865043,-882.8603938667713,-70.90442568494211
145.235,381.2978568540315,-883.2754506332313,-70.99843853830691
145.276,381.5229164178619,-883.5211254855287,-71.05226286193306
145.375,381.8222827360694,-883.84387652665,-71.12000121824082
145.418,382.18786922162326,-884.2335404694527,-71.19410759222365
145.468,382.40643005650986,-884.4653254868208,-71.23155432471918
145.561,382.7055498579403,-884.7844685209393,-71.27782149185583
145.603,383.06165360138857,-885.1857843816211,-71.3354144652082
145.701,383.32115636238206,-885.4933400696789,-71.37969452098775
145.745,383.55308456090233,-885.7753612835401,-71.41932519505445
145.848,383.9531876329361,-886.2783740974394,-71.48511869048076
145.893,384.1014510869363,-886.4732084411505,-71.50983969268646
145.986,384.4223827656874,-886.9077515984513,-71.56290202981648
146.027,384.7942756541996,-887.432842484232,-71.62068916668721
146.075,384.9361963565555,-887.64274218868,-71.64254520503226
146.173,385.22118480335416,-888.0727467480622,-71.68406092795976
146.27,385.51955255293217,-888.5306140693308,-71.72080072494902
146.315,385.6888849050431,-888.7930829204302,-71.73813196027282
146.413,385.9165251676216,-889.1462557157425,-71.75588190432921
146.456,386.1816020561729,-889.5565473527613,-71.76598762458849
146.508,386.4446136209905,-889.9647358256831,-71.7613302494845
146.56,386.5674973541038,-890.1574662407611,-71.75552672805077
146.606,386.78108352988454,-890.4938330463548,-71.74043976025945
146.759,387.14446917493854,-891.083824918591,-71.71681724398746
146.802,387.27989420776794,-891.3056668118637,-71.70920078012438
146.895,387.51754483496535,-891.7113703826784,-71.69842680094405
146.938,387.7762188033216,-892.1830903742302,-71.69614643805693
147.037,387.96775387459246,-892.5342176852448,-71.69980223291697
147.083,388.3540246989467,-893.187062346347,-71.7087196032142
147.131,388.6279403553991,-893.613330045776,-71.71823920345429
147.233,388.7853819671077,-893.8506147721728,-71.72723258068442
147.327,389.2154004690749,-894.4596100484489,-71.76218715404565
147.369,389.4991771194701,-894.8461373186127,-71.79283877969362
147.412,389.66328054377345,-895.0701819566676,-71.8117736757817
147.505,390.0430059490928,-895.6007416766319,-71.86252749493121
147.547,390.1983914795542,-895.8223060015189,-71.885895931101
147.589,390.4755350473156,-896.2198745787128,-71.92575570531807
147.686,390.9194502713291,-896.8378070759085,-71.97240668759923
147.728,391.07650370514585,-897.050493516991,-71.98477430698182
147.873,391.5091498059752,-897.644700887,-72.01014116844522
147.915,391.75078199974837,-897.9912809765071,-72.02556865125041
147.959,391.90648926431186,-898.2203010919823,-72.0369400001328
148.001,392.3195315201061,-898.8330545336208,-72.05811425609983
148.096,392.5616792421789,-899.1905216869483,-72.05703281868176
148.19,392.81843782869385,-899.5966501974178,-72.05556864971413
148.291,392.9930863661365,-899.910965418314,-72.0617242119576
148.349,393.29187716361974,-900.4678735078855,-72.06727609972074
148.395,393.5480005734918,-900.9755433115467,-72.07437298037252
148.442,393.659672635706,-901.2096162685668,-72.0791456785696
148.487,393.9183135899639,-901.8488097773803,-72.11105178720334
148.532,394.0258011556487,-902.2105743155549,-72.14951732171932
148.633,394.0859240622463,-902.4558310911449,-72.1825696044803
149.067,394.2018020998678,-903.0578582424932,-72.28313834252037
149.446,394.28462869717873,-903.6606346581373,-72.42247804015051
149.823,394.52043149902113,-906.1832476140479,-73.0691115044234
150.198,394.4218347043599,-907.81656904207,-73.48067849942083
150.571,394.50317212704755,-909.8891005211211,-73.82302612557697
150.947,394.6567994303731,-911.7023451433283,-74.26365120658033
151.321,394.9531521049581,-913.8857702948964,-75.01453924318486
151.694,395.30907765926236,-915.4058225607411,-75.53159834218008
152.07,395.7060207466061,-917.1284711028023,-75.84669100628275
152.462,396.1790183063339,-919.0267138793128,-75.74848678672947
152.846,396.88226173590795,-921.2527772605154,-75.94707528390097
153.226,397.3159241183546,-922.8561793957291,-76.49083726316661
153.608,397.7967750603498,-924.5700481729682,-77.06204102182062
153.98,398.13249026611334,-925.7969121944067,-77.39593446305332
154.359,398.81772761401896,-928.2059060736972,-77.99150225531463
154.741,399.4349571358326,-930.4071355613113,-78.59102228956652
155.121,399.95658387317485,-932.2757635517595,-79.04074723819531
155.5,400.6458369943685,-934.5345609671589,-79.2240145616878
155.881,401.20325979047817,-936.4702085699417,-79.15932526760992
156.251,401.97721465004213,-939.2545381272072,-79.28775748343611
156.623,402.6459086617799,-941.4782234631078,-79.6064330729011
157.004,403.0857996699357,-943.0689586238213,-79.9455231516842
157.386,403.48189686799606,-944.2434584484982,-80.2108043608427
157.764,403.62331606742987,-944.7255822908875,-80.28425753955725
158.145,403.84180014035735,-945.405292239899,-80.44067996410354
158.528,404.1174618360172,-946.2102834744551,-80.63231241882568
158.897,404.44770277244834,-947.1790307081113,-80.83639915405587
159.269,404.93161612631445,-948.5113662531148,-81.15550984601407
159.651,405.33898764089383,-949.6550939105355,-81.4706879087617
160.034,405.9245672695963,-951.4107343536532,-82.05073574214919
160.416,406.5553702202867,-953.2811319456254,-82.8236196259179
160.797,407.19580601573665,-954.817837419031,-83.45405177858356
161.088,407.1955193801645,-954.899363459718,-83.49212493157069
161.131,407.1933458586946,-954.8975871669838,-83.4924550124988
161.173,407.190759816248,-954.8954947350963,-83.4952059399501
161.216,407.19058923203033,-954.8958117568558,-83.49656082421723
161.261,407.1907617909711,-954.8967987417514,-83.49998077769163
161.304,407.1912234581084,-954.8983600108959,-83.50278275366816
161.346,407.19153242636094,-954.8992322850662,-83.50516870829449
161.389,407.19185399580186,-954.9000181811,-83.50792508965742
161.43,407.1920564345428,-954.9003141273806,-83.5094494217571
161.473,407.19226413012586,-954.9004863278312,-83.51053293802755
161.519,407.1927539199245,-954.9001721394926,-83.5135068568353
161.562,407.19303937377555,-954.8999543209482,-83.51482729649234
161.605,407.1933774204514,-954.8995643899303,-83.5164574466948
161.649,407.19386997373806,-954.8990510078189,-83.51836724442643
161.691,407.1942715063476,-954.8986963855671,-83.51963316380534
161.734,407.1946756853497,-954.8982663408633,-83.52112547795849
161.777,407.1952449553807,-954.8977571634034,-83.52291927216618
161.819,407.19564605826145,-954.8974492546672,-83.52404448839576
161.861,407.1961097073025,-954.8970660474693,-83.52547797249127
161.904,407.19673757419827,-954.89664543073,-83.52715418916597
161.945,407.19723954095855,-954.8963663026459,-83.52834392646668
162.195,407.19783722177306,-954.8960132671797,-83.52990152558732
162.238,407.19843856246285,-954.8956816336207,-83.53130420070471
162.279,407.1988038917747,-954.8954622230829,-83.53227605203409
162.328,407.19950026631494,-954.8951017717416,-83.53396897196563
162.371,407.200047887492,-954.8947890719912,-83.53531821782394
162.417,407.2004464137185,-954.8945925107781,-83.5362267202081
162.459,407.20114029832644,-954.8942603022348,-83.53783317967691
162.501,407.2017089181514,-954.8939750961997,-83.53906900485526
162.543,407.2021488483103,-954.8937842620082,-83.54008240014724
162.584,407.2026145655123,-954.8935271653652,-83.54124279533119
162.626,407.2032242698783,-954.8932399883223,-83.54251176137109
162.668,407.20365025855267,-954.8930358841561,-83.54352996279766
162.711,407.2040832853708,-954.8927894816052,-83.5446145303273
162.752,407.20455759779327,-954.892523965547,-83.5457461381734
162.795,407.20506943528983,-954.8922959054295,-83.54682255167506
162.837,407.20549114509026,-954.8920494505197,-83.54788068108684
162.879,407.2059172843012,-954.8918050033014,-83.54885136355801
163.024,407.2064038171668,-954.8915858739889,-83.5499240681711
163.065,407.2068092085079,-954.891340977108,-83.55095245351635
163.108,407.2072736883023,-954.891093373147,-83.55196953023398
163.202,407.20763381332506,-954.890907677769,-83.55282991441288
163.244,407.2080828730184,-954.8906622394895,-83.55390785592215
163.339,407.2084805579485,-954.8904358491084,-83.55484541405502
163.381,407.208838273471,-954.8902698021835,-83.5556175193019
163.474,407.2092687313662,-954.8900236700409,-83.55667056929167
163.517,407.2097133598943,-954.8897933653725,-83.5576827711439
163.56,407.2099745714414,-954.8896671172262,-83.5582673817218
163.654,407.21037798822067,-954.8894396036561,-83.55926032271384
163.698,407.2108026710905,-954.8892073735866,-83.56025821691355
163.844,407.211120922948,-954.8890444464413,-83.56097478732613
163.887,407.2115005271923,-954.8888453844926,-83.56187002997228
163.983,407.21183919450834,-954.8886540878683,-83.56268005503381
164.025,407.21220158138954,-954.888487050164,-83.56349510236726
164.123,407.21237082354503,-954.8884308018376,-83.5638344128833
164.167,407.21280076565813,-954.8881535447977,-83.56496283147453
164.213,407.21312810878135,-954.888019800397,-83.56556577386198
164.306,407.2134041797533,-954.8878484351575,-83.56627898891765
164.401,407.2137572363439,-954.8876484198578,-83.56711882101837
164.443,407.2140785535637,-954.887497162208,-83.56782666280918
164.485,407.2142965343031,-954.8873450616146,-83.56840749421048
164.532,407.2146389935016,-954.887155794624,-83.56920406287406
164.625,407.21493456846406,-954.8870232049582,-83.56984735735278
164.719,407.2151953971833,-954.8868666906397,-83.57049760384035
164.764,407.21548659006714,-954.8867008016929,-83.5712314398429
164.808,407.215737287722,-954.8865794849946,-83.57173100352111
164.955,407.2159711241859,-954.8864332597938,-83.57232509428621
164.999,407.2162704989162,-954.886267507092,-83.57302473566415
165.041,407.21650263518364,-954.8861599067732,-83.57353461072682
165.082,407.21672611112626,-954.8860176657731,-83.57409238019562
165.233,407.21701554453296,-954.8858518850407,-83.57477777309839
165.277,407.21722808882896,-954.8857539705979,-83.57523719750014
165.321,407.2174437353016,-954.8856195174385,-83.57578053230708
165.419,407.21772042129106,-954.8854626027252,-83.57643619992496
165.461,407.21792558518337,-954.885364532524,-83.5768906442367
165.559,407.2182030450672,-954.8852183487742,-83.57754087338009
165.602,407.2184277656094,-954.8850825807294,-83.57808349995832
165.646,407.21857280073283,-954.8850164349224,-83.57837993804446
165.743,407.2187966092588,-954.8848846988546,-83.57892456681941
165.787,407.2190238833848,-954.8847555739964,-83.57940048427088
165.883,407.2192109505877,-954.8846629419917,-83.5798185922036
165.978,407.21938806011707,-954.8845467507285,-83.58028452379818
166.022,407.2195954404326,-954.8844182609507,-83.58070461849326
166.065,407.21975123550425,-954.8843377886406,-83.58108322816918
166.16,407.2199173923351,-954.8842276514564,-83.58151603857527
166.254,407.22012608060453,-954.8841034456783,-83.58191012299
166.348,407.220255591585,-954.8840310942865,-83.58223140185629
166.39,407.22040693605015,-954.8839185389103,-83.58264334445892
166.59,407.22060440114194,-954.8837803713317,-83.58311007529596
166.637,407.22075086250777,-954.8836610622284,-83.58350621940997
166.683,407.22093853992004,-954.8835097558211,-83.58404578083804
166.727,407.2211953929052,-954.883317302686,-83.58468284670653
166.77,407.2213110976249,-954.8832256971508,-83.58501287315823
166.813,407.2215628213227,-954.8830726286142,-83.58560791634687
166.857,407.2217977675714,-954.8829523037706,-83.58610733306091
166.901,407.22188846258655,-954.8829134051609,-83.58626599407745
166.945,407.2221073116766,-954.8828396007676,-83.5867465033383
166.988,407.2222709067073,-954.8827648739481,-83.58712096410164
167.141,407.2224028949538,-954.8827169755551,-83.58739234686408
167.184,407.2225198205256,-954.8826448268557,-83.58768686254905
167.227,407.2226404718219,-954.8825696961022,-83.58792381722304
167.271,407.2227776574978,-954.8825072576368,-83.5882468842953
167.37,407.22288441390685,-954.88242819716,-83.58852532268168
167.802,407.22298904231724,-954.8823495151905,-83.58871721586712
168.177,407.22311435284985,-954.882282700856,-83.58903143221875
168.554,407.22360338690527,-954.8819067219978,-83.59021271847712
168.937,407.2241758174977,-954.8814594984999,-83.59152439699824
169.316,407.2245609264502,-954.8811612967162,-83.5924553492381
169.692,407.2249989893207,-954.880763542224,-83.59351634508903
170.069,407.22541456035583,-954.880370649309,-83.59458755263904
170.449,407.22588011829384,-954.8799828902032,-83.59568312315434
170.828,407.22611939375827,-954.8797943859288,-83.59623894600963
171.203,407.2263945861499,-954.8795684795921,-83.59682748354078
171.582,407.22675644169954,-954.8792270978479,-83.5975868228378
171.963,407.22695009431084,-954.879005976657,-83.5980847610121
172.357,407.2271294618014,-954.8787883400377,-83.59851990508247
172.739,407.2272847359406,-954.8786003315387,-83.5987897505554
173.119,407.2274133470465,-954.8783599147017,-83.59920736742066
173.498,407.2274946499266,-954.8781999975837,-83.59945648090354
173.878,407.2275364466863,-954.8780232275603,-83.59953411331469
174.261,407.2275820941927,-954.8778053384917,-83.59963431265868
174.64,407.22763483932783,-954.8775980745103,-83.59978006586073
174.683,407.2276357194733,-954.8775808151281,-83.59977446864013
174.726,407.22764145583324,-954.8775553508765,-83.59983998213181
174.771,407.22765863602024,-954.8775115600997,-83.59990053089336
174.814,407.227669845328,-954.8774781474216,-83.59994907856515
174.859,407.22768638368626,-954.8774336381106,-83.60000198650488
174.905,407.2276999611023,-954.877391294784,-83.59999449212216
174.948,407.2277039413002,-954.8773716303673,-83.60004548407687
174.991,407.2277131000467,-954.8773393361203,-83.60007958343135
175.034,407.22772371811004,-954.877302549792,-83.6000643250452
175.079,407.2277272852875,-954.8772791868644,-83.60012001227807
175.122,407.2277373963742,-954.8772464405743,-83.60014538163506
175.168,407.22774490255654,-954.8772117526948,-83.60000859335776
175.213,407.2277423929282,-954.8772026760613,-83.6000557849743
175.258,407.22774512397996,-954.877171671374,-83.6001063482442
175.302,407.2277443368705,-954.8771326205419,-83.59999325641354
175.345,407.22773702492486,-954.8771176659144,-83.60002859945422
175.388,407.2277386968576,-954.8770766395684,-83.60008485734653
175.431,407.2277418522668,-954.8770290156857,-83.60002386094999
175.474,407.22773701769034,-954.8769980949684,-83.60007973083202
175.52,407.2277393393214,-954.876957108144,-83.60011470873235
175.562,407.2277228979277,-954.8769191470112,-83.59944267879649
175.605,407.22700409277445,-954.8787483365824,-83.58474727590618
175.648,407.2258971665992,-954.8826944904447,-83.56556697742576
175.692,407.22525868873606,-954.8903843250603,-83.54465773318714
175.734,407.2241792223054,-954.9076855616793,-83.51183291645935
175.778,407.22271717076,-954.9209688522377,-83.49196334624071
175.822,407.21993087337376,-954.9367383808299,-83.47201502044032
175.866,407.21815151023895,-954.9573756819528,-83.45949142992242
175.962,407.2178318857183,-954.9782057942895,-83.45778123578805
176.005,407.21858623039213,-955.0089527773914,-83.4644613657228
176.048,407.2204550729659,-955.0397203905504,-83.47693575004962
176.145,407.223566057464,-955.0798249332533,-83.4971688944529
176.187,407.2261331764015,-955.1128340430245,-83.51509479293861
176.283,407.2282946158758,-955.1459466777513,-83.53288231541035
176.332,407.2307077189498,-955.194693031215,-83.55750485668091
176.378,407.23199831121707,-955.233864499486,-83.5758155142193
176.478,407.2328973154972,-955.2810424003031,-83.59605622413414
176.524,407.23316236020423,-955.3426761032023,-83.62020907130909
176.621,407.232617642441,-955.4006223334897,-83.64135866966569
176.719,407.23161363509286,-955.451798604226,-83.65924968324066
176.763,407.2291911545077,-955.5285417362045,-83.68537774682125
176.807,407.2265031684776,-955.5892751894506,-83.70577171392546
176.904,407.2217217679166,-955.6737091681036,-83.73409123407134
176.949,407.2167740520906,-955.738586448657,-83.75614521776544
176.994,407.2081200309928,-955.8302974725401,-83.78798522869567
177.092,407.1994198429691,-955.9080749240121,-83.81554333769901
177.193,407.1880625443192,-955.9951537739876,-83.84684520953653
177.241,407.1744787162743,-956.0860941647146,-83.87986551000955
177.286,407.15978851692887,-956.1733844629956,-83.91153911155982
177.392,407.1367420429474,-956.2887738740751,-83.95107938509466
177.441,407.1157675149371,-956.3819996606918,-83.98092564840641
177.54,407.09054640205727,-956.4845331149639,-84.011954005252
177.584,407.05897473617813,-956.6014253419271,-84.04577382982052
177.629,407.01631715363396,-956.747572807397,-84.08802409472196
177.727,406.9874553762593,-956.8392516752989,-84.11506802401561
177.771,406.94625252110234,-956.9607233670071,-84.15167659445149
177.815,406.9041242608987,-957.0756204347801,-84.18709899201838
177.862,406.84815372513685,-957.2165589874458,-84.23133607078677
178.021,406.8020024775206,-957.3238539181301,-84.2655066570295
178.072,406.7407929057834,-957.4562522825446,-84.30813835333191
178.12,406.66755129838,-957.6030919829647,-84.35575205619966
178.168,406.6074252960311,-957.7155497746642,-84.39210241224907
178.22,406.50363271617164,-957.8949984484022,-84.4491579668018
178.265,406.4389646058512,-957.9997466703766,-84.48109724223212
178.373,406.34859617179177,-958.1376282005745,-84.52132414551693
178.422,406.23021189473377,-958.3051294143227,-84.56821039390712
178.571,406.1475095328035,-958.4143000846485,-84.59776751009088
178.616,406.03506668310763,-958.554301168006,-84.63421687329418
178.664,405.89329646708103,-958.7192677822775,-84.67424980373801
178.711,405.7892928125849,-958.8326175523682,-84.70029648856377
178.757,405.6501445264681,-958.9752306267874,-84.73197994345753
178.809,405.46968068530066,-959.1466264511067,-84.76920779968088
178.912,405.3461823576887,-959.2560127741891,-84.7928071659473
178.958,405.09524240976896,-959.4603863471672,-84.83684986358321
179.063,404.92461413721674,-959.586698108673,-84.86464631042372
179.11,404.77814510988765,-959.686572794804,-84.88671720382126
179.157,404.5709017903799,-959.8171691889348,-84.91201665530747
179.262,404.3790532587918,-959.9298423493258,-84.92829436439354
179.31,404.1177194711455,-960.0703473858981,-84.94088871733959
179.464,403.8738647173043,-960.1882240527393,-84.94477493166073
179.509,403.55869942798813,-960.3214514260453,-84.94180932125715
179.554,403.35096249151,-960.3978113549585,-84.93633897924548
179.601,403.11500009356007,-960.4746593969251,-84.92726775803021
179.702,402.82020746879505,-960.5547781712613,-84.91417068519098
179.747,402.48349555515665,-960.625067308495,-84.89579248519726
179.794,402.213293855899,-960.6649497407899,-84.87697834613812
179.842,401.7981615382587,-960.7009783213572,-84.84299450416393
179.995,401.5539326846116,-960.7057670196693,-84.8225295331693
180.04,401.1962757882068,-960.694467681667,-84.7946277382444
180.084,400.8689526033512,-960.6665696128895,-84.76941595492127
180.133,400.4543275253865,-960.6061569871316,-84.7360267902751
180.18,400.13306521523134,-960.5383969319408,-84.70926214498837
180.285,399.57808190332617,-960.400310781017,-84.66794893939965
180.333,399.38573293679275,-960.3440233747974,-84.65570037329735
180.44,398.9587223329924,-960.2201049445671,-84.63859197139453
180.485,398.36708592606817,-960.0329768358815,-84.63619654983387
180.586,398.16336167276097,-959.9614728483614,-84.64281486406895
180.632,397.80577737879025,-959.8240864989413,-84.65458665922256
180.678,397.2958070606286,-959.6141515210159,-84.67428443827907
180.723,397.0406557610252,-959.5064589959849,-84.68741622198672
180.827,396.631292166741,-959.3377253270171,-84.71516632823631
180.871,396.30127071575953,-959.2027828093741,-84.74268609877834
180.927,395.9718747573604,-959.0668074621726,-84.77546017753957
181.024,395.57016466290713,-958.906051037729,-84.83156448941872
181.067,395.25092748246846,-958.768623953327,-84.87607967606112
181.115,394.84718120475964,-958.5959800458644,-84.92809714777081
181.234,394.48007559467385,-958.4439659130711,-84.9714209129931
181.282,394.0553007814551,-958.2669734074046,-85.018676219214
181.358,393.6275618688266,-958.0844174602532,-85.06163189645218
181.428,393.2614246939228,-957.9267943252836,-85.09532659241177
181.476,392.89355704727257,-957.7701213394519,-85.12762172485486
181.534,392.4757098932964,-957.5925889274164,-85.16408973903737
181.643,392.19275158877815,-957.4719653514637,-85.18903223462922
181.69,391.60665682090377,-957.2215622991906,-85.2411672229041
181.814,391.3376098089264,-957.1063992986275,-85.2635021564991
181.862,391.04497668545935,-956.9800625225193,-85.284392969836
181.909,390.49980183880837,-956.7439458818682,-85.31404928365669
182.01,390.2243921988483,-956.6258246776034,-85.3247718545615
182.054,389.7772027268876,-956.432873843522,-85.33509470794672
182.11,389.24112198951445,-956.2000046639263,-85.3376641384487
182.345,389.0235369889625,-956.1060270985316,-85.33875436752339
182.387,388.5557287657663,-955.9050927091713,-85.34214898494469
182.429,387.99766923199286,-955.6627303204998,-85.34236500729492
182.473,387.7748070948684,-955.565109406217,-85.34050952460092
182.518,387.29646095989244,-955.3560358366781,-85.33784857076489
182.563,386.79014477212024,-955.129471207067,-85.34198599864754
182.608,386.22782701850554,-954.873922845743,-85.35404712297418
182.652,385.98906599115685,-954.7662493723951,-85.3616940106383
182.696,385.47342161872393,-954.529976648078,-85.37891260939409
182.849,385.08732819466974,-954.3466210470596,-85.38666584634768
182.893,384.76224016030307,-954.190389019984,-85.39067535490534
182.936,384.18413077769674,-953.9187083558448,-85.40549462998433
182.98,383.7198429247043,-953.6932950859604,-85.4301454932617
183.081,383.49818415613834,-953.5825301418694,-85.44621848273499
183.127,382.8260557772191,-953.238214329726,-85.50938955499521
183.173,382.4117890628838,-953.0189996851932,-85.5498490903592
183.271,382.15727153084447,-952.8817436876974,-85.57266630446026
183.368,381.55260354768336,-952.5584143003127,-85.62828926257015
183.464,381.13093241019027,-952.3404717295493,-85.67595031258219
183.508,380.6100004925961,-952.0676848739748,-85.74927500932858
183.549,380.17820868849435,-951.8475182220429,-85.81974372217348
183.644,379.7767774044175,-951.6415078721519,-85.88576735750308
183.687,379.4213246425135,-951.4533465219382,-85.93835351868626
183.784,379.16217154068613,-951.3144007811363,-85.97372632720061
183.84,378.6371518774682,-951.0303038758464,-86.04251219064014
183.884,378.1878946374472,-950.7735234438803,-86.09192084089489
183.93,378.0130532881915,-950.6689440927537,-86.10708678120386
184.029,377.4520695425648,-950.3665292798054,-86.15193529584536
184.131,377.03883389125826,-950.2024141987133,-86.19633975316276
184.176,376.61701179480815,-950.0413368163292,-86.24373445105476
184.219,376.12759735577873,-949.8667207544125,-86.30144334610287
184.269,375.72244643426677,-949.7342488193063,-86.35428186113325
184.37,375.2929397039269,-949.6056120341933,-86.41620642637616
184.416,374.8691112047667,-949.4898699998001,-86.48205509775403
184.514,374.33784482940166,-949.3574806461622,-86.57176049003124
184.558,373.9643683373855,-949.2794766477416,-86.64447649753907
184.601,373.4950006463015,-949.1798161961387,-86.7402114004231
184.646,373.0122225941359,-949.0741289161472,-86.84128410248582
184.742,372.7187301847774,-949.008248340648,-86.90312818341368
184.793,372.2731105960599,-948.9091180259558,-86.99552293294812
184.946,371.816050769444,-948.8054943761958,-87.08597915471836
184.991,371.45971698974574,-948.7212938513593,-87.15239698298524
185.035,371.0940548711772,-948.6417728645885,-87.2176608688103
185.132,370.8854815661931,-948.5960030102699,-87.25242631838631
185.229,370.19547535495497,-948.4270142711358,-87.35656982779216
185.273,369.87910820245713,-948.3351203393926,-87.39864476477436
185.317,369.51856321221493,-948.2193737869912,-87.4431179077892
185.368,368.95029029670457,-948.0067529675865,-87.50168275968866
185.465,368.6379270727069,-947.873529111689,-87.52894295679283
185.562,368.17294195078796,-947.6510789300515,-87.56347464929439
185.607,367.81030037628034,-947.4737471461289,-87.59054689800814
185.651,367.430940904525,-947.2836086504376,-87.61950723904016
185.75,366.98155635281876,-947.0465834574205,-87.64946772461411
185.792,366.65327941715765,-946.8648678773062,-87.66730513237758
185.891,366.28478756094455,-946.655249081408,-87.68348917221005
185.933,365.88220445499667,-946.4189350549397,-87.69501909992334
185.976,365.535331314736,-946.2095561098231,-87.70077781784107
186.019,365.110989243929,-945.9517263902284,-87.70441785726769
186.115,364.7080759486384,-945.7113293292456,-87.70627515742922
186.212,364.34877216867403,-945.5124264982949,-87.70934802780982
186.255,364.03090786616275,-945.3488788456273,-87.71558124240858
186.298,363.58154385154285,-945.0944669438189,-87.71533669263488
186.396,363.21240424351726,-944.8748045538389,-87.70944444561644
186.496,362.81000086317607,-944.6291922663972,-87.69814052925364
186.54,362.57775431028375,-944.4860894628927,-87.69101162603471
186.585,361.8885393020321,-944.0952691526204,-87.68236682041794
186.629,361.38633064027084,-943.8195741150952,-87.68430445504521
186.726,361.0238979875004,-943.6176423719501,-87.68882267174189
186.778,360.61533813591154,-943.386730218428,-87.69636787013974
186.876,360.1234180434194,-943.1028356892431,-87.70483925310606
186.921,359.70051371203516,-942.8509309781031,-87.70922987293193
187.022,359.3878364476319,-942.6617245531952,-87.71025367072832
187.067,359.15685491685133,-942.5236836990964,-87.71085978314295
187.113,358.42714090122314,-942.0969143079928,-87.7148178132112
187.166,358.13068321255105,-941.9233226193165,-87.71547785602775
187.269,357.6091028170255,-941.6155905289772,-87.70847235418717
187.368,357.06972421612056,-941.3009287512857,-87.68656974672359
187.413,356.7343502222586,-941.1073740308956,-87.66528865453
187.511,356.2283694205993,-940.8187839195493,-87.62516283105214
187.557,355.81526706914116,-940.5887024461775,-87.58769734147535
187.655,355.44375657787924,-940.3826392414474,-87.5474859968503
187.753,354.99150027833673,-940.122913557487,-87.48492582518816
187.803,354.8516231000074,-940.0411283267595,-87.46271464369136
187.847,354.3318505541361,-939.7315933752836,-87.36668239568445
187.991,353.98190632646947,-939.5107424475702,-87.29035744671756
188.032,353.62521094238036,-939.2577408217873,-87.20579932273824
188.072,353.3390325728749,-939.0409228509897,-87.1385215198784
188.163,352.9846889155773,-938.8103078059858,-87.07022842847778
188.203,352.7806263682648,-938.6875546201844,-87.03583467277934
188.242,352.4714841254752,-938.5087684502544,-86.98626030405819
188.382,352.10344877442714,-938.3157039336319,-86.92675536818854
188.421,351.76131703537294,-938.1538200634233,-86.86776869165482
188.513,351.4598801001491,-938.0161306060844,-86.80954278967045
188.961,351.0459095935035,-937.8352141056507,-86.72551379439972
189.002,350.6432477172482,-937.6578440396042,-86.64459521479944
189.043,350.43799602616394,-937.5657943136943,-86.60355067760702
189.083,350.0466584144334,-937.3859296411383,-86.5251266507425
189.126,349.7405621657439,-937.2433764384871,-86.46254589740153
189.169,349.36394402640354,-937.0668434172969,-86.38236741292127
189.213,349.04656775534687,-936.9166608996343,-86.31035005705559
189.257,348.6636689582912,-936.7476263909437,-86.22329858904357
189.298,348.33845482332583,-936.6068230394882,-86.15058326532665
189.342,347.9997521433743,-936.4505546915952,-86.06836578525491
189.383,347.6117846881746,-936.2729335490533,-85.97091827941796
189.424,347.42850001688686,-936.1898510167024,-85.92443963801122
189.465,346.87002967099403,-935.9390623981277,-85.78132867630251
189.509,346.41594312197503,-935.732722280571,-85.66504236606119
189.753,346.0040339908528,-935.5435227410707,-85.56720159455938
189.796,345.6473820190139,-935.3720319269355,-85.4862165320086
189.843,345.1242629327005,-935.1144442393542,-85.37267184592258
189.883,344.67710188237174,-934.8796984132719,-85.280094880111
189.922,344.22534290383,-934.6181443102213,-85.19502945692255
189.963,343.85398514853705,-934.3829513917675,-85.13836657072329
190.004,343.3324609158331,-934.0501731154687,-85.05534303122823
190.099,342.9170994585303,-933.7756942520507,-84.98227100533546
190.14,342.5634414671666,-933.5350515745728,-84.91472011734754
190.185,342.1027971424125,-933.2116271253976,-84.82022488933762
190.226,341.7045655812524,-932.9212047082528,-84.7290830150202
190.267,341.1729895310468,-932.5077762012099,-84.59201761097796
190.309,340.8728954713323,-932.2610073197812,-84.50579590701369
190.349,340.4848092962072,-931.926271083177,-84.3836504456491
190.391,340.1248886466145,-931.5975194186478,-84.25981756495338
190.433,339.790739414674,-931.261239552764,-84.13453445744909
190.524,339.45847975681636,-930.8853290242789,-83.99746682642427
190.568,339.0942105457623,-930.4260203228039,-83.83378483502514
190.666,338.80822224450833,-930.0364578128374,-83.69784972461525
190.761,338.6044364583977,-929.7760248978526,-83.6042386421928
190.803,338.13308957560344,-929.2414264179718,-83.39946255019805
190.951,337.84679284272636,-928.927961060849,-83.27481738109418
190.993,337.41893837250166,-928.4352441601303,-83.08365737921764
191.034,337.1237575047304,-928.0554160072169,-82.94700060584955
191.079,336.73929382568826,-927.5393193574494,-82.77042592848005
191.128,336.3254814758394,-927.0135349554083,-82.5966099868848
191.368,335.9583398568959,-926.580657538286,-82.46206964193249
191.411,335.6319566823823,-926.2091112645668,-82.35924095570039
191.452,335.27124651107357,-925.8030357857187,-82.25937178867417
191.494,334.9207858663254,-925.4155143840986,-82.17146882946457
191.64,334.602109467785,-925.0690004926253,-82.09765242785846
191.682,334.29226058297564,-924.7263766061675,-82.02865895630782
191.724,333.9912844161839,-924.3812673156386,-81.96435928917538
191.764,333.7853393899586,-924.1452943692515,-81.92332361817995
191.806,333.45903860935607,-923.7888787660335,-81.8587834272721
191.847,333.17900416479546,-923.495164186727,-81.79750216569744
191.891,332.90618432416704,-923.2126662913779,-81.73116519300271
191.983,332.6725090767871,-922.9720060754581,-81.66813571843937
192.312,332.3339363031163,-922.6236482158604,-81.5679741713555
192.355,332.0550554716181,-922.3351603640431,-81.47849055375309
192.4,331.77272850061905,-922.0357571578846,-81.38152416963698
192.445,331.49076344347645,-921.7341363491992,-81.27476479015962
192.485,331.2167240141828,-921.4400588710205,-81.15710276378292
192.526,330.93524684335694,-921.141230248231,-81.0222960001721
192.567,330.63214316920033,-920.8437199447823,-80.87618422832975
192.61,330.3230168445343,-920.5455474659958,-80.72824796724899
192.65,329.98276945046985,-920.2215271267793,-80.56882394761226
192.692,329.6740082641029,-919.9304421581481,-80.42716638105838
192.736,329.255921709214,-919.5429026652458,-80.2429541804031
192.777,328.86530330335455,-919.1880693734298,-80.08140695538941
192.827,328.46764333867975,-918.8285148886632,-79.92879739171383
192.919,328.0729642204313,-918.4745928266121,-79.79123560987182
193.013,327.6728081485918,-918.1164199435381,-79.66126215104816
193.056,327.2236683437487,-917.720310366746,-79.52594083338562
193.099,326.868808267191,-917.4103574736463,-79.42326985643808
193.193,326.5531715316591,-917.1346983845638,-79.33269522961274
193.434,326.1645630597054,-916.799995344777,-79.22132730444963
193.475,325.72789909459914,-916.4301910194891,-79.09385804663253
193.567,325.4089462715181,-916.1613840828755,-78.99653148858033
193.609,324.9375671940057,-915.7686962815762,-78.84615523692605
193.65,324.5435704416181,-915.4425171515883,-78.71465728788473
193.693,324.121263695389,-915.0958243176827,-78.56994463638927
193.735,323.7221402069406,-914.774139123854,-78.43349735710564
193.779,323.23323828126763,-914.3827031176077,-78.2678979621528
193.824,322.7699459784352,-914.0207149521236,-78.1223367654278
193.865,322.22190298613447,-913.5898538646512,-77.9637076157
193.918,321.79441812570656,-913.2509705742876,-77.8524655503266
194.013,321.31291183664007,-912.8680570431244,-77.7444457897218
194.054,320.7912477151132,-912.443554983456,-77.64074145702654
194.097,320.4114489806424,-912.1296986814276,-77.5746918968834
194.195,319.9077236142736,-911.7146771973637,-77.4963056756963
194.293,319.61513420483647,-911.4739949961532,-77.45264579460542
194.336,319.1913290150824,-911.1289587981655,-77.39209331605161
194.433,318.74208531828776,-910.7683381964847,-77.32612976395654
194.475,318.30857975444303,-910.423850187631,-77.25629719756193
194.82,317.94562223409764,-910.1367759237182,-77.18947675122894
194.864,317.54934412751425,-909.8257214977714,-77.10554220261724
194.91,317.21548753837754,-909.5650626218388,-77.02595649454338
194.951,316.8641579411245,-909.2919438293231,-76.93416641656125
194.994,316.37834853686047,-908.9205691076814,-76.79637433955628
195.038,316.0743093066927,-908.696176092889,-76.70613662156296
195.079,315.46841977641753,-908.2702850906143,-76.52102532810238
195.121,315.09659507811534,-908.0206236456794,-76.40655193588611
195.162,314.5468853846751,-907.6607427398673,-76.2412854479515
195.521,314.1353952229751,-907.3894772414933,-76.1226627090773
195.562,313.70636860240387,-907.102243459768,-76.00590276346941
195.76,313.2634607478716,-906.8022712845845,-75.8934183180848
195.802,312.8558452462363,-906.5242873970541,-75.79660002969337
195.844,312.4178667418444,-906.2282024692139,-75.70178780025174
195.887,312.01067543679864,-905.9548461102177,-75.62129129994753
195.928,311.5607634608991,-905.6454566628402,-75.53930718435612
195.97,311.18420189662214,-905.3800846890387,-75.47698682444843
196.012,310.78540645629903,-905.0935403624352,-75.41234743676006
196.053,310.49681217342504,-904.8833047869088,-75.36454086940603
196.097,310.170241708656,-904.6437517129525,-75.30770644519941
196.138,309.79912462465313,-904.3725793956482,-75.23984651824992
196.182,309.5068069086093,-904.1597160695305,-75.1815013139024
196.224,309.26106974373516,-903.984349935993,-75.12904966072841
196.266,308.9121807999782,-903.7378120109354,-75.04893986555811
196.309,308.5802332656217,-903.5078415154846,-74.9664077958588
196.35,308.3958208117549,-903.3815409627591,-74.9175756833211
196.392,307.88275348748016,-903.0311697994129,-74.77254795312882
196.435,307.53831619532747,-902.794912642961,-74.67178298752003
196.478,307.0791947751443,-902.4809980662096,-74.5378307260682
196.52,306.73508527869365,-902.247865761399,-74.43809663767996
196.665,306.34308780628635,-901.9840320023777,-74.32653244876815
196.707,305.8325859316889,-901.6410189297071,-74.18514023477326
196.749,305.32139102313624,-901.2936863788315,-74.04639765582135
196.791,304.91265559792623,-901.0144416594917,-73.94011103360964
196.836,304.56092965118967,-900.7754266916032,-73.85277409767224
196.931,304.045277464112,-900.4244113857974,-73.72872529259297
197.077,303.640650979625,-900.1472620485864,-73.63459261924004
197.22,303.2987266948069,-899.9125707210695,-73.55699334442795
197.261,302.7908522811265,-899.5637077772324,-73.44190649199726
197.359,302.3709187021718,-899.2788426110441,-73.34889103206399
197.402,301.91503076592824,-898.9729586026799,-73.25008765212152
197.445,301.3349407089946,-898.581200369782,-73.12496055288375
197.487,300.9724471705589,-898.3356564580178,-73.04774201693778
197.53,300.48521330616643,-898.0075041016925,-72.94604436564856
197.575,299.8136752706867,-897.5587618592178,-72.81257973935368
197.618,299.51422937390237,-897.3589464274717,-72.75707211890568
197.714,299.01144978966664,-897.0204850745546,-72.6683506083267
197.809,298.37716657284966,-896.587448700977,-72.56289439249576
197.902,298.13317673368243,-896.419934140075,-72.52484309775411
197.945,297.6502310740017,-896.0885257724548,-72.45250966662155
197.988,297.4199351763947,-895.9304045488702,-72.41868471309533
198.081,296.75471005464146,-895.4743103259985,-72.31930760852629
198.234,296.3213316055418,-895.1778500273715,-72.2505483942603
198.275,295.87810678295097,-894.8748184459024,-72.1751533445784
198.318,295.3942833197156,-894.5477805522498,-72.08637346052564
198.415,295.04432764900014,-894.3121451458132,-72.01639511403852
198.457,294.6551235704822,-894.0510785113464,-71.93415719679837
198.5,294.1418101455868,-893.7077152446183,-71.82010164464612
198.54,293.6728965987287,-893.3962450842632,-71.71075869164031
198.583,293.2722500450857,-893.1353315098161,-71.61548688567547
198.624,292.9675883271674,-892.9402781134397,-71.54265942216784
198.718,292.46538532426985,-892.6222576620044,-71.42135338155816
198.76,292.02608253771393,-892.3440013995561,-71.31657989800351
198.85,291.6124282365015,-892.0815432214823,-71.22021958547094
198.992,291.1312046932163,-891.7794532886334,-71.11391046023948
199.033,290.58634514884767,-891.4352437156207,-71.00189071465309
199.076,290.202539783509,-891.190563096128,-70.93211455606166
199.12,289.7096774372027,-890.8751927204089,-70.85503414976347
199.215,289.42898918453875,-890.6955524752631,-70.81625212959432
199.255,288.6770368745877,-890.21020485332,-70.72997212058044
199.3,288.2761968700175,-889.9494641258005,-70.69048244294385
199.394,287.6907211569529,-889.5558179703715,-70.637069990427
199.437,287.2637821577004,-889.2632138853296,-70.60050186619532
199.487,286.853178073711,-888.9837898848626,-70.56402139502023
199.58,286.4548508225753,-888.7121129817525,-70.52527891846091
199.676,286.10614695027164,-888.4706631712646,-70.48542905176862
199.725,285.69037647632285,-888.1838734262667,-70.4279757545861
199.82,285.3092234627011,-887.9158814835669,-70.36585368066761
199.862,284.8203260316319,-887.5713367400347,-70.27954501098753
199.959,284.3724134916849,-887.258573547361,-70.20029887049196
199.999,283.9353492273002,-886.955734849593,-70.12272784884453
200.093,283.44240325530274,-886.6189024764406,-70.0353211191964
200.138,282.9557920482856,-886.2954974710535,-69.95112765199434
200.232,282.3603997971304,-885.9263533191681,-69.85672793908924
200.273,281.85985626743656,-885.6570373385889,-69.79490742327403
200.366,281.43339315509485,-885.445765779037,-69.75342249867106
200.408,280.78574673192907,-885.1208454773674,-69.69695730576291
200.502,280.3209098340285,-884.8811014923651,-69.65975285089183
200.545,279.93928900832486,-884.6809873078745,-69.6297591735505
200.641,279.40365354530866,-884.3952764925936,-69.58517135934744
200.735,278.9752462729509,-884.1601511009428,-69.53975525621837
200.777,278.51990838248133,-883.9094052258465,-69.48034735136946
200.825,277.99547535617234,-883.6252933716453,-69.39981329050318
200.975,277.5530237842561,-883.3840026312462,-69.32166475102554
201.015,277.1695588749145,-883.1711033117965,-69.24577991120594
201.057,276.5308565751938,-882.813901797563,-69.10755550013215
201.099,276.1540363063583,-882.6115559242221,-69.02556549320445
201.252,275.65607415328356,-882.3518925261525,-68.91735343702777
201.296,275.06014784964043,-882.0560952765707,-68.79118288120162
201.338,274.5563721555918,-881.8106693773448,-68.686655632733
201.433,274.0205891632083,-881.5381687977961,-68.57854174933942
201.477,273.40788536550895,-881.2291353790715,-68.4605744070704
201.517,273.09213094948853,-881.0702137899129,-68.40110711300986
201.561,272.3596655029661,-880.7024910082071,-68.26804601359873
201.658,271.7453783881105,-880.3964795385252,-68.16209759237552
201.7,271.24749718366144,-880.1527797363768,-68.07662580326053
201.742,270.842430140494,-879.9557864394932,-68.00634794997302
201.886,270.29753920141474,-879.6946404949741,-67.91137234212925
201.931,269.84462897799267,-879.4746575212625,-67.83542775483863
201.98,269.37831710337036,-879.2516152417209,-67.76277640326163
202.071,268.81554889835746,-878.9865106669406,-67.679745389586
202.114,268.3244096484992,-878.760263654256,-67.60944106091057
202.21,267.7947969210172,-878.519817997169,-67.53600309276322
202.256,267.16611361956757,-878.2351637904495,-67.4572102534105
202.349,266.6470374811498,-877.9944846923871,-67.40372913080199
202.389,266.2130153875608,-877.7909442321146,-67.36676947236089
202.483,265.54642728179,-877.4735737542857,-67.3195086937422
202.527,265.08904860350947,-877.2507119837417,-67.28915988881465
202.622,264.63225047353717,-877.0256192128203,-67.25852238507906
202.663,264.1662436641274,-876.7964746098774,-67.22607752611151
202.81,263.77354006219576,-876.601619537727,-67.19328158867626
202.85,263.27220208680365,-876.3555794001645,-67.14298474495655
202.894,262.83649905284005,-876.1429436197269,-67.09027473688559
202.996,262.5024358086371,-875.9817501484358,-67.04346717089732
203.043,261.976880044522,-875.7330911252349,-66.96043256402334
203.09,261.5106305147855,-875.5128013950747,-66.87971940722514
203.193,260.98605222350835,-875.2661634355967,-66.78147194229706
203.239,260.51461903134077,-875.0442359872682,-66.6879281040815
203.398,260.01491048727326,-874.8089935320834,-66.586037631453
203.614,259.3050915125534,-874.4752576131181,-66.43703985789352
203.661,259.0122973760641,-874.3386264950641,-66.377853459417
203.707,258.47636246787044,-874.0876113431026,-66.27619154993926
203.754,257.89035554780617,-873.8085072088861,-66.17764329431714
203.799,257.38547311618186,-873.56421470667,-66.10514900214088
203.844,256.6481748625189,-873.2045118762423,-66.01510579809701
203.891,256.36338677306117,-873.0642720441975,-65.98369441391452
203.937,255.86417881690323,-872.8160350911104,-65.93167855742013
203.983,255.18021257186572,-872.4719063497537,-65.86620454229552
204.143,254.8323527808391,-872.295289906653,-65.83582626280929
204.189,254.3448725816206,-872.0485241810799,-65.79628656073089
204.233,253.9149411740837,-871.8330868162308,-65.76096241807846
204.279,253.2563114627755,-871.4972240318918,-65.70601647185458
204.324,252.73068327636855,-871.2279391490573,-65.66356738476097
204.37,252.0953592194588,-870.8945334531303,-65.61073204278131
204.417,251.53852546151938,-870.6009564877766,-65.56161275490777
204.462,251.27477214775985,-870.4636531563385,-65.5368965181811
204.51,250.90843864898898,-870.269296674215,-65.50046849533345
204.556,250.3670812965371,-869.9764723707372,-65.44446352835058
204.655,250.04975436303909,-869.8066498990751,-65.41200227757673
204.821,249.62604446324346,-869.5803660872326,-65.36677037310773
204.865,248.967221080971,-869.2326739115448,-65.29378092509191
204.911,248.72789066839962,-869.1071411043366,-65.26668437727201
204.957,248.07622098826312,-868.7635278143092,-65.18766552472528
205.002,247.8412102117651,-868.6401537537587,-65.15733630891216
205.049,247.42264519389568,-868.4203842876118,-65.1009096686114
205.15,246.7828147575804,-868.0877799012568,-65.01329390317272
205.197,246.34714601432273,-867.8608727755354,-64.95565669589189
205.25,245.84811156562813,-867.5992302550806,-64.8917852485009
205.296,245.42544646970998,-867.3759253150678,-64.83951939138845
205.451,244.98232368903996,-867.1417544137461,-64.78817921776238
205.501,244.47575384683253,-866.8696081053839,-64.7334967650454
205.546,244.04577332895715,-866.6355701486771,-64.68841361872626
205.592,243.7984256888777,-866.5016214165275,-64.66275873534988
205.638,243.1290572050325,-866.1370313927654,-64.5948994199909
205.687,242.85351777171854,-865.9861705740238,-64.56757644331884
205.792,242.12792987438712,-865.5888204478081,-64.4968451063175
205.837,241.6887631910958,-865.3446284801428,-64.45250765167654
205.936,241.3085643814176,-865.1339716078405,-64.41364431380077
205.98,240.7959888252267,-864.8523044213766,-64.36310625776258
206.135,240.47314442724638,-864.6736717284903,-64.33283260129105
206.179,239.90561663147912,-864.3593715931029,-64.28121783921586
206.278,239.546683657352,-864.1616216228086,-64.2479463090057
206.324,238.98823950081635,-863.8539854192686,-64.1931933410606
206.368,238.51313159679634,-863.594380180941,-64.14464567026826
206.468,238.14714028749722,-863.394983690705,-64.10670547993521
206.514,237.60276168155897,-863.0970066849085,-64.04880464832897
206.558,237.20445651686344,-862.8782120591367,-64.00179694627991
206.604,236.7638973561076,-862.6362521120298,-63.94435364365637
206.648,236.4307985796525,-862.453984454724,-63.898245645737006
206.748,235.79743361527377,-862.1062004360706,-63.80169191483304
206.792,235.26741832281002,-861.8152528826631,-63.713547212011804
206.836,234.74915753253575,-861.5250986043843,-63.62375426618317
206.938,234.35257902209517,-861.3010425116377,-63.55201302806
206.983,233.97804759784384,-861.0916461822563,-63.48440223163769
207.19,233.9720800858641,-861.0931748022574,-63.488526884458
207.234,233.96694946461798,-861.0899122229926,-63.48954352171381
207.28,233.95765698877193,-861.0826177517403,-63.49073608869725
207.326,233.94905363932563,-861.0756932864872,-63.49184238216202
207.37,233.94470980052898,-861.0721761855891,-63.49252369955718
207.414,233.93811856910446,-861.0667993952519,-63.49422622923316
207.636,233.93467778307516,-861.0638202369184,-63.495914617316316
207.681,233.93293072709855,-861.0622235978785,-63.497200258309306
207.729,233.93135994886643,-861.0605118432497,-63.49939259061435
207.772,233.93070261178312,-861.059421050762,-63.501702206697956
207.818,233.93063086201755,-861.0589295844047,-63.50328546898004
207.862,233.9308017288563,-861.0584830574678,-63.50531107205546
207.909,233.9311940547476,-861.0581241653418,-63.507496709963505
207.954,233.93156254960437,-861.0578945436253,-63.509184587764366
208.054,233.9318570077482,-861.0576166097463,-63.51081193137895
208.099,233.93227349787674,-861.0572894711605,-63.51285700694183
208.203,233.93254195024838,-861.0570532629007,-63.51428780873431
208.247,233.9327841247113,-861.0567212394562,-63.515897641872755
208.301,233.9330397298258,-861.0563337927182,-63.51773571652183
208.371,233.93317992486607,-861.0560699112835,-63.51890477740582
208.417,233.93331982271536,-861.0557275000663,-63.52036829913936
208.525,233.9334624758414,-861.0553582397536,-63.52194812941042
208.613,233.93356263204095,-861.0550667806584,-63.52305890734618
208.658,233.93367978373587,-861.0546895638419,-63.5245952657705
208.702,233.9337514264444,-861.0544389978644,-63.52560411902698
208.752,233.93386141557988,-861.0540939927262,-63.526926395262194
208.851,233.93396817705775,-861.053750860292,-63.52830980046156
208.896,233.934049566907,-861.0534809109308,-63.52932771696126
208.949,233.93412831923285,-861.0532495791978,-63.530227216624326
209.047,233.93422182952364,-861.0529348689536,-63.531478932047264
209.148,233.93431696613143,-861.0526407897589,-63.53256077165662
209.188,233.93436787814653,-861.0524724196802,-63.53328261108027
209.278,233.93445528081472,-861.0521897111219,-63.534391292933265
209.318,233.93454245985538,-861.0519093416302,-63.53540202630768
209.359,233.93458713048287,-861.0517557183192,-63.53605994634694
209.45,233.93467651732874,-861.0514696882947,-63.537183813405136
209.543,233.9347403293329,-861.0512439374244,-63.53798328963899
209.632,233.93479289978814,-861.0510689288819,-63.53867580870269
209.673,233.93485196275702,-861.0508542437755,-63.539495199199564
209.763,233.934925799617,-861.05062396144,-63.540361855603294
209.803,233.9349762041669,-861.0504552623742,-63.541037150287366
209.843,233.93502982136823,-861.0502677808371,-63.54173448867812
209.983,233.93509466335718,-861.0500612486746,-63.54250893925149
210.028,233.9351379930515,-861.0499164126209,-63.54308245516998
210.08,233.93518533681572,-861.0497390500861,-63.54373059065529
210.129,233.93523372113503,-861.049573237016,-63.54436755546851
210.223,233.93528553767288,-861.049406341175,-63.5449733208705
210.27,233.93532726552326,-861.0492461684821,-63.54556870498442
210.513,233.9353741327687,-861.0490826374559,-63.546153772633204
210.757,233.9354171691335,-861.0489420123539,-63.54671726499018
210.8,233.93545615674958,-861.04879588119,-63.547250628994504
210.842,233.9354969496839,-861.0486453390797,-63.54778534527367
210.883,233.93553288435078,-861.048520665738,-63.54828212721205
210.925,233.9355605678253,-861.0484008157263,-63.54869392989474
210.966,233.9356020324844,-861.0482521974847,-63.549226542935116
211.009,233.9356259882448,-861.0481585919746,-63.549594293155565
211.049,233.93565617048296,-861.0480365992265,-63.550010560377046
211.09,233.93569097358136,-861.0479060897786,-63.55047225249581
211.131,233.93571534690187,-861.0478092389386,-63.55085247457373
211.171,233.93574003435276,-861.0476941359107,-63.55124718132433
211.214,233.93577306458246,-861.0475421945002,-63.551777759120796
211.262,233.9357880185898,-861.047490522426,-63.55197636411427
211.305,233.93580865203106,-861.0473902823624,-63.55232104054414
212.116,233.9358320768264,-861.0472834592622,-63.55267063867973
212.163,233.93589215786625,-861.0470067840802,-63.55360642554993
212.22,233.93590776642736,-861.0469344217219,-63.55388190700023
212.271,233.93592588978453,-861.046842643819,-63.55417384893883
212.315,233.93594433641562,-861.0467543548,-63.554449025259004
212.357,233.93595769430726,-861.0466866773692,-63.55470833176889
212.398,233.93597382692286,-861.0466023472089,-63.55496941002764
212.439,233.9359900286007,-861.0465192955628,-63.5552158139308
212.479,233.93600075019546,-861.0464563364643,-63.55545164520163
212.52,233.93601428227703,-861.0463800006994,-63.55567809736243
212.56,233.9360325347053,-861.046269773745,-63.55597562977567
212.6,233.9360380638321,-861.0462413067502,-63.55612343611517
212.64,233.93605151486156,-861.0461649642376,-63.55633242010714
212.682,233.9360716559859,-861.0460271315378,-63.556637286119155
212.722,233.93607635095105,-861.0459920111807,-63.55673433496992
212.763,233.93608177558394,-861.0458836585038,-63.55693314067395
212.803,233.93608161342934,-861.0457103680744,-63.5571602595854
212.843,233.93607484737907,-861.0456221675797,-63.55730675715387
212.884,233.9360652246378,-861.0454844006289,-63.55746846009319
212.925,233.9360412373085,-861.0452849606211,-63.55762699691488
212.965,233.9360260365243,-861.0452144117818,-63.557729047156954
213.005,233.9360083883737,-861.0450776520601,-63.5578722391453
213.044,233.9359802579409,-861.0448622000806,-63.558052751047995
213.135,233.93596489653112,-861.0447806938733,-63.558150913832804
213.176,233.93594156455168,-861.044615454569,-63.558313579437254
213.217,233.93591038314048,-861.0444128031074,-63.55847750617937
213.311,233.93589979034397,-861.0443485527061,-63.558551138992925
213.352,233.93587763089732,-861.0441843323592,-63.55871094470393
213.444,233.9358583147386,-861.0440536722708,-63.558743556529464
213.486,233.9358312104029,-861.0439454561722,-63.55888208620456
213.581,233.93581828781478,-861.0438243778178,-63.559012549732586
213.625,233.9358023189912,-861.0436985512129,-63.559043907793125
213.719,233.93578165299277,-861.0435306769897,-63.55922059714055
213.761,233.93577671367,-861.0434797857803,-63.55928578941132
213.853,233.93576214411257,-861.0433487077181,-63.55932977022076
213.894,233.93574425183934,-861.0432587029026,-63.55944046336202
213.935,233.9357351978343,-861.0431491172169,-63.55955302321348
214.028,233.93572126825035,-861.0430270419203,-63.55959242790044
214.175,233.9357033283918,-861.0428807441605,-63.55973060345639
214.216,233.93569782952864,-861.0428349989041,-63.559789449713435
214.256,233.93568538225833,-861.0427062008362,-63.55985922784885
214.297,233.93566708318477,-861.0425614128923,-63.55998220656954
214.341,233.9356606729375,-861.0425150551063,-63.560040902536485
214.484,233.9356376997884,-861.0423471817386,-63.56010581227815
214.527,233.93562619537084,-861.0422533401526,-63.560205697989204
214.622,233.93562001080636,-861.0422095323474,-63.56026537939931
214.662,233.93559799071113,-861.0420647498331,-63.56030462600785
214.907,233.93558707522547,-861.0420211224977,-63.56038320689521
214.998,233.9355758625441,-861.041856645797,-63.560521559823655
215.043,233.93555590145644,-861.0417986316684,-63.560515913166114
215.085,233.9355476110655,-861.0417153572429,-63.56060782929103
215.126,233.93554313691837,-861.0416754401981,-63.56066493108759
215.168,233.93552634766968,-861.0415444325062,-63.56068959634612
215.212,233.93551691323756,-861.0415063312756,-63.56076400858015
215.254,233.93550930472236,-861.0413916811286,-63.5608903830211
215.295,233.93549085332046,-861.0413154085722,-63.56082783664016
215.339,233.93548044592666,-861.0412511613912,-63.56091433981794
215.431,233.935476838802,-861.0411396781407,-63.561025651923245
215.473,233.9354700052042,-861.0410712373915,-63.56108233947384
215.513,233.93546369528855,-861.0409564034799,-63.56117610394122
215.604,233.93545231873918,-861.040823280797,-63.56127785266142
215.745,233.9354397394853,-861.0407593008833,-63.561309827300306
215.787,233.93542477967378,-861.0406497075743,-63.56139664547618
215.83,233.93541306856685,-861.0405239491769,-63.56148083176646
215.871,233.9354004299321,-861.0404637115128,-63.56151051017105
215.914,233.93538764363257,-861.0403548450938,-63.56159414533107
216.007,233.93538014137658,-861.0403165463598,-63.561641644672704
216.048,233.93536061223918,-861.0401709003437,-63.56173279012074
216.139,233.93534979325796,-861.0400676481722,-63.56180806746249
216.18,233.9353455209045,-861.0400423849459,-63.561839112339555
216.277,233.93532788348386,-861.0399133424218,-63.56191780021845
216.368,233.93531712367763,-861.0398372304564,-63.561981827570776
216.412,233.93530603261075,-861.0397527413414,-63.56210620993954
216.454,233.9352918885358,-861.0396944106586,-63.56210261473149
216.498,233.9352873515785,-861.0396637504548,-63.56214576959036
216.748,233.93527815355185,-861.039557692145,-63.56225850902487
216.79,233.9352678331747,-861.0394782650538,-63.56227672744478
216.831,233.93526063255473,-861.0394129807922,-63.56231289214895
216.873,233.9352532539678,-861.0393348332547,-63.562429095971055
216.915,233.93524189935715,-861.0392748070675,-63.56242856293326
216.958,233.9352379905264,-861.0392451431987,-63.562469784597
216.999,233.93522859650426,-861.0391337203108,-63.56252986243055
217.092,233.93521771033488,-861.0390914929761,-63.56256090494958
217.133,233.93520992290695,-861.0390164279299,-63.56262619828203
217.175,233.93520458579673,-861.0389468332182,-63.56267094980171
217.275,233.93519312952492,-861.0389018798477,-63.56271045154307
217.371,233.93518739046237,-861.0388256946488,-63.56276900657687
217.415,233.9351805566473,-861.0387532315377,-63.562870858316955
217.456,233.9351688062839,-861.0387076271029,-63.562857558055384
217.507,233.93516413043733,-861.0386821838852,-63.56289773352995
217.654,233.93515545029214,-861.0385832732062,-63.56295090025418
217.697,233.9351443711395,-861.0385453132945,-63.56298658274102
217.74,233.93513948130277,-861.0384857610745,-63.56303031260438
217.885,233.93513378151943,-861.0384114892347,-63.56308273584676
217.927,233.9351237837364,-861.0383728101225,-63.56311132964191
217.971,233.93511871269766,-861.0383128880267,-63.56315121524045
218.064,233.93511366684479,-861.0382801028504,-63.56320017638035
218.107,233.93510280784255,-861.0381985657522,-63.5632049891467
218.2,233.93509409279207,-861.0381631106873,-63.56323192039406
218.244,233.93508561819647,-861.0380960240427,-63.56329595107249
218.338,233.935079750354,-861.0380643950402,-63.563307997190265
218.432,233.93507624501757,-861.0380336889591,-63.563355226004205
218.476,233.93507232208654,-861.0379779150975,-63.56338953553325
218.522,233.93506710554237,-861.0379209606999,-63.5633851776704
218.564,233.93505325725292,-861.0378735849503,-63.563423658188356
218.664,233.9350474676318,-861.0378547516233,-63.563474750263936
218.766,233.93504460804894,-861.0377815743046,-63.56349438704288
218.862,233.93503887589736,-861.0377288226495,-63.563546026565945
218.904,233.93503530326353,-861.0377093273721,-63.56358246418901
218.945,233.93502942907287,-861.0376278885578,-63.563598955699376
219.042,233.93502445319174,-861.037575288232,-63.56363372004205
219.086,233.9350200391873,-861.0375548588296,-63.563670498383175
219.129,233.9350145710291,-861.0374778620023,-63.56367947376299
219.174,233.9350070524216,-861.0374558095979,-63.56372750392393
219.318,233.9349985230869,-861.0373772872687,-63.563755059466615
219.361,233.93499076678506,-861.0373528514924,-63.56376255219595
219.405,233.9349858975499,-861.0373277384965,-63.563807831229326
219.498,233.93498099473993,-861.0372429713989,-63.56383572710644
219.539,233.93497621893545,-861.0372192333836,-63.56383901489761
219.58,233.9349677574804,-861.0371728276963,-63.56388350315689
219.725,233.93496304112358,-861.0371201928991,-63.563968382703365
219.766,233.93495964352402,-861.0370877887176,-63.56392132389573
219.911,233.93495329677248,-861.0370686004362,-63.56396809927139
219.95,233.93494920441702,-861.0370311691206,-63.56398493147444
219.99,233.9349379808047,-861.036970762356,-63.56400992911142
220.035,233.93493526391615,-861.0369527797803,-63.564042995948114
220.183,233.93493149573112,-861.036885665135,-63.564049425893586
220.226,233.9349241828055,-861.0368672228703,-63.56402487575758
220.266,233.9349181287219,-861.036838079242,-63.56405616807922
220.31,233.9349145442419,-861.0368279767897,-63.56409060323472
220.351,233.93491107791453,-861.0367692509719,-63.56409791456679
220.401,233.93490864102625,-861.0367546288973,-63.564130850219044
220.496,233.93490713412805,-861.0366765809922,-63.564206347508616
220.537,233.93490461136298,-861.0366490543934,-63.564155494006854
220.579,233.93489605164513,-861.0366128855624,-63.56419296877942
220.673,233.93489316823653,-861.0365966044262,-63.56422373885073
220.715,233.9348909634789,-861.0365379552297,-63.56420652478579
220.916,233.93488264248762,-861.036499599381,-63.56424599446058
220.959,233.9348785441342,-861.0364868309855,-63.56427732108784
221.0,233.93487237663152,-861.0364287746836,-63.564278201087205
221.042,233.93486785737753,-861.0363923413945,-63.56429876033707
221.137,233.93486411090606,-861.0363799715459,-63.564329268569395
221.179,233.9348607064074,-861.0363238744969,-63.56431707267453
221.222,233.9348542100787,-861.0362957077061,-63.56433758662348
221.264,233.93484970438712,-861.0362809967551,-63.56437754511654
221.359,233.9348481378675,-861.0362218225686,-63.564367461285656
221.401,233.9348422407782,-861.036192465114,-63.56439488202216
221.6,233.93483827473847,-861.0361833268736,-63.56442480191441
221.754,233.93483471003935,-861.036133494726,-63.56441031322899
221.795,233.93482921798568,-861.036123020524,-63.56445137537088
221.837,233.93482649278596,-861.0360947432409,-63.56445804572547
221.878,233.93482357212778,-861.0360416715434,-63.56444610521709
221.921,233.93481612028074,-861.036016124368,-63.56447085038258
221.963,233.93481408776088,-861.0360096147427,-63.564489863846745
222.009,233.9348114953853,-861.0359543953498,-63.56447935314324
222.16,233.93480780630665,-861.0359309832122,-63.564483774319854
222.201,233.9348037448036,-861.0359187965073,-63.56452217304172
222.243,233.93434107983416,-861.0374144881761,-63.553762187393545
222.284,233.93326113962326,-861.0388486708201,-63.54622124585478
222.325,233.9239914405709,-861.0389765314524,-63.52505350199647
222.366,233.87775387130984,-861.023501779005,-63.4795871100809
222.608,233.84894749154233,-861.0114446157021,-63.460952086532615
222.649,233.77184707047246,-860.9741972056871,-63.42386796212031
222.743,233.68506947295947,-860.9288830761709,-63.394259101011414
222.784,233.61388004491528,-860.8899330356977,-63.375304883606134
222.825,233.4687652515246,-860.8048264803942,-63.345469161485596
222.867,233.3926662073291,-860.7597875029643,-63.333426733068904
222.909,233.24164422069526,-860.6693511110722,-63.31394159105625
222.949,233.16469909230887,-860.623330110026,-63.30530179574902
223.042,232.98606270966354,-860.5157951456788,-63.286328012793035
223.134,232.7911146591081,-860.3995998959884,-63.265242202451645
223.176,232.72457364931756,-860.3604034425914,-63.25784376262044
223.217,232.565780018562,-860.2672144575764,-63.24007874991858
223.267,232.24637435687904,-860.0827391033843,-63.2039246104394
223.409,232.1648736151688,-860.0363016360826,-63.19456968394303
223.506,231.88358691073904,-859.8751980032682,-63.16132446809718
223.546,231.65000875403732,-859.7406764208588,-63.133501758320875
223.588,231.513344550917,-859.662072762662,-63.11747172944246
223.629,231.25802726728975,-859.5142843723986,-63.08789211902024
223.67,230.88421696964386,-859.2981597575434,-63.04465455166985
223.761,230.77976772885754,-859.2376685564662,-63.03215366040544
223.802,230.41232089593825,-859.0261509674683,-62.98833686399922
223.893,230.11783328365226,-858.8579173784502,-62.95417517194741
223.984,229.74691970209224,-858.6455821260589,-62.91305050185585
224.025,229.69172115790985,-858.6141556781051,-62.907193246127974
224.066,229.31296583985477,-858.3968195305921,-62.86671192960037
224.16,228.82488002527882,-858.1143054389597,-62.80973114909315
224.206,228.6318409896238,-858.0032276930556,-62.78622291473283
224.308,228.1992473313622,-857.7546784711037,-62.73151198098455
224.362,227.99253794204395,-857.6367126116577,-62.704560409257596
224.408,227.5222190309919,-857.3708173090342,-62.64186786890912
224.508,227.05463136160466,-857.1090158469856,-62.58309890169909
224.553,226.69760550927597,-856.9100756816382,-62.542059626260595
224.661,226.30314372900148,-856.6948082025863,-62.497825559665074
224.712,225.88035024520053,-856.4691510111201,-62.44867319638931
224.814,225.54257308413662,-856.2882741820101,-62.40863696008225
224.861,225.05045882640388,-856.0266820413883,-62.3463642021388
224.909,224.69883649680855,-855.8409144232505,-62.298269135416746
224.955,224.3307424817435,-855.6465751720352,-62.24549375868361
225.055,223.94992756536277,-855.4423774859232,-62.18827135044077
225.158,223.5062914767693,-855.213373797465,-62.11794476926653
225.203,222.9930541670724,-854.9544854031134,-62.03152898391818
225.249,222.7206744935366,-854.8151668907292,-61.98534877817889
225.295,222.14471083980413,-854.5181070480722,-61.88495391565101
225.454,221.65569373082303,-854.2690803815157,-61.797383649157865
225.501,221.28209021361994,-854.0762982329511,-61.73134461903777
225.546,220.74798273411815,-853.8041203400489,-61.63878142987761
225.596,220.26941869929323,-853.55796974652,-61.56169134646791
225.643,219.69957905498285,-853.2592000330789,-61.47944888023119
225.804,219.1758242608626,-852.9852864409455,-61.40963356264365
225.849,218.72317370246148,-852.7468003709567,-61.35391715984383
225.95,218.27367955074544,-852.5050570617595,-61.30601723580804
225.998,217.77867288185473,-852.2330181586982,-61.26163473345733
226.045,217.31907874734105,-851.9762350728043,-61.229186599175534
226.149,216.88134255404503,-851.7309857130272,-61.20624305289476
226.197,216.36612541657422,-851.4380336595942,-61.18586742630163
226.243,215.83974223942673,-851.1402642909611,-61.17662956363182
226.347,215.38168705280538,-850.8803765953671,-61.17507258890663
226.394,214.8615136987992,-850.5858835790942,-61.17873178495984
226.441,214.25381710344854,-850.23946984101,-61.18838975303282
226.486,213.9565632550046,-850.067241029278,-61.19389420718829
226.587,213.39669060191238,-849.7385681558552,-61.20570248111099
226.633,212.9991944017334,-849.5057829668013,-61.21344005453537
226.68,212.51801011899875,-849.2246536615866,-61.216696627988824
226.734,211.99912202565895,-848.9245953692728,-61.20608375793671
226.836,211.83297264359146,-848.829176146449,-61.198575851463204
226.881,211.27583639552313,-848.5095838664972,-61.15606846310044
226.99,210.8451476326959,-848.2603636468758,-61.10487712584137
227.035,210.4515822002948,-848.0323597006001,-61.04420781188122
227.08,209.97420907024025,-847.7544831791855,-60.95385336053053
227.126,209.7273320922201,-847.6105189756431,-60.90582132092493
227.179,209.0449526184475,-847.2093266761386,-60.77912103919073
227.283,208.59638330170336,-846.9437494025381,-60.706235232808496
227.549,208.0915651207167,-846.6468854443459,-60.63317154500254
227.593,207.46020180748093,-846.2827246062849,-60.551752346609305
227.637,207.0531251598493,-846.0527116678388,-60.50360367290091
227.739,206.49108298986056,-845.7518279338908,-60.45201715899654
227.785,206.14133600339886,-845.5814339215963,-60.436545431079196
227.829,205.67403944745098,-845.3558181792768,-60.43889588587638
227.983,205.32602358840614,-845.1833942589739,-60.46131986101511
228.026,204.88760268945316,-844.9621034306415,-60.51095061815968
228.069,204.65360374033858,-844.8426689707011,-60.54511025327636
228.114,204.19692348900486,-844.6074770079525,-60.61929122893315
228.158,203.79574141641555,-844.3995975950774,-60.69013298758125
228.203,203.496229053479,-844.242157560393,-60.74483611943003
228.247,203.0393691626523,-843.9926879110452,-60.82776008682981
228.292,202.76033216461164,-843.8296865557746,-60.88004178009976
228.337,202.35239911689374,-843.5769512546293,-60.9570607926658
228.387,201.9093641949561,-843.3011529150276,-61.03571748997712
228.538,201.60718382145842,-843.112481211407,-61.0846628577776
228.584,201.20892707776488,-842.8615189837591,-61.14574825639562
228.629,200.93296719062795,-842.6819512164169,-61.18683517475512
228.737,200.6170975899288,-842.4707638225404,-61.23214220624908
228.785,200.25808023861845,-842.2246595717048,-61.28081421282852
228.835,200.00054203640624,-842.0511620885053,-61.31484524456667
228.882,199.62010519494635,-841.7998035177067,-61.36122887637117
228.928,199.34708635918997,-841.632068543425,-61.3890869101904
228.974,199.00428712018967,-841.4303609284685,-61.41590695050377
229.019,198.60832799665312,-841.201055697273,-61.436086700528676
229.121,198.30770177401436,-841.0216252613094,-61.44343575201901
229.175,197.94692963522135,-840.8034329804211,-61.44860948292322
229.232,197.6072332610491,-840.5977154842834,-61.45216233948915
229.392,197.19006433131997,-840.3385097271456,-61.45847344276751
229.44,196.72606588979872,-840.0444124565756,-61.471548463291754
229.486,196.30622430306576,-839.777702102339,-61.48901692485862
229.537,195.9929652067769,-839.5800085229018,-61.508419134153286
229.638,195.50264291783873,-839.2640184364017,-61.55450910787795
229.683,195.2691481095944,-839.1117205177829,-61.5866562061118
229.785,194.6986309175901,-838.7164874250661,-61.68862399763623
229.834,194.31609582446765,-838.4257478970255,-61.77153515972722
229.88,194.10286821970666,-838.2595506398889,-61.821206936507224
229.984,193.58888478690338,-837.8525746663751,-61.947075840652985
230.031,193.2413808036766,-837.5688196527054,-62.035652644686024
230.076,193.05928840370342,-837.417078597513,-62.08524085699699
230.208,192.6792069604507,-837.090192471203,-62.19367693182579
230.254,192.38341809664053,-836.8251161667522,-62.273068302955835
230.36,192.00651977030387,-836.4760022424862,-62.361314442807014
230.406,191.8175256808937,-836.3000468718756,-62.3985923777654
230.45,191.53230222819607,-836.0374695883193,-62.44332393957029
230.494,191.32054092478893,-835.8436935664898,-62.467418203526165
230.537,191.00462541173792,-835.5539790019019,-62.48630892418885
230.637,190.6582724336568,-835.2481241207926,-62.4918281802137
230.73,190.4895157706892,-835.1046811649377,-62.4901018977213
230.771,190.10838771445088,-834.7813072451684,-62.47498016275674
230.862,189.78768546280367,-834.509891511042,-62.457818146852134
230.904,189.37568496852833,-834.1651469342951,-62.43798581404471
230.997,189.11241006345193,-833.9475182848738,-62.42729540405222
231.094,188.73804062235396,-833.6429125077972,-62.41800457283006
231.137,188.29452178916904,-833.3260303929899,-62.42902196688496
231.188,187.9617232055433,-833.100309977194,-62.45403105558151
231.27,187.5691387466349,-832.8305850598557,-62.50381776252212
231.31,187.1321976484549,-832.5263007063071,-62.5843131757114
231.457,186.80754879314458,-832.2998920241793,-62.660080653059055
231.502,186.37148494326567,-831.9958453532154,-62.781542337631095
231.544,186.23348919251228,-831.9000497156261,-62.82315715377149
231.639,185.73001042991615,-831.5501379739884,-62.98294147982031
231.681,185.390627226628,-831.3167140019186,-63.09400100848728
231.727,185.0579412565035,-831.087348079918,-63.20464810221753
231.77,184.7566396811327,-830.8782695888519,-63.304539232371866
231.863,184.43961788102186,-830.6571407862838,-63.40682199907934
231.905,184.12951718425848,-830.4413862006847,-63.502137056769186
231.959,183.84276722770275,-830.2449956945972,-63.58258693773598
232.054,183.54043727022776,-830.0422529588172,-63.6564272477236
232.149,183.2272050964205,-829.83257397497,-63.718604784833104
232.201,182.93690700016825,-829.6372125210647,-63.76183386602375
232.355,182.62934973952065,-829.4281891101735,-63.79185618588997
232.395,182.40877458369513,-829.2784161503997,-63.803184864168145
232.436,182.07677580937178,-829.0544346439696,-63.80552263815525
232.482,181.69732282648113,-828.822793408874,-63.79722497128719
232.525,181.40930365704034,-828.6596071275692,-63.785595876082766
232.623,181.00976799910555,-828.4292701618111,-63.76991019561228
232.714,180.6394056537133,-828.2099273921623,-63.757101578795044
232.757,180.31772957062662,-828.0078608407695,-63.74793778671835
232.799,179.8713447594316,-827.7137119452216,-63.74305639173542
232.845,179.5455205858267,-827.4983658388247,-63.74790542456486
232.938,179.1572632683484,-827.2413979925656,-63.765693353020595
232.987,178.70044386563367,-826.940505128738,-63.801655188919995
233.085,178.3775572333601,-826.727980261015,-63.83500859253431
233.127,177.91970164073956,-826.4306079137482,-63.88916858694813
233.227,177.62567950101786,-826.2379924607749,-63.927142736943665
233.275,177.32871856683448,-826.0433835885085,-63.96742596020118
233.372,176.90917252403992,-825.7702028492687,-64.02378415937198
233.412,176.58251706680406,-825.5555567438388,-64.06122731979247
233.456,176.3050381329511,-825.3729337705139,-64.08651408111686
233.597,175.98522963694504,-825.163302444433,-64.10696825606246
233.69,175.55931403318462,-824.8957526656125,-64.1229365775092
233.785,175.20789161081098,-824.6808063398062,-64.12926452955304
233.828,174.88632520502406,-824.4814219781284,-64.13280829315553
233.869,174.5224440396067,-824.2592961030631,-64.14048097990636
233.916,174.12186315129821,-824.0139508479988,-64.1501909008577
234.011,173.6185643500839,-823.7050114046078,-64.16946038294807
234.053,173.28010854744088,-823.4982333126786,-64.18951110017343
234.095,172.729676437967,-823.1645089402815,-64.23685202803472
234.136,172.2511708713878,-822.8679919253661,-64.29765905088416
234.278,171.89246130580165,-822.6450975802173,-64.358776458743
234.321,171.43301312922063,-822.3578997402246,-64.45452071710105
234.415,170.91154368485817,-822.02340594978,-64.58169824763544
234.457,170.67209625134439,-821.8654513705478,-64.64621741349097
234.55,170.20758995273144,-821.5549870110946,-64.78282647879263
234.591,169.7682341349931,-821.2592604520972,-64.92438058634124
234.688,169.55324892627092,-821.1163170569648,-64.99564553411378
234.73,169.13736069504475,-820.8451153103681,-65.13146322354066
234.775,168.78805851837936,-820.6167062535304,-65.2357449237478
234.818,168.4606923684192,-820.4003832927768,-65.31984539369256
235.017,168.1830261396284,-820.2165422322323,-65.37932404839523
235.059,167.85011204046268,-819.9958093527522,-65.43671723517974
235.103,167.45745000160463,-819.7348861952465,-65.48487706468771
235.244,167.17997266890262,-819.5501130849137,-65.50566872862555
235.286,166.82125266749523,-819.3107450662498,-65.51668075060292
235.329,166.4928351851305,-819.0960785137162,-65.51695202739154
235.371,166.1335485394645,-818.871969698355,-65.51467914580792
235.413,165.68104676619603,-818.5909410932521,-65.50236407569213
235.46,165.44369202716612,-818.4432705645555,-65.49131961686919
235.505,164.97814058801214,-818.1530695308034,-65.46034960106704
235.598,164.55465019396306,-817.8900516476205,-65.42022074079341
235.643,164.25267323890165,-817.705330352227,-65.3862584738722
235.687,163.77038342308174,-817.4513326060728,-65.34484408611999
235.83,163.3354922492344,-817.2587566845754,-65.3201174262015
235.873,162.94818473685996,-817.0997097084811,-65.30330605577598
235.916,162.53957199867904,-816.9309486332655,-65.2871116344514
236.009,162.24289127736878,-816.8055758025899,-65.2751045148957
236.101,161.71884739125204,-816.5839054236807,-65.25298395097744
236.142,161.29853521267322,-816.4107464878539,-65.23855293311959
236.186,160.85213927347345,-816.2276796313829,-65.22589466499008
236.281,160.4190664151887,-816.0494078523529,-65.21458575381843
236.377,159.97633400562611,-815.8700416558293,-65.2041809223042
236.417,159.4978279489041,-815.6773722743114,-65.19542321563677
236.461,159.0497947627329,-815.4976859728032,-65.19113218582228
236.607,158.57411448772456,-815.3063499871682,-65.1937193690224
236.649,158.13667059653176,-815.1291827171206,-65.20153732539245
236.692,157.62502333394684,-814.9190416444403,-65.21680385502722
236.789,157.05415945461613,-814.6826723122512,-65.24330788968979
236.885,156.5777773422234,-814.4818100008547,-65.27144931274961
236.93,156.22852669530027,-814.3342046980977,-65.2934225952038
236.971,155.6989575643446,-814.1099626327444,-65.32666227567225
237.014,155.32476662504922,-813.9503571415571,-65.34878001751125
237.211,154.82559703061207,-813.7358428373236,-65.37788245887324
237.255,154.37987831384626,-813.5443434122071,-65.4060728104424
237.295,153.92336902755105,-813.3461820129507,-65.43557490190105
237.337,153.4865390058975,-813.156805054019,-65.46123213167022
237.378,153.1107948922343,-812.9943150724748,-65.4798372633671
237.474,152.65898681877383,-812.8020196495912,-65.49898130874388
237.516,152.06316191513164,-812.5539603461034,-65.52423055503544
237.558,151.66043471528985,-812.3874455088207,-65.54220143397953
237.606,151.19475120757403,-812.1957377034793,-65.56513243504062
237.699,150.6864319913308,-811.9868406024216,-65.59285431218865
237.75,150.20636045811295,-811.7895127512918,-65.62111659073406
237.845,149.6086654621688,-811.5424613315098,-65.66255430024404
237.888,149.21313261503906,-811.3773575482747,-65.69416569413374
237.98,148.71349272501254,-811.1684287601994,-65.73769059951701
238.024,148.15960067619665,-810.9361833061912,-65.79073073351509
238.066,147.66485114277515,-810.7281500161107,-65.84344932440203
238.159,147.25010676635227,-810.5527240466762,-65.89066605408709
238.253,146.67370719896613,-810.3062548135994,-65.96157298869582
238.295,146.19926973478186,-810.1011756666461,-66.0227151038014
238.389,145.69986665371553,-809.8830925181237,-66.08883705780585
238.431,145.23384861046708,-809.6787324913709,-66.15208951419123
238.531,144.79003197104942,-809.4849153360832,-66.21231674939233
238.575,144.31483386717824,-809.2783411645033,-66.27480992145453
238.669,143.70383286329744,-809.0107321710693,-66.34746317826978
238.715,143.416042296808,-808.884748985605,-66.37813293891102
238.81,142.85761401846585,-808.6417643669419,-66.42858809132352
238.853,142.38270490915158,-808.4344756709082,-66.4604165734739
238.946,141.95360224902785,-808.2518122299189,-66.48206388343488
238.987,141.50519869421186,-808.0642875910058,-66.49867531736473
239.081,141.11341643127886,-807.9025969048629,-66.50907613946987
239.122,140.59085571145917,-807.6891917128087,-66.51866395769008
239.171,140.11199129144435,-807.4978094272194,-66.52340282408827
239.216,139.74662760600907,-807.35348486407,-66.52782971919748
239.364,139.09470485708943,-807.0948631042854,-66.54103286947546
239.407,138.5783378537182,-806.8868859952569,-66.55875933673912
239.45,137.98950046102968,-806.6444897476244,-66.58850022028514
239.545,137.57965974740657,-806.4735149432335,-66.62016287726146
239.639,137.07876062637158,-806.2610550311151,-66.67190623735772
239.68,136.65276689877092,-806.0715589821336,-66.72705776210427
239.775,136.162947314537,-805.8529184103401,-66.80282880638421
239.871,135.7036301301683,-805.6461071408149,-66.88284892733321
239.913,135.2353553461196,-805.4331809261241,-66.97228138168555
240.01,134.81682149763495,-805.242875910453,-67.05885972098113
240.056,134.38356813800797,-805.0453716142216,-67.15019958707731
240.1,133.8810388023531,-804.8110047810771,-67.25091565108195
240.199,133.63283840195854,-804.6977718889324,-67.2975445962899
240.242,133.15250029054758,-804.481715733637,-67.37973724813958
240.283,132.8565166505629,-804.3488593808722,-67.42326585347428
240.43,132.41682305277413,-804.1527378627287,-67.4773349407939
240.471,131.92944974844033,-803.9400571403418,-67.51929682147329
240.515,131.6217320714354,-803.8084930382361,-67.53448556682662
240.558,131.1945437829321,-803.6275832738297,-67.5419155462728
240.603,130.78549502812558,-803.4572918683964,-67.5350695118461
240.697,130.3313017578924,-803.2746396569793,-67.5145431019123
240.741,129.92694302324787,-803.110134355714,-67.48841034846188
240.893,129.48422150742877,-802.9256602958629,-67.45169111396868
240.936,129.05154694458557,-802.7388808012403,-67.40933144109917
241.133,128.65645422555923,-802.5689502033343,-67.36975458633347
241.184,128.09495761958578,-802.3248546988124,-67.3143275721562
241.228,127.51843908931346,-802.0665442356603,-67.26682094954697
241.271,127.23045986650615,-801.9358771229768,-67.24779201872838
241.312,126.64498765068379,-801.6724205459104,-67.21879511408298
241.354,126.127783627934,-801.4370256497871,-67.20463618916312
241.397,125.75695809725347,-801.2678800971738,-67.20033988854658
241.441,125.36948304251888,-801.092827205899,-67.20038230047362
241.539,124.63135883622266,-800.7591123753708,-67.21695248243628
241.636,124.15244962092132,-800.5436734376755,-67.23911456060094
241.678,123.74242347073684,-800.3586296153508,-67.2648575416408
241.725,123.12671677022303,-800.0776740702738,-67.31414084648668
241.82,122.66039639882598,-799.8642626026596,-67.36033769106294
241.914,122.27709148278615,-799.6889143961762,-67.40512224809333
242.061,121.8474611693498,-799.4916732929141,-67.46571913283054
242.104,121.33561685349322,-799.2528562013239,-67.55125206626045
242.145,120.942306678661,-799.0676958084741,-67.62412410451225
242.239,120.41004321771767,-798.8129419744076,-67.72899901912032
242.282,120.02017487407771,-798.625438260634,-67.80819365510214
242.324,119.56887681824132,-798.4067826679099,-67.89751683527518
242.366,119.02411719885613,-798.1456953540865,-68.00303993246467
242.564,118.76776193912333,-798.0203059962314,-68.05176633358437
242.606,118.26838995162755,-797.7738435626219,-68.14145599362999
242.647,117.83564412970824,-797.5584747915046,-68.21169823521973
242.687,117.59645312921369,-797.4386541955352,-68.24731948860963
242.782,117.11684064827,-797.2019807021085,-68.31191488627124
242.825,116.82537799723187,-797.0591771942379,-68.34649360627228
242.866,116.37360235871391,-796.8399336846389,-68.39549997017716
242.908,115.93823860317252,-796.6293557798921,-68.43626499572636
242.949,115.52359019433702,-796.4291647052437,-68.46816487664054
242.992,115.13599131194039,-796.2455549463539,-68.49371344107988
243.034,114.59441700324376,-795.9988213172948,-68.52446249693926
243.129,114.11131313815306,-795.7837197091231,-68.54828448432085
243.224,113.68065960402643,-795.5890871915284,-68.56596129027142
243.268,113.23255299572739,-795.3852385076977,-68.57961737081718
243.318,112.77984306059864,-795.1775524894404,-68.58809842155995
243.367,112.37752980595076,-794.9916881428928,-68.5918032029503
243.511,112.0275306596767,-794.8320763361913,-68.59236185377856
243.553,111.64027202440039,-794.6585019297318,-68.58920703174152
243.596,111.1681313606251,-794.4432465731934,-68.58167216346308
243.693,110.72120294541021,-794.2289536847653,-68.56764533600091
243.787,110.25339141301795,-794.0124858709709,-68.55002158983129
243.829,109.89321938311292,-793.8515394247972,-68.53502443530991
243.875,109.31049636818469,-793.5944909192183,-68.50826861701557
243.969,108.79408108773916,-793.3682736557141,-68.48212331946809
244.063,108.41024029932548,-793.1986788248538,-68.46394426193669
244.107,107.90575716686874,-792.9738570993463,-68.44251701475056
244.207,107.30118518247653,-792.7058823420581,-68.42314433018532
244.25,106.81892664922151,-792.4955090209602,-68.41665283050247
244.294,106.40659355131261,-792.3148560839822,-68.41627292362341
244.388,105.82943198170612,-792.0631668588616,-68.42101361946513
244.431,105.39834633031496,-791.8757097670837,-68.42658342133728
244.583,104.88699527032804,-791.6522271930578,-68.43212632931096
244.625,104.59424086224067,-791.5251597591641,-68.43465226932113
244.664,104.03645043622365,-791.2841683363118,-68.44126431885195
244.706,103.4253674985672,-791.0182869307084,-68.44993434234999
244.747,102.95067794884166,-790.8100405709648,-68.45688720630156
244.894,102.39655092048825,-790.5652756206556,-68.46583677911843
244.937,101.97297695692362,-790.3763506357681,-68.47160872241136
244.979,101.33693072788152,-790.0926901669892,-68.47837012971502
245.075,100.83449707296235,-789.8711544770022,-68.48282449768371
245.12,100.4109375212158,-789.6834096556381,-68.48494779077154
245.213,99.93492520411029,-789.4710403804634,-68.48556976038313
245.255,99.40965411811283,-789.2361896926362,-68.48402923188777
245.348,99.00844146787065,-789.0563095111595,-68.48087258232138
245.39,98.40341627742129,-788.7874759424608,-68.4733151123296
245.435,98.03208337437874,-788.6236818194743,-68.4668890573713
245.547,97.53355639053085,-788.3982163742259,-68.45341292723631
245.597,96.90463762480218,-788.1153220824756,-68.43135119419401
245.648,96.59233980793331,-787.9773311763499,-68.41894192537012
245.808,95.97996668279164,-787.7054310735303,-68.39168518831482
245.855,95.46217168570772,-787.4712222104444,-68.37021280605137
245.96,94.95306516331048,-787.2205071649886,-68.35011857463309
246.009,94.52283126075048,-786.9857205927322,-68.33130919047329
246.055,93.97994989323449,-786.6632937535169,-68.30620110042315
246.101,93.46270196284459,-786.3237934108071,-68.28178392540661
246.204,93.06063758586166,-786.0387062197152,-68.26693664889132
246.251,92.56917511095634,-785.6658701873667,-68.25451670947314
246.298,92.12456038130641,-785.2981715599192,-68.24389341733891
246.346,91.76524619105672,-784.9862632634504,-68.23453028703497
246.449,91.31451428063122,-784.5802749023419,-68.21966606108481
246.494,90.99157014561362,-784.2767323861212,-68.20564281627412
246.54,90.51414092493397,-783.7979064550258,-68.17632205412775
246.641,90.10047461175753,-783.3567814303108,-68.13882221202476
246.686,89.87092083844524,-783.1003694296747,-68.11251737934188
246.787,89.55122660502506,-782.74842283546,-68.07267496322365
246.833,89.05094951522045,-782.222197234199,-68.00324678687886
246.94,88.75567847842488,-781.9150442038605,-67.95698341833372
246.987,88.35849952327341,-781.5125409056078,-67.89250568051531
247.097,88.02035205313925,-781.1792175911006,-67.8373436971672
247.144,87.66980290833078,-780.8426600160159,-67.78127632549695
247.189,87.25491057032545,-780.4651533847571,-67.72067346203298
247.241,86.83245563168546,-780.1009421419744,-67.66694231443844
247.287,86.43922167123554,-779.7775835743817,-67.62633267629144
247.448,86.07289471491214,-779.4815127989491,-67.5935917835281
247.495,85.56366355172538,-779.0699950950717,-67.55612201680498
247.542,85.2019599893146,-778.7960893468573,-67.54136418651314
247.589,84.81011869576271,-778.5118770586948,-67.5340132613101
247.636,84.63169389274435,-778.3856547797377,-67.53294222173406
247.739,83.88294660968039,-777.871157015405,-67.5390502821873
247.791,83.4173018870573,-777.5553252274343,-67.54794756797077
247.843,82.96029488758937,-777.2399344896141,-67.55876692124218
247.888,82.63017261207577,-777.0081308907758,-67.5648244117362
247.988,82.21415724090184,-776.7095109525844,-67.56650042639993
248.033,81.87705064379715,-776.4637464813874,-67.56141302507768
248.135,81.4893524457922,-776.1814334156004,-67.5510015267781
248.181,81.07090522235497,-775.8641710258663,-67.5491624726651
248.389,80.64096833711304,-775.5078238673709,-67.55324068163964
248.435,80.25046200661998,-775.1521271355592,-67.5610739067584
248.48,79.91128836537126,-774.828340781768,-67.57311406020352
248.525,79.43900313978575,-774.3810275636898,-67.5953013913886
248.572,79.1130269085916,-774.0727605147704,-67.6140949437042
248.62,78.79915046640625,-773.7508735332608,-67.63804244054057
248.674,78.40253146738627,-773.3196114325817,-67.67614623611223
248.842,78.16384628728844,-773.0459113072536,-67.7028749538542
248.889,77.90685607444837,-772.7395092046086,-67.73341485688996
248.935,77.56016572801971,-772.3158244205036,-67.77153509823228
248.981,77.32757851653788,-772.0329529072288,-67.787008765157
249.029,77.08328733683281,-771.7354803253769,-67.79096125199845
249.076,76.7379335904129,-771.3146749296008,-67.77562490386754
249.122,76.49945991459123,-771.0245371351044,-67.75057049110953
249.167,76.25035563448165,-770.7218280378845,-67.7118154607536
249.268,75.85763625212567,-770.2453097761089,-67.62545168993151
249.313,75.67562464605057,-770.0247384464636,-67.57459647852696
249.413,75.42627085918296,-769.722826879138,-67.49394165289803
249.461,75.08341321338118,-769.3176147556553,-67.36908132787161
249.67,74.82780999525467,-769.0451848520881,-67.28141397508338
249.715,74.54069739891976,-768.7714954408135,-67.19232564219382
249.762,74.1429643443547,-768.3936799368123,-67.08646647993712
249.808,73.7219085806862,-767.9972125013904,-67.00199341191498
249.853,73.3920463460225,-767.7128163164263,-66.94029795245808
249.898,73.04438655964559,-767.4258510033254,-66.8775647120697
249.946,72.6346868464884,-767.0996351622667,-66.80548919310911
250.047,72.28010178849446,-766.826091505055,-66.74626371448295
250.092,71.74504979495923,-766.4647628420084,-66.67948088886178
250.2,71.3840402768136,-766.2620459966816,-66.65850444221394
250.246,70.93148881841411,-766.0182188393304,-66.6493219894549
250.292,70.49382420469311,-765.7872148186434,-66.65279006521288
250.34,70.15332021754082,-765.6142400264213,-66.66181927419501
250.387,69.80537548651154,-765.4451609791759,-66.67369272143088
250.489,69.30097990875716,-765.200238926498,-66.69518686617502
250.592,68.96364109454751,-765.042962887284,-66.71121553435296
250.637,68.43999245139214,-764.8068433868643,-66.73422056939216
250.682,67.97750781360861,-764.6026841589816,-66.74742360109204
250.838,67.6256535249445,-764.4492662302259,-66.75152637930802
250.883,67.06977609598978,-764.2178881267967,-66.74843155656288
250.929,66.58749239018017,-764.027011330397,-66.74273081007479
250.974,66.29185107892795,-763.9111538989426,-66.74069153356777
251.022,65.71132576327548,-763.6848176251617,-66.74338195871522
251.122,65.21630942158555,-763.4910147227599,-66.7511202603898
251.17,64.83419480731426,-763.3409983320875,-66.76018397625992
251.328,64.33882205604634,-763.1482246135176,-66.77487421659924
251.372,63.80677534936764,-762.9441517005657,-66.79633913484153
251.527,63.34498625909296,-762.76185444238,-66.82244183203414
251.571,62.85424865062086,-762.5669920434269,-66.85382546454466
251.615,62.367420717532625,-762.3742749685092,-66.88648040539235
251.66,61.90034875399354,-762.1891743381603,-66.91866221263666
251.703,61.5204436949151,-762.037953180987,-66.94471937634046
251.745,60.97606131876901,-761.8202237797245,-66.97912441017138
251.785,60.97606131876901,-761.8202237797245,-66.97912441017138
251.827,60.18574535766437,-761.4949888783705,-67.00894725547613
251.922,59.71438004807611,-761.3061260220312,-67.00892092351609
252.015,59.35732795912101,-761.1747587942143,-67.00690751043021
252.057,58.81496885117201,-760.980805735998,-67.00110845487458
252.1,58.430604741617145,-760.8465703143235,-66.99355858002346
252.205,57.931273770761145,-760.6744734723869,-66.98127539249725
252.256,57.485370981151185,-760.5235608525309,-66.96826078025265
252.347,57.09628572603438,-760.3963535362527,-66.95622320105261
252.387,56.55179837036195,-760.2229198676572,-66.93770763613824
252.429,56.16023338592598,-760.0998460973233,-66.92254599323468
252.524,55.77497054793312,-759.9834641505853,-66.90903027746512
252.617,55.21156485078356,-759.816035933564,-66.89236552129847
252.66,54.71574402466549,-759.669204711843,-66.88420000709243
252.702,54.232537714913306,-759.5267287463389,-66.88269426428323
252.797,53.74470647371319,-759.3826685701603,-66.88642504221491
252.848,53.24892030317592,-759.2350765185861,-66.89276955020222
252.943,52.740743701206185,-759.0807572074896,-66.89482461134651
253.033,52.28601563934515,-758.9410003448421,-66.89131930427575
253.076,51.80627064157229,-758.7951998417916,-66.88447526278708
253.169,51.18709755443414,-758.609432967154,-66.86966940494085
253.211,50.884419426843095,-758.5205505287566,-66.85993448166286
253.303,50.4014537772166,-758.3821545146319,-66.8414785518676
253.395,50.023053112517005,-758.2747003388895,-66.82216663519989
253.436,49.36727780302274,-758.0858061633234,-66.78707005642667
253.477,48.94283082494486,-757.9619084510525,-66.76695163554007
253.518,48.4543826751832,-757.8194180491793,-66.7471313803737
253.61,47.85399389733152,-757.6418636454962,-66.73021298722853
253.713,47.399359721191956,-757.5076642939065,-66.72601304630794
253.81,46.82484031891399,-757.3448084585289,-66.73832707269591
253.955,46.3188423108705,-757.2047934793651,-66.77482388231559
253.998,45.90294928083266,-757.0855274483392,-66.81592088070781
254.041,45.337312564099086,-756.918216880326,-66.88422914402179
254.082,44.86166679613991,-756.7733701092394,-66.95395697376347
254.126,44.39838890841374,-756.6298706654221,-67.02958819234007
254.217,43.882806468505294,-756.4697396169339,-67.12163777080312
254.26,43.55015067988617,-756.3650964924866,-67.18181604640938
254.355,43.0520452633962,-756.2065247422624,-67.2622054869548
254.399,42.689163464522174,-756.0896086411448,-67.31016407458816
254.494,42.29599738838537,-755.964533131491,-67.35152272845869
254.538,41.871889303391185,-755.8309036666493,-67.3824653345514
254.632,41.4510726236129,-755.6983629589703,-67.39659390952764
254.677,41.05608480931374,-755.5785796722228,-67.39724843722487
254.721,40.623043864233175,-755.4621973687235,-67.38748933470347
254.768,40.188922417091526,-755.3563117811829,-67.36723462236841
254.872,39.567407898683264,-755.2177523158641,-67.3206839356248
254.924,39.30912058769206,-755.160637522693,-67.29649223346144
255.02,38.86373908306243,-755.0578443252348,-67.24919466285411
255.061,38.34065355595104,-754.9327740001995,-67.19365752444295
255.105,37.946047144386455,-754.8363872178041,-67.15251657927487
255.2,37.40942284852623,-754.7040987102442,-67.10241917250264
255.242,36.93789564999298,-754.5875280887727,-67.06695492794168
255.388,36.44054507679773,-754.4632189149813,-67.03584661599041
255.432,35.98626984751947,-754.34928215341,-67.0141450002591
255.475,35.5031471463627,-754.2267729457368,-66.99909555970584
255.539,34.983726817091494,-754.0959162211751,-66.99199534625745
255.589,34.3413689610349,-753.9347952014023,-66.99403361323147
255.733,33.946560613841456,-753.837880424416,-66.9971206641959
255.774,33.35142079094406,-753.6931592730424,-67.00036773685076
255.815,32.94709115241956,-753.5935882784632,-67.00202478281818
255.856,32.54352631773176,-753.4923007481267,-67.00307951570687
255.952,32.078337733590665,-753.3768906052811,-67.00593787882528
255.996,31.692813183154065,-753.2867068261047,-67.0116590167116
256.099,31.388092397107695,-753.2165511204752,-67.01488262406636
256.198,31.061842733502317,-753.1411134641593,-67.0140286799614
256.24,30.566837900080515,-753.0295654964929,-67.00339959043913
256.284,30.085424335921672,-752.9297253452378,-66.98455173755062
256.329,29.717451600636988,-752.8604998736823,-66.96570026819455
256.43,29.26361874528354,-752.7793065324205,-66.93735000321084
256.524,28.741653082441797,-752.6929764721639,-66.90281669436132
256.568,28.36485292094991,-752.6320180514031,-66.8779721741939
256.613,27.888096109547188,-752.5568635904217,-66.84793769219965
256.708,27.604718466360126,-752.5125930335022,-66.83106712452567
256.749,26.91375400230396,-752.4018646619813,-66.80237746924271
256.791,26.17625068423696,-752.2860404171121,-66.79676452374659
256.886,25.77573162954439,-752.2251256007644,-66.804263330232
256.978,25.33187349053749,-752.1556613851533,-66.81858224641235
257.019,24.832504242729097,-752.0776702364127,-66.84044212815928
257.163,24.313469997204376,-751.9973601104298,-66.87165594865206
257.255,23.978992925312706,-751.9467596616793,-66.89761847121885
257.297,23.592116615824644,-751.8854478790846,-66.92815489790846
257.339,23.181568184569265,-751.823018770616,-66.96080998564938
257.38,22.902153961887933,-751.7832376195923,-66.98289659429932
257.474,22.447889169831136,-751.7224882540037,-67.01840716857487
257.515,22.22787049225418,-751.6954222700987,-67.03537297902398
257.556,21.991121491811604,-751.6674247691493,-67.05363595200878
257.65,21.707207040687653,-751.6368392769822,-67.07699221730199
257.749,21.47350334095628,-751.6131910595506,-67.09719421506361
257.792,21.207150280880242,-751.5813924193961,-67.1183303025253
257.835,21.039304864657776,-751.5557167354547,-67.12909283257125
257.882,20.83995678146368,-751.524513407268,-67.13876637022786
257.977,20.575255898935353,-751.4854089353327,-67.14215928488201
258.075,20.38108063047416,-751.4588015745267,-67.13735324249227
258.116,20.101867517698846,-751.4253203805823,-67.12018002116609
258.158,19.847416365873215,-751.408084830015,-67.09846757109568
258.307,19.604729540685415,-751.4174556936109,-67.08411370964635
258.349,19.30731993043883,-751.4383095411322,-67.07597283193226
258.398,19.039695627416275,-751.4526752186737,-67.073887069231
258.441,18.673397305831905,-751.4680908119855,-67.07800858088612
258.645,18.47687083524388,-751.4752959017272,-67.08300768810767
258.69,18.212638579957158,-751.4827069997493,-67.0909834728629
258.732,17.841962744719023,-751.4922340372228,-67.1026233209702
258.827,17.56358655814674,-751.5004651417901,-67.10961458770367
258.868,17.40742185119152,-751.5057255865016,-67.11313850332357
258.91,16.959046651981,-751.5237094710168,-67.12442785366413
259.002,16.791719908076495,-751.5312094260738,-67.12882091109681
259.044,16.481477667025136,-751.5454156865746,-67.1369106299557
259.086,15.989265152080197,-751.5708084347029,-67.15206286822908
259.13,15.802805529301043,-751.581520796848,-67.15823148861269
259.183,15.387034126999492,-751.6064359818718,-67.17194495987887
259.278,14.939099463400044,-751.6343802004666,-67.18680341687488
259.321,14.576582692920905,-751.6575981633894,-67.19918150772715
259.418,14.296237279064318,-751.6763116384002,-67.21067134666092
259.462,14.28414563606719,-751.6799991240277,-67.21794001994398
259.505,14.282543610175974,-751.678616150271,-67.22196448234416
259.599,14.283256095674677,-751.677785964945,-67.22327507114906
259.694,14.286894869283014,-751.6754325186647,-67.22714739825813
259.737,14.291047562037644,-751.6734805768962,-67.23038157895894
259.931,14.293000749804811,-751.6727094063951,-67.23150017529446
259.972,14.297458839136713,-751.6706935068603,-67.23523685793282
260.015,14.300299040019041,-751.6692656021095,-67.23825031897883
260.057,14.30241258852589,-751.6680065863441,-67.24122039170618
260.098,14.303346260172088,-751.6673505340614,-67.24283935468405
260.142,14.304565024977233,-751.666306085897,-67.24575175899466
260.233,14.305414507834026,-751.6653215769451,-67.24867332068501
260.283,14.305771271177374,-751.6648128734126,-67.25028980701286
260.375,14.306197068111594,-751.664011284094,-67.25296067672299
260.418,14.306517424274649,-751.6633021456338,-67.25547776128764
260.462,14.306757676252158,-751.662760649177,-67.25739423036008
260.56,14.306959926384948,-751.6622694007996,-67.25922667868095
260.605,14.307255762765962,-751.6616258043496,-67.26163288334408
260.699,14.307466483401662,-751.6612022331263,-67.26321619726079
260.797,14.30772172073626,-751.660699204705,-67.26515413123963
260.838,14.308074959081654,-751.6600749727386,-67.26756866795571
260.882,14.308298245749818,-751.6597136338509,-67.26891207223588
260.978,14.308619723729567,-751.6592053745048,-67.27088260426581
261.073,14.308900043920673,-751.658758586565,-67.2725554611489
261.216,14.309094733632854,-751.6584637198953,-67.27368893469166
261.258,14.309436944616994,-751.6579572608823,-67.27567268133005
261.3,14.309713426856987,-751.657526044538,-67.27729978240698
261.341,14.309934073554022,-751.6572257434545,-67.27849208822349
261.384,14.310171555180457,-751.656855168049,-67.27988269891169
261.426,14.310454651444555,-751.6564379405578,-67.2814684211586
261.519,14.310656424329018,-751.656163712859,-67.28256495680333
261.563,14.310903409777712,-751.6557935934326,-67.28396346209574
261.657,14.31109828962288,-751.6554873545161,-67.28510831732865
261.701,14.311285849451473,-751.6552377241144,-67.28611918484599
261.799,14.311486410852034,-751.6549265278859,-67.28727660598611
261.846,14.311724229200223,-751.6545763990517,-67.2885870473316
261.943,14.311895465330164,-751.6543462905042,-67.2894951483005
261.987,14.312077363290477,-751.6540701577685,-67.29051875725476
262.082,14.312301297384845,-751.6537471279468,-67.2917389152064
262.125,14.312437742110824,-751.653540602915,-67.29249873951608
262.176,14.31260029420238,-751.6532146103511,-67.29356380517366
262.322,14.312689321198437,-751.6528928689512,-67.29449758470679
262.364,14.312726417202509,-751.6525980920063,-67.29515101144754
262.408,14.312706495153897,-751.6521755587855,-67.29614152048995
262.504,14.312662570694705,-751.6518793999029,-67.29681521855458
262.546,14.312529499412065,-751.651422059239,-67.29760027428571
262.59,14.312360001239359,-751.6509406719675,-67.29849817481278
262.683,14.312153159097953,-751.6504431253744,-67.29928865019127
262.725,14.311974044472883,-751.6500527041692,-67.2999488576944
262.818,14.311770722329065,-751.6496043917334,-67.30066996848888
262.862,14.311576774963793,-751.6491492714564,-67.30138906457132
262.96,14.311284732693423,-751.648613248758,-67.30214492435019
263.002,14.311102623332395,-751.6482262003544,-67.30272945465074
263.097,14.310859628020737,-751.6477207666281,-67.30344522313166
263.192,14.310609139316767,-751.6472418233459,-67.30409979506263
263.234,14.310420999450645,-751.6468084354973,-67.30475725462387
263.33,14.310130286389676,-751.6462334233564,-67.30548325885437
263.372,14.309932573601152,-751.6458593464122,-67.30599185201709
263.417,14.3096780429373,-751.6453360103847,-67.30674383833399
263.47,14.309474294582714,-751.6449066866088,-67.30724630754953
263.617,14.309281611621682,-751.6445491675796,-67.30774060877226
263.659,14.309096777162758,-751.6441499199949,-67.3083000332905
263.761,14.308867280764478,-751.6436500428605,-67.30896170147595
263.811,14.308688336373688,-751.643279569199,-67.30945667949804
263.852,14.308477112099506,-751.6428256277375,-67.310081791695
263.896,14.308289266462616,-751.6423946674054,-67.31065747733115
263.946,14.30812024729655,-751.6420623541369,-67.31108642087887
264.043,14.30795016293117,-751.6416884767501,-67.31160360487948
264.087,14.307742675248331,-751.6412430510893,-67.31218314145161
264.133,14.307614521404588,-751.6409803383133,-67.3125327858575
264.282,14.307422991399502,-751.6405806007028,-67.31308924687319
264.326,14.307237513885386,-751.6401890631548,-67.31355506471756
264.422,14.30709307584926,-751.6399051870332,-67.31394751561695
264.465,14.30695105246657,-751.6395768519418,-67.31440187106858
264.562,14.306813307519395,-751.639250770614,-67.31488612463049
264.606,14.306660024282557,-751.638933843821,-67.31524521512787
264.702,14.306517248193934,-751.6386101568895,-67.31570273695883
264.853,14.30634213273876,-751.6382278646856,-67.31619637085304
264.895,14.306211002490581,-751.6379733314202,-67.31652106801141
264.936,14.306080445324152,-751.6376764907797,-67.31692952458354
264.978,14.305917886506315,-751.6373223721241,-67.31736288254716
265.022,14.305791984282177,-751.6370662501951,-67.317721096665
265.063,14.305667462081278,-751.6367831594275,-67.31812024551289
265.109,14.305534091049754,-751.6364725984856,-67.31853227627434
265.205,14.305409187705493,-751.636218387207,-67.31886289827654
265.3,14.305288812306618,-751.6359454339697,-67.31922813140835
265.341,14.305126045181062,-751.6355786458574,-67.31973842048505
265.437,14.3050233771319,-751.6354003349298,-67.31993330578695
265.479,14.304910252673007,-751.6351413444694,-67.32028304182047
265.573,14.304794250578666,-751.6348785584123,-67.3206174628838
265.617,14.304686236091648,-751.6346606109723,-67.32089788684996
265.713,14.304580395307095,-751.6344092026158,-67.3212410085435
265.756,14.304463779547547,-751.63413733985,-67.3215952341754
265.802,14.304357915975679,-751.6339237975462,-67.32186940806422
265.846,14.304234607108096,-751.6336487644338,-67.32223378760393
265.89,14.304142978053026,-751.6334237777644,-67.32252145620853
265.982,14.304024102007872,-751.6331831916297,-67.3228248169849
266.024,14.303944133905016,-751.6329879222665,-67.32308817991934
266.118,14.303835836626693,-751.632744140241,-67.3234053545671
266.216,14.303722907005586,-751.6325266118677,-67.3236744542853
266.312,14.303649327838112,-751.6323426582995,-67.32392031160698
266.354,14.30354018003976,-751.6321028008364,-67.32419608128998
266.396,14.303453881256011,-751.6319253852142,-67.32443752184271
266.498,14.303370702853822,-751.6317270168486,-67.32472187813678
266.592,14.303270311829646,-751.6314940535069,-67.32498702035018
266.644,14.303204720944642,-751.6313495218702,-67.32518511069105
266.801,14.303126973136521,-751.6311624489281,-67.32543852109006
266.848,14.303041152986793,-751.6309440738584,-67.32572219885311
267.061,14.302965210745764,-751.6307777159067,-67.32592136417522
267.107,14.30287441225736,-751.6305661054483,-67.3262056277066
267.153,14.302792667190172,-751.6303710522518,-67.32644810950403
267.315,14.302731152272152,-751.6302343070085,-67.32663195862227
267.362,14.30265983606628,-751.6300671092749,-67.32685182538398
267.413,14.302576862930543,-751.6298863232449,-67.32705403400416
267.458,14.302510551732745,-751.6297484658726,-67.32724579847415
267.505,14.302447248271172,-751.6295940397753,-67.32745824023102
267.551,14.302384347118032,-751.6294345714354,-67.32759353640238
267.598,14.302315281733488,-751.6292949362229,-67.32780497914476
267.643,14.302270174689074,-751.6291670579942,-67.32797799914698
268.015,14.30221247367573,-751.6290147396081,-67.32815080223392
268.06,14.302149572998548,-751.628869403474,-67.32834649771094
268.104,14.302095228563562,-751.6287270387481,-67.32853978373109
268.149,14.302035519864862,-751.6285652317503,-67.32874403147287
268.197,14.301981143007922,-751.628448657025,-67.32888711408788
268.244,14.30192633638935,-751.6283088609267,-67.32906763337371
268.29,14.301856958189124,-751.628131221746,-67.32927200852191
268.34,14.301813544248382,-751.6280311266491,-67.32939535714036
268.385,14.301758575057207,-751.6278982379123,-67.32956937836963
268.432,14.301701067376513,-751.6277471599677,-67.32974257287478
268.476,14.301648882524972,-751.6276341292499,-67.32989239335741
268.522,14.301596913891913,-751.6275098910626,-67.33005796226891
268.566,14.301541232002027,-751.6273684774869,-67.33022911487899
268.612,14.301501213915909,-751.6272815372232,-67.3303371832223
268.658,14.301441686733853,-751.6271415357717,-67.3305266723388
268.705,14.30140358170728,-751.6270306664636,-67.33069662277379
268.749,14.301342665123776,-751.6269005745703,-67.33081059696919
268.795,14.301296521318267,-751.626780518028,-67.33096369593551
268.84,14.301247516230319,-751.6266554900737,-67.33110121577054
268.884,14.301211997039196,-751.6265700362567,-67.33120590701104
268.932,14.301160207500875,-751.6264409674549,-67.33136899582476
269.036,14.301114516124105,-751.6263213488493,-67.33150609994635
269.083,14.301081852063685,-751.6262487654863,-67.33159985618246
269.135,14.301040995176006,-751.6261381004327,-67.33173652308365
269.188,14.300998097852613,-751.6260254779522,-67.3318618722095
269.291,14.30095158473302,-751.6259218278253,-67.33199196470066
269.336,14.300928632583805,-751.625841145726,-67.33207382644665
269.381,14.300888965597082,-751.6257401942034,-67.33216310576985
269.549,14.300845311579376,-751.6256507569508,-67.3322924372802
269.596,14.300818108159373,-751.6255644301951,-67.33238867541384
269.641,14.300781437812219,-751.6254601276277,-67.33250907967117
269.687,14.300741178491577,-751.6253624547171,-67.33262160875144
269.732,14.300721134876362,-751.6252869848529,-67.33269131173483
269.833,14.300682224168128,-751.625195116664,-67.33277364626474
269.931,14.300654392967715,-751.6251348298166,-67.33287467678673
269.976,14.300627012846554,-751.6250482486515,-67.33298382533557
270.021,14.300596912803236,-751.624945216064,-67.33308635262412
270.119,14.30056839429048,-751.6248723766321,-67.33316588028163
270.169,14.300539737967863,-751.624780927438,-67.33327671401183
270.214,14.300509155231655,-751.6246855499386,-67.33337226679569
270.259,14.300486273043024,-751.6246282030073,-67.33344319727766
270.367,14.30045221130402,-751.6245327546454,-67.33356027208137
270.412,14.300427171460736,-751.6244492347892,-67.33364057066724
270.571,14.300399496365177,-751.6243951335621,-67.33371249707264
270.633,14.300372913860581,-751.624323793062,-67.33380960580445
270.678,14.300344512967513,-751.6242315461469,-67.33388928506437
270.726,14.300325142581784,-751.6241865744547,-67.33394132075398
270.829,14.300300716388762,-751.6241109479397,-67.33403146781063
270.875,14.300269951968133,-751.624021646541,-67.33412999024728
270.974,14.300256966594993,-751.6239876273526,-67.33416026969992
271.02,14.300230457926848,-751.6239211496863,-67.33427056808318
271.07,14.300216817058448,-751.6238894688336,-67.33432271274215
271.171,14.300192437897945,-751.6237955016629,-67.3343812400629
271.215,14.300167072545644,-751.6237320871911,-67.33447285868746
271.369,14.300153967085727,-751.6237013800816,-67.33452460414779
271.414,14.30012352276066,-751.6235995146225,-67.33459987077603
271.46,14.300111260896703,-751.6235744974451,-67.33465032038072
271.504,14.300086504277282,-751.6234780343084,-67.33473425852836
271.548,14.300069676932246,-751.6234343515691,-67.33477112761845
271.649,14.300052466182482,-751.623371471021,-67.33484234336682
271.696,14.300030931854089,-751.6233010045704,-67.334918968149
271.742,14.300021311390434,-751.623270506132,-67.33495318574806
271.786,14.300005257813247,-751.6232156769694,-67.335009592748
271.832,14.299984357263988,-751.6231428169176,-67.33508160891516
271.935,14.299972659488958,-751.6231161004999,-67.33511544343679
271.979,14.299961986025732,-751.6230792422372,-67.33516070364105
272.138,14.299945357893765,-751.623016890903,-67.33526722904685
272.189,14.299934895507587,-751.622981140738,-67.33524675317614
272.267,14.29992051574132,-751.6229277578994,-67.33531168926605
272.336,14.29990716186489,-751.6228673670335,-67.33536084784201
272.382,14.29989820621039,-751.6228410404547,-67.33538764402195
272.428,14.299884725932284,-751.6227915218948,-67.33544855699324
272.474,14.299872877165004,-751.6227469549513,-67.33548700443195
272.684,14.299863395161015,-751.6227205328203,-67.33552232350715
272.732,14.299856479665205,-751.6226835920153,-67.33555474806948
272.778,14.29984497361598,-751.622627724053,-67.33556620959295
272.824,14.299839473630016,-751.6226085649179,-67.3355946437294
272.871,14.299833083580669,-751.6225786605156,-67.33563498381696
272.917,14.299826047929784,-751.6225322531187,-67.33567453341183
272.959,14.299820094470885,-751.6225091594337,-67.33569807025188
273.051,14.299814333873318,-751.6224676738128,-67.33574140444126
273.093,14.299805200008851,-751.6224121988793,-67.33578810286585
273.188,14.29980009717299,-751.6223906222704,-67.33580460270313
273.23,14.299793593651398,-751.6223581128561,-67.33584447239431
273.325,14.299783828653364,-751.6223008574193,-67.3358842273183
273.368,14.299781356821281,-751.6222825003463,-67.33587913999024
273.411,14.299771300681083,-751.6222452761594,-67.33593975921633
273.457,14.299767938867301,-751.6222341312458,-67.3359618951232
273.608,14.29975473104395,-751.6221707623878,-67.33599663309855
273.649,14.29974896907867,-751.622140047299,-67.33601838938722
273.691,14.299739725659155,-751.6220908428512,-67.33602942205995
273.785,14.299735843777981,-751.6220759507097,-67.33604665336073
273.827,14.299730586332874,-751.6220411892514,-67.33609723695398
273.873,14.299727320668413,-751.6220148777385,-67.33611454594615
273.967,14.299723925745095,-751.6219898678424,-67.33613872326859
274.01,14.299721595843476,-751.621954440312,-67.33617018978623
274.159,14.299717290802185,-751.6219258283627,-67.3361662508801
274.2,14.29971576109812,-751.6219078327919,-67.33617211933833
274.243,14.299715122128635,-751.6218871678554,-67.3362071068224
274.337,14.299713020849076,-751.6218445535775,-67.33624158541132
274.379,14.299711292634424,-751.6218269624422,-67.33624673495038
274.424,14.299708804106487,-751.6217944185322,-67.33628073182263
274.467,14.299706108565907,-751.6217776068282,-67.33631543001573
274.564,14.299737979141781,-751.6221034922129,-67.33115853101877
274.606,14.298841455786139,-751.625055176504,-67.31522925918755
274.752,14.287128861597193,-751.634162779559,-67.27996524704588
274.795,14.27412466638355,-751.639652588151,-67.25956659440311
274.837,14.237305902174267,-751.644909474367,-67.22675747628469
274.932,14.181274151761741,-751.6393696651626,-67.19925505173913
274.975,14.141674536330978,-751.6305459152294,-67.18679361916392
275.022,14.06187251467631,-751.6082968051616,-67.17272229020844
275.171,13.970823443135853,-751.5776532259932,-67.16674845520993
275.214,13.90182347061712,-751.5507247451316,-67.16550883439342
275.307,13.800791868555255,-751.5062299054032,-67.16580745977147
275.349,13.707788237413897,-751.4614255208091,-67.16687185968459
275.441,13.602615177702997,-751.4073470688634,-67.16742414287215
275.489,13.484238758435534,-751.3422931531866,-67.16630157575214
275.53,13.351344958062086,-751.2650688147876,-67.16180255403327
275.571,13.242035412813568,-751.198699905115,-67.15533206667129
275.662,13.122791737072767,-751.1236512011274,-67.1452823932353
275.753,13.095342497698574,-751.1061505272733,-67.14263002475117
275.795,12.811046512480043,-750.9191896313728,-67.1101905302608
275.887,12.664983162820565,-750.8176401699693,-67.0915673439205
275.928,12.48124372547867,-750.6814642116595,-67.06655766883918
276.069,12.333186693103265,-750.5647938892149,-67.04601673144163
276.111,12.174961543055698,-750.4322431657491,-67.02390514888324
276.2,11.947423028765197,-750.2248634373359,-66.98920578766504
276.298,11.795819255792935,-750.0714642999134,-66.96514945619847
276.338,11.632907470724412,-749.8919370038748,-66.93877728024376
276.528,11.416678122496545,-749.6278635285054,-66.90310416553244
276.621,11.268368973499804,-749.4278848852991,-66.87739212956888
276.662,11.105785428250005,-749.1914826930439,-66.84679054867814
276.704,10.894997840596595,-748.8590060822878,-66.80234082824644
276.746,10.790576890070074,-748.6815384856186,-66.7779761019083
276.787,10.644526461207217,-748.4160576867987,-66.74065680962993
276.879,10.456786329713132,-748.0417779416282,-66.68716008356708
276.92,10.337979463588741,-747.7780342962058,-66.64880032063581
277.013,10.207333697566945,-747.4649428322679,-66.60320140444477
277.059,10.08194229329153,-747.1349624171041,-66.55511662567886
277.104,9.99670578324113,-746.8841809991977,-66.51795836774046
277.146,9.878830117750358,-746.4630765449187,-66.4532822076091
277.188,9.795489718856913,-746.0467993222877,-66.38881738914301
277.231,9.757647952033803,-745.7977579590438,-66.35004442993986
277.376,9.691964034435504,-745.4148337234797,-66.28981186571193
277.417,9.588814129281925,-744.9279318013428,-66.21494425147723
277.458,9.546212317876126,-744.7449959219266,-66.1872237661208
277.66,9.401466629502977,-744.1209234418438,-66.09288916392077
277.701,9.299760133573162,-743.7147721777775,-66.03059026085987
277.743,9.205403740344448,-743.3668608404882,-65.97632503288962
277.785,9.070274562100543,-742.8996154927692,-65.90313771470746
277.827,8.970494521747199,-742.5754071235707,-65.85335935100149
278.079,8.7745242054094,-741.9768923679347,-65.7670293562901
278.121,8.65197355433519,-741.6210481906893,-65.7195275499369
278.165,8.537650796567188,-741.3009247489827,-65.67742702620309
278.21,8.293881372599447,-740.6497111159572,-65.59231544926418
278.254,8.123951402721246,-740.2204138737459,-65.53465803313347
278.296,8.00154762409326,-739.9233046768652,-65.49246669546608
278.339,7.774158583999952,-739.3842671677024,-65.40865761875159
278.38,7.606955924128847,-738.9915153343932,-65.33807110131843
278.422,7.485047182316325,-738.7079868084905,-65.28073643731105
278.517,7.259095230112564,-738.1983521181429,-65.16098814842672
278.559,7.123967690674373,-737.9098735318727,-65.08510837688587
278.705,6.974065017052858,-737.5971188841447,-64.99584547694963
278.75,6.670915458323012,-736.9894400405997,-64.81288164790675
278.794,6.392641375407152,-736.4286976585003,-64.64332474368113
278.837,6.233987438371621,-736.1085735751628,-64.54690400086237
278.88,5.942864508759627,-735.5191514780564,-64.37697000188425
278.977,5.760651444979867,-735.152933143635,-64.27783880079896
279.02,5.331368241524469,-734.3082681571719,-64.07025733012775
279.063,5.133698002512308,-733.9468670590414,-63.9924477024866
279.159,4.765199960862894,-733.2840018875232,-63.86572708528108
279.306,4.628409418253561,-733.0364340277785,-63.824633347754215
279.348,4.23217601761754,-732.2660925277473,-63.730519816392416
279.39,4.031772983392958,-731.8749975222141,-63.691683849862926
279.432,3.855578895564175,-731.5387481950846,-63.657127773914254
279.474,3.5191586796273455,-730.9195531107448,-63.58638578393794
279.569,3.246565112313739,-730.4267078285557,-63.51439349624118
279.613,3.070553041976307,-730.1049294419864,-63.458072489610686
279.712,2.756233477262324,-729.5193219949325,-63.33874804659652
279.76,2.46195435902548,-728.9548444471159,-63.21320979993892
279.854,2.350229442267203,-728.7402034355501,-63.16217124058255
279.894,1.9847612193658613,-728.0324397052265,-62.9802627127427
279.986,1.716485258068147,-727.5375664436916,-62.8467593940735
280.03,1.5900363524144048,-727.3113496405874,-62.784047841251805
280.124,1.1496846492627562,-726.5529321727462,-62.56574558880787
280.166,1.0044559263119446,-726.3123653511308,-62.49434719933568
280.209,0.6845661995625711,-725.7962299403003,-62.33617820873026
280.301,0.17106613794120662,-725.0269482515918,-62.096521858122884
280.343,-0.08201758984567675,-724.6670337642032,-61.99050258909082
280.385,-0.4428860676498836,-724.1551364161207,-61.85206003534698
280.531,-0.9494680457969409,-723.4306256511975,-61.686898340426325
280.574,-1.3111785080484069,-722.9061862547344,-61.59130698539782
280.616,-1.5602547273419596,-722.537874064136,-61.53397173851454
280.667,-2.010552605110675,-721.859533250757,-61.448614135122185
280.763,-2.2668206626252925,-721.4762421039748,-61.40744494264604
280.804,-2.687045035760196,-720.8384698381129,-61.347149510168094
280.897,-3.01081368096645,-720.3422252573267,-61.30227200069848
281.042,-3.383444424695959,-719.7608351603917,-61.24717028838657
281.082,-3.6791018501959414,-719.2980332526403,-61.19733621195138
281.283,-3.9848926515791447,-718.8206191502974,-61.13558622552196
281.328,-4.273761880268729,-718.3674248823573,-61.06258698890737
281.37,-4.413491884928156,-718.1481428507162,-61.022371821888555
281.413,-4.84935788284681,-717.4639842636594,-60.87422002716923
281.455,-5.054804570246489,-717.141438435875,-60.79356727726946
281.547,-5.3501280326692395,-716.6773407876733,-60.66440950085622
281.588,-5.735670352580996,-716.0705086885389,-60.4842386349257
281.629,-5.9566390619771,-715.7263311772643,-60.38502569125865
281.67,-6.2792619573967485,-715.2247449585125,-60.243491465942014
281.713,-6.7742406322838065,-714.4578900665333,-60.03742450010331
281.762,-7.133233840083818,-713.9015556536966,-59.897219624856376
281.853,-7.398539030524617,-713.4911014993977,-59.79752838771353
281.895,-7.878007198984903,-712.7522814479341,-59.62147693033128
281.947,-8.143131121534907,-712.3552450317552,-59.5359425859922
282.041,-8.488054090780153,-711.8423322172998,-59.440634139795776
282.084,-8.965514981059059,-711.1304404116457,-59.33975979546463
282.18,-9.272418157139093,-710.6685866403684,-59.289185565572296
282.224,-9.487191777954706,-710.345761692196,-59.25824161774716
282.322,-9.876078225376062,-709.7586136108737,-59.210445883579666
282.363,-10.18339717963913,-709.2984404795934,-59.173860688726236
282.513,-10.399257602601608,-708.9774422014984,-59.1465412895855
282.555,-10.79502393608034,-708.3831822904798,-59.090582494544606
282.601,-11.107044720358545,-707.9117330599234,-59.04082958092033
282.643,-11.322606709038531,-707.5870325117852,-59.00451505820601
282.74,-11.741435989656871,-706.9578260123557,-58.93096884492478
282.783,-11.958902109118903,-706.6335490978882,-58.89246445538079
282.826,-12.43644057393626,-705.9133380990845,-58.80481929783488
282.925,-12.76249914668223,-705.4200937365171,-58.74386136112801
283.019,-12.98503440867185,-705.0839623409058,-58.7020102901422
283.065,-13.47849844886273,-704.3321080673118,-58.606388711136276
283.111,-13.676551088457245,-704.0292362636463,-58.564408174574965
283.211,-14.037971539603731,-703.4801504602498,-58.48391976762265
283.307,-14.243011959916608,-703.1721810931897,-58.43606930819706
283.35,-14.48053470871723,-702.8175314354025,-58.37736495353343
283.448,-14.92243988946062,-702.1600150779238,-58.2608554872277
283.492,-15.137976962891337,-701.8423806607422,-58.201617487433
283.535,-15.399874170798796,-701.4601200000598,-58.12797210804658
283.633,-15.873701092176518,-700.7721132188617,-57.99268597182342
283.676,-16.112077193081532,-700.4249889185311,-57.92520312625639
283.719,-16.573427875113737,-699.7451134394169,-57.798694867484244
283.813,-16.984049227823014,-699.1316303075943,-57.696007338848005
283.911,-17.30376336012685,-698.6512925587915,-57.62445477108221
284.007,-17.63653318029003,-698.1502061905458,-57.55599957141666
284.049,-17.851996466632343,-697.8236523248387,-57.51510109497457
284.145,-18.07561008973427,-697.4815007570504,-57.47609562784214
284.185,-18.47309370984425,-696.870998738192,-57.41532713628314
284.228,-18.804379059552957,-696.3629610674843,-57.373163027226894
284.27,-18.93205396784107,-696.1678767586183,-57.35829908767087
284.365,-19.367175195471383,-695.50654190892,-57.31027102744861
284.413,-19.557100251340515,-695.2186959573149,-57.28968599953026
284.505,-19.822037538540954,-694.8186006254185,-57.26086331405156
284.599,-20.200976599116935,-694.2472758935827,-57.218831362907395
284.641,-20.319185072130992,-694.0696434004059,-57.206109393524486
284.686,-20.57053628825463,-693.6921473104327,-57.18005920562963
284.784,-20.981114047573335,-693.0749483925965,-57.14065025151535
284.826,-21.092094660449497,-692.9081684035039,-57.1304112929526
284.87,-21.374659920512414,-692.4820639422684,-57.104192862955074
285.017,-21.709429382193214,-691.9718892214794,-57.07173427646569
285.058,-21.81114541759885,-691.8159279340601,-57.06158685318444
285.151,-22.018173729008197,-691.4990910245793,-57.04016984522386
285.2,-22.293279946904377,-691.0801700586646,-57.008737494678954
285.293,-22.495359357473227,-690.7744023244361,-56.983687825706824
285.385,-22.814620454209333,-690.2904567360149,-56.94062952893216
285.428,-23.045587918025205,-689.941500526493,-56.90582369937064
285.475,-23.209504467280084,-689.6944112568516,-56.87948979424945
285.522,-23.391953587019366,-689.419208317731,-56.848755401378725
285.616,-23.7535571475357,-688.8763874608794,-56.78485581890152
285.658,-24.07143191214243,-688.403116491859,-56.72621172533313
285.751,-24.18966802245005,-688.2277385897293,-56.70400473912122
285.792,-24.607905797164577,-687.6063400626731,-56.62462024217254
285.937,-24.87967689921431,-687.2010287663888,-56.574074523008775
285.98,-25.077125884974443,-686.9068272384143,-56.5380737671675
286.031,-25.441522457139023,-686.362633862959,-56.474046156893934
286.082,-25.64267722582815,-686.0622970993929,-56.44125051778771
286.13,-25.929125086605097,-685.6349159433746,-56.397360252056984
286.181,-26.207547917720817,-685.2197268186104,-56.35765224648614
286.275,-26.484037685768897,-684.8058953182328,-56.321259114137604
286.37,-27.00909853850601,-684.0199147440545,-56.259518658344504
286.413,-27.20713302100834,-683.7236136642191,-56.23816815431627
286.455,-27.63442543884311,-683.0844483209349,-56.194537428835815
286.6,-27.908790501504498,-682.6729572363062,-56.16783446459445
286.644,-28.09099193831954,-682.3993749298847,-56.14986042766692
286.686,-28.413764298372897,-681.9160441499856,-56.117048276667134
286.784,-28.634987577882008,-681.5854598528454,-56.09343185401312
286.825,-28.869608703357365,-681.2334865202203,-56.06618820925283
286.875,-29.15551463132404,-680.8056823046278,-56.02733862025241
287.068,-29.264071671013625,-680.6450510920039,-56.01113191652259
287.111,-29.614214645438317,-680.1335792862554,-55.95413643723013
287.153,-29.78962607335196,-679.8813827773517,-55.9230273226259
287.196,-30.046315021389184,-679.513037028113,-55.87359589689885
287.239,-30.44232193126468,-678.9459275688137,-55.79138804771232
287.334,-30.630586081716686,-678.6770650880167,-55.75093011509338
287.429,-31.022147258269747,-678.1169280563453,-55.663863817504705
287.473,-31.292390084651586,-677.7305768247811,-55.603700076103536
287.515,-31.476909158368777,-677.4663113266519,-55.56303476481712
287.557,-31.793862515504564,-677.0075705151651,-55.496278545155846
287.6,-32.05351901609149,-676.6318003801757,-55.44473306487242
287.701,-32.310757276203574,-676.2597422016487,-55.395173795709496
287.797,-32.75347818428059,-675.6187436851652,-55.31524926350713
287.84,-33.01221586418479,-675.2448641469815,-55.27130425793737
287.938,-33.36466196931272,-674.7342340894828,-55.21501755425898
288.009,-33.499678523621206,-674.5381746996064,-55.19499459576865
288.057,-33.92750841566411,-673.9164455756162,-55.1350005775802
288.104,-34.285657450986356,-673.3968951602968,-55.087270323927754
288.207,-34.567628759175314,-672.9874817306979,-55.05270540859749
288.251,-34.913088079968624,-672.4902987011573,-55.014156102982355
288.297,-35.20354461470491,-672.0777253072174,-54.98482047679656
288.4,-35.34093151367028,-671.8864647597543,-54.97196965053648
288.445,-35.7504745751107,-671.3395181621671,-54.93818355138143
288.49,-36.08343985834757,-670.9139565668689,-54.914364777232535
288.593,-36.26840088693878,-670.680097281265,-54.90141557931858
288.638,-36.57318380997694,-670.2985880668958,-54.879697938769596
288.738,-36.861426560458,-669.9465491365919,-54.85831630408282
288.787,-37.03055160492846,-669.7432211763339,-54.84429121615
288.836,-37.24076473466133,-669.4930062583853,-54.82486369373402
288.95,-37.56745480577285,-669.1101819384372,-54.79026652821052
289.004,-37.71572940070782,-668.938939916911,-54.77201464602982
289.068,-38.02733901939965,-668.5811633444147,-54.72641277604346
289.172,-38.22837130397977,-668.3520115807582,-54.69174326537147
289.22,-38.373954325110255,-668.1889582830763,-54.6650701049866
289.274,-38.6621462423567,-667.8710818285608,-54.60806668169164
289.319,-38.878505056678094,-667.6373352555858,-54.562153498587946
289.422,-39.040031747179256,-667.4637724264987,-54.527427948868436
289.469,-39.38705211741305,-667.090565640963,-54.453884752396704
289.573,-39.50483495571401,-666.962459770345,-54.429025161747916
289.618,-39.81220823135328,-666.6261991059188,-54.363406935799304
289.718,-40.17507298216372,-666.2273371433529,-54.28456393074444
289.763,-40.539331527166176,-665.8256976914925,-54.20446626561042
289.811,-40.67300598271436,-665.6792827978238,-54.17454641682784
289.859,-41.077958430366756,-665.2351404918476,-54.08283927579757
289.907,-41.31379372582341,-664.9757176396544,-54.03001130668571
290.126,-41.61471428736989,-664.6453001074543,-53.96310665539056
290.228,-42.074579043390685,-664.1419977338257,-53.86183925734758
290.276,-42.28440083355393,-663.9129908060917,-53.81626561325139
290.321,-42.57973812078112,-663.5906231164985,-53.75285316796575
290.365,-43.02182055089682,-663.1000862916459,-53.66733878431276
290.465,-43.33463223194743,-662.7517182263706,-53.60905285403385
290.513,-43.48016758331978,-662.5893970485384,-53.58074273093527
290.784,-43.96432406785919,-662.0478914305996,-53.48107914860722
290.831,-44.12860389541879,-661.8636106507802,-53.4456581634941
290.875,-44.47014734388013,-661.4797791196851,-53.3698689597465
290.92,-44.81962924453239,-661.0857286745259,-53.2903468823734
290.964,-45.00684396394045,-660.873206273967,-53.247407239440264
291.011,-45.354636963011885,-660.4750852829725,-53.16861636075626
291.056,-45.7414678204982,-660.0283259655918,-53.08598432305337
291.103,-46.0491791214312,-659.6714478785758,-53.02412077597384
291.15,-46.266928506560525,-659.4177610793221,-52.98197241075144
291.195,-46.687726304227105,-658.9270341785588,-52.9057781463346
291.242,-46.99265739429352,-658.5706903256378,-52.853723484616495
291.288,-47.20936196762532,-658.3169725097321,-52.81795200108212
291.334,-47.65824268656709,-657.7915893561645,-52.748572267051884
291.379,-48.04436229942367,-657.3407548064258,-52.692724244704436
291.428,-48.18981005982848,-657.1706757642532,-52.67186679243261
291.485,-48.5302406879979,-656.774109708525,-52.62444585294469
291.591,-48.92195835558967,-656.3199214738431,-52.57146230839385
291.636,-49.17743500319548,-656.0238425225597,-52.53709063849632
291.738,-49.67847854986082,-655.4415633414369,-52.47071262255005
291.783,-49.91749245692883,-655.1633107903148,-52.43966169405259
291.829,-50.25491866376613,-654.770167439686,-52.39634454782319
291.931,-50.74680943504834,-654.1963728635158,-52.3350646080614
291.979,-50.988914153523766,-653.9135967536102,-52.304739205913705
292.025,-51.49925156752513,-653.3150548205509,-52.24016069576413
292.126,-51.854062162789596,-652.8978278422031,-52.19540056691238
292.252,-52.095237455727165,-652.6140721949381,-52.16504349590866
292.319,-52.423487207448986,-652.2273593478014,-52.12419033303368
292.363,-52.86873800023146,-651.7022152257074,-52.07022150924524
292.408,-53.074937456548135,-651.4587402445985,-52.045685288230914
292.451,-53.381226229986765,-651.0983011105633,-52.009361940826324
292.547,-53.70817765080625,-650.7149069775647,-51.97068427761087
292.591,-54.084196163671244,-650.2736805958857,-51.92654252593792
292.691,-54.311599796261824,-650.0059740261074,-51.90007926687255
292.736,-54.76003932379135,-649.4766954980012,-51.84884683172611
292.836,-54.97366189475105,-649.2242853273871,-51.82512480175865
292.882,-55.275406424197094,-648.8669278340848,-51.7925894916047
292.929,-55.70898738344311,-648.3535064031859,-51.748048177741765
293.033,-55.8445425929886,-648.1929119469178,-51.734700495839604
293.13,-56.17567690936453,-647.8004894109316,-51.70380692598576
293.229,-56.58558426240545,-647.3130326277192,-51.668706505322774
293.327,-56.759133145242785,-647.105156469825,-51.65479335876516
293.528,-56.98830378651055,-646.8291408775847,-51.637316473507724
293.57,-57.266417803297585,-646.4943022512134,-51.616789082331294
293.674,-57.43795981172429,-646.2876194404059,-51.60385576666852
293.72,-57.7470019466628,-645.9145957685474,-51.57946561356832
293.763,-58.06843603743757,-645.5261386997544,-51.55309958329282
293.806,-58.24548703117521,-645.3119547283547,-51.538335438478256
293.853,-58.55776767233818,-644.9341251592908,-51.51204438977339
293.896,-58.84804431256302,-644.582851065246,-51.486910352843864
293.939,-59.05356284293431,-644.3334323738247,-51.46813650635609
293.982,-59.31259872657968,-644.018152497624,-51.4434448529918
294.03,-59.63209766827387,-643.6297743501708,-51.41211116428427
294.074,-59.864682186020126,-643.3471352640059,-51.388954914960834
294.119,-60.12966567674252,-643.0257590543099,-51.36201309600338
294.166,-60.45982855747625,-642.6257959394358,-51.32697503984275
294.213,-60.7262942124285,-642.3037607993037,-51.29748465150091
294.27,-61.01153687563272,-641.9586176957238,-51.263767061144534
294.319,-61.28621289202951,-641.6252700959103,-51.229392901692066
294.424,-61.540869195651574,-641.3168391367971,-51.19624230046013
294.468,-61.829825514256875,-640.9671205102148,-51.157482295982064
294.567,-62.181502468290425,-640.5427721176044,-51.10872151207799
294.612,-62.469681627510006,-640.1959624081552,-51.06699984402745
294.665,-62.8435612233781,-639.7469544815033,-51.01130812861021
294.765,-62.98824783203918,-639.5730893376214,-50.98951424290047
294.81,-63.45119370614566,-639.014740076941,-50.91813882113726
294.909,-63.76636276903033,-638.6347920990899,-50.86856622784612
295.009,-64.08163079700013,-638.2545414936444,-50.81854463505745
295.058,-64.41429841902439,-637.8540373211791,-50.765239908809235
295.104,-64.7184535169927,-637.4875206164937,-50.716029299854796
295.204,-65.09512630870438,-637.0325752739006,-50.654920907578244
295.25,-65.36473351847896,-636.7061572024991,-50.61097050912899
295.299,-65.66957958167268,-636.3367084216533,-50.5616193088881
295.4,-66.10674763493206,-635.8067292211238,-50.491071208124055
295.448,-66.30041401854258,-635.5715833699526,-50.45983479550105
295.548,-66.61439853992292,-635.1902906144956,-50.409367041272816
295.597,-67.09847762377407,-634.6021330324173,-50.331931498478454
295.701,-67.3167358638017,-634.3363857720213,-50.29713804411462
295.753,-67.73413498780846,-633.8281401423171,-50.23166823037606
295.88,-68.16728928970319,-633.3017522533285,-50.16465516531093
295.924,-68.46356272317661,-632.9407838395778,-50.11947560977144
295.967,-68.69746862768677,-632.6552974085774,-50.084552881537405
296.013,-68.95939148707126,-632.335651474996,-50.04664050721718
296.112,-69.31135353994082,-631.9068173632456,-49.9971182305692
296.156,-69.60268236679346,-631.552602447292,-49.95677933376794
296.201,-69.97050402950305,-631.1058887895925,-49.90576526299719
296.41,-70.2518097785998,-630.764085970454,-49.86631077832864
296.454,-70.56841437231833,-630.3794773797648,-49.821567990276606
296.498,-70.93129190245052,-629.9392721046602,-49.76992662488654
296.543,-71.2692024600697,-629.5291159692664,-49.72161367360235
296.589,-71.51788522744566,-629.2273086766221,-49.68592368711411
296.633,-71.91096008397159,-628.7504412513856,-49.62952148049493
296.679,-72.20093836891596,-628.398497303074,-49.58789950344358
296.728,-72.51524955158027,-628.016672809423,-49.542788598065556
296.773,-72.90154454351637,-627.5471124821356,-49.48742673592113
297.046,-73.21616782862009,-627.1641769558345,-49.44288176896491
297.098,-73.54066527667499,-626.7688257897778,-49.397135463974124
297.146,-73.83149407242448,-626.4144307661572,-49.35614565982229
297.193,-74.1824783041471,-625.9866691587612,-49.30658051105944
297.244,-74.51216321702337,-625.58469564373,-49.260159273240575
297.292,-74.93081390141971,-625.074139930408,-49.20218339835627
297.341,-75.25522151291969,-624.6778177485058,-49.158547410761
297.387,-75.58909329911185,-624.2694450003385,-49.11544070053877
297.435,-75.90573760710521,-623.8821739554644,-49.07612442044207
297.483,-76.19284600682667,-623.531183560956,-49.04195570492132
297.531,-76.58404462473428,-623.0544510356392,-48.998408392254234
297.747,-76.91294238545845,-622.6545465475605,-48.96462729876265
297.797,-77.22457875415206,-622.274597547784,-48.9353340750766
297.843,-77.56022273012059,-621.8657098924947,-48.90723507746405
297.89,-77.88818596804722,-621.4667439288451,-48.88304027377015
297.935,-78.26332043457043,-621.0112786397483,-48.858247902641196
297.98,-78.589173670153,-620.6162378266555,-48.838211111065505
298.096,-78.92054998727983,-620.2144544489497,-48.81855228510584
298.144,-79.30623295232468,-619.7467846062991,-48.7950825293302
298.191,-79.63422980789244,-619.3485688486847,-48.77326998765844
298.237,-79.78870848272638,-619.1607307338406,-48.76242086940563
298.39,-80.35132730748228,-618.4778256726356,-48.71889114437846
298.435,-80.60598011206933,-618.1685698298608,-48.69605784073572
298.541,-81.0647869361556,-617.6118866001914,-48.650680131563234
298.594,-81.38825438085651,-617.2196399866285,-48.61477235686277
298.639,-81.72483531130914,-616.8113203389117,-48.57432889737366
298.686,-82.13423478695064,-616.3151217682911,-48.522310411380616
298.732,-82.35892219784397,-616.0437414351542,-48.49272213951734
298.777,-82.69034663965544,-615.6431613636602,-48.44848629365109
298.823,-83.20439982159712,-615.0178712042746,-48.37856250136163
298.879,-83.44482748476564,-614.7256498091516,-48.346357563674246
298.98,-83.78584489062345,-614.3114017319755,-48.301862601490484
299.025,-84.30419931623219,-613.6832361011986,-48.23634508614275
299.127,-84.54554756421635,-613.3903461353141,-48.206420979990796
299.177,-84.88812603206347,-612.9716861067242,-48.16363194550324
299.278,-85.18480866545362,-612.6084657044338,-48.125924362055954
299.323,-85.5941456534346,-612.1094753022566,-48.0730119407373
299.433,-85.91997498011199,-611.7137922559411,-48.02940384434494
299.495,-86.3364186069094,-611.207857506222,-47.97115517888034
299.545,-86.6445404178396,-610.8329640868166,-47.926133961380756
299.595,-86.97975936566733,-610.4255316583218,-47.87530470811397
299.699,-87.22255806275444,-610.1305942877681,-47.83852549721945
299.745,-87.7482377436252,-609.4945470216172,-47.75949785302774
299.79,-88.1132850167592,-609.0535865025244,-47.70639394308877
299.891,-88.55715580380523,-608.5154738673282,-47.64545702928267
299.939,-88.81021705785932,-608.208634571551,-47.61255581959132
299.986,-89.22982362396489,-607.6999960398326,-47.561640341353595
300.043,-89.58137854109577,-607.27061031449,-47.52158352366358
300.426,-89.75507412525508,-607.0588519048455,-47.50223570433718
300.814,-90.10498255026135,-606.6323216083847,-47.46412512199106
301.221,-91.9314825917874,-604.3794401099623,-47.2321179330163
301.625,-93.8203032854332,-602.0765093920919,-46.994891963748955
302.025,-95.54526951743817,-600.0158882773715,-46.89381804338383
302.426,-97.60822524760783,-597.5245407019211,-46.77151758694606
302.825,-99.58073292546041,-595.1308112351035,-46.53779236246265
302.87,-99.99129322513515,-594.6349845783918,-46.48498550710916
302.925,-100.32529901984367,-594.2339016633258,-46.444606754639295
303.317,-100.641611906026,-593.855332976459,-46.4095660743491
303.716,-104.52972674257208,-589.2054464910475,-46.28880911665729
304.11,-106.3457575861623,-587.0066936311347,-46.21346231924535
304.502,-108.64730799574487,-584.1910914054298,-46.13219798668271
304.897,-110.75406641468926,-581.625426408634,-46.01974681996899
305.292,-112.58363905204007,-579.4310755005329,-45.71287333720504
305.685,-114.68163537757177,-576.9502485960941,-45.27165575289895
306.08,-116.47464869382135,-574.8276586852955,-45.032045126739646
306.475,-118.15046237379438,-572.8201772962994,-44.89310885729712
306.869,-119.84124309694342,-570.77457257087,-44.729800817222966
307.263,-121.87820436914637,-568.3137115319114,-44.527743201065036
307.653,-123.28144727424208,-566.6143978051746,-44.4139930601912
308.047,-125.46307966226583,-563.9432596549193,-44.3001998661303
308.435,-127.01601493774125,-562.0416614888028,-44.207797161580345
308.829,-128.6023661406686,-560.1009061617923,-44.1746391679914
309.194,-129.57455981924397,-558.9136477095249,-44.21567636742991
309.238,-130.39826436908058,-557.8955557371136,-44.259665067164946
309.283,-130.7646646306208,-557.4438344938476,-44.27756366653426
309.327,-130.94359462485446,-557.2235533178996,-44.28540900649078
309.371,-131.20315181605594,-556.8996284192272,-44.29636575749659
309.418,-131.58276682229547,-556.4216718092365,-44.3101856381421
309.464,-131.76888212625823,-556.1896896433794,-44.31530242080319
309.513,-132.03691907212612,-555.8570186956609,-44.32126755183852
309.559,-132.43830582149928,-555.359994481457,-44.32650228620419
309.608,-132.63717929201516,-555.1136752074071,-44.327411261070964
309.655,-132.93663834009487,-554.7433447794871,-44.32733006520721
309.698,-133.3330111437291,-554.2539037334207,-44.32564067536997
309.743,-133.61036143192663,-553.9122192829577,-44.32353178339075
309.79,-133.90451578780278,-553.5503697456289,-44.320880830069015
309.835,-134.34148317363042,-553.0112606102647,-44.31605068156681
309.879,-134.5498253541545,-552.7542498794942,-44.31326229458989
309.923,-134.84717756466893,-552.3884968957066,-44.30936082219111
309.966,-135.28951789412577,-551.8484541925517,-44.30607599988167
310.013,-135.51285455625396,-551.5774088359841,-44.30548101890598
310.059,-136.0835836547495,-550.8847633440812,-44.30392040363694
310.105,-136.30110951209684,-550.6192343454304,-44.30325002305507
310.15,-136.78852874896782,-550.0275681350804,-44.300560801618815
310.198,-137.10314555492852,-549.6501893763135,-44.29806671825766
310.244,-137.37392573988382,-549.3290412860591,-44.295271197648034
310.288,-137.72720334494366,-548.912729277314,-44.289985781870215
310.333,-137.8559633096807,-548.7595852121549,-44.28711417676165
310.378,-138.27240254328007,-548.2602818877748,-44.272980135899104
310.422,-138.4763207094599,-548.0165874671507,-44.26334469997718
310.571,-138.77239219404936,-547.6668224566962,-44.24364475086156
310.616,-139.28818534612705,-547.0648988758111,-44.19483224543073
310.66,-139.42671906589817,-546.9033760966842,-44.17906228214444
310.703,-139.73283922655924,-546.545683949439,-44.139452976426995
310.747,-140.16758258694685,-546.0343779161686,-44.070269809579344
310.792,-140.38015260816314,-545.7839534088491,-44.03166986027665
310.899,-140.9286397730985,-545.144188013538,-43.917387489362966
310.947,-141.13668150583538,-544.902847316365,-43.86900244874697
310.996,-141.41019529470222,-544.5844514415008,-43.8006100917037
311.094,-141.87226819067888,-544.0444269364203,-43.667822903506774
311.136,-142.0711834085427,-543.8129912010074,-43.6066376053238
311.231,-142.49379362834924,-543.3208191304107,-43.47254908462395
311.281,-142.77649132047506,-542.9875047520595,-43.37991083256621
311.372,-143.04883484043108,-542.6675624003237,-43.295752177203525
311.467,-143.43648096846619,-542.2160498560372,-43.186894723361334
311.512,-143.73716480533517,-541.8572866899615,-43.10816100617765
311.554,-144.1116637961847,-541.4012106363903,-43.022159879525304
311.654,-144.4423442953054,-540.9900316953491,-42.95733158892929
311.699,-144.85957049078223,-540.4617599863637,-42.89155095586871
311.798,-145.14522619873557,-540.0971557123996,-42.85625920802721
311.844,-145.37121703170754,-539.8064658533261,-42.831525555323125
311.946,-145.78222642816957,-539.2692747851916,-42.79167126370088
311.991,-145.9236707695851,-539.0815880751877,-42.77858985626273
312.036,-146.32579669470215,-538.5525019973354,-42.74418958948057
312.142,-146.4376245866831,-538.4099920719951,-42.734791578895766
312.199,-146.7915910523842,-537.9712770502248,-42.69831651149372
312.254,-147.10495744657612,-537.5898591337151,-42.65810056131835
312.323,-147.22726956363488,-537.4407457004874,-42.640562565098506
312.366,-147.6557614464609,-536.9147932218469,-42.568685222226854
312.467,-147.8516966791339,-536.6682894723557,-42.52990990486591
312.512,-148.13094362208358,-536.3092527391318,-42.466861269907156
312.612,-148.53220390574552,-535.778494315697,-42.361647158414605
312.709,-148.720500469976,-535.5339045070199,-42.31135874334239
312.754,-148.99920471779063,-535.1768173717927,-42.23825087515306
312.797,-149.4095221777058,-534.6577588564437,-42.13859119254496
312.841,-149.60480888900202,-534.4091313545795,-42.09571281016137
312.891,-149.8942312043941,-534.0335399652687,-42.037242594267525
312.989,-150.3057857196314,-533.49367381704,-41.9645053962009
313.032,-150.50646512561934,-533.2314462329083,-41.9334933333134
313.129,-150.79486196239915,-532.8545235643679,-41.89264850279846
313.228,-151.22960090338938,-532.2874021101873,-41.83462445520992
313.272,-151.44010485447046,-532.0133996229353,-41.80706903314762
313.371,-151.74124292861922,-531.6211076570384,-41.76834555684744
313.415,-152.21491643505954,-531.0096486207665,-41.709440559138805
313.514,-152.35585674482286,-530.8286364580651,-41.69097626884544
313.563,-152.67080142583842,-530.4227938109251,-41.646064084307056
313.614,-153.1407110087759,-529.8154962652455,-41.57124928557338
313.666,-153.34348111392336,-529.55314206237,-41.53617342193946
313.715,-153.62751464952535,-529.18396184945,-41.483538439488235
313.864,-153.89793202525445,-528.8347421007002,-41.43171427601865
313.911,-154.21915129479746,-528.4273766721861,-41.36998415492667
314.008,-154.5029930409597,-528.066459754129,-41.310969751751
314.052,-154.9278350808873,-527.5296073927004,-41.218130370029954
314.203,-155.13756300840146,-527.2684156421134,-41.17185480768268
314.246,-155.4481680337022,-526.8819583604736,-41.10034276727661
314.29,-155.8400347929463,-526.3952309028109,-41.00680900905252
314.333,-156.13168200855148,-526.0345951987285,-40.937539554793695
314.376,-156.42807932272194,-525.6671871329046,-40.867656502688604
314.419,-156.77753773895978,-525.2321688712342,-40.78779760634987
314.464,-157.02884380401525,-524.9200939581099,-40.73339805170481
314.568,-157.30618435166917,-524.5738666333106,-40.67630426997328
314.614,-157.6018086434055,-524.2021472324739,-40.61898040182959
314.66,-157.97219446811806,-523.7300252802817,-40.552298804779426
314.758,-158.274939336933,-523.3433622674588,-40.504154734961915
314.855,-158.7958637460081,-522.674012566139,-40.4354392937324
314.898,-158.93944656118208,-522.4874569440209,-40.41910784768068
314.999,-159.24004028782372,-522.0936548539187,-40.39073029060359
315.042,-159.54839745524225,-521.6869230834895,-40.36980319637829
315.249,-159.879272169528,-521.245600694718,-40.35503230413294
315.292,-160.07896035878895,-520.9756460817566,-40.35108173247251
315.334,-160.47160695900163,-520.4341779090104,-40.352060040926176
315.376,-160.6453349639201,-520.1925807357617,-40.35443198947736
315.419,-160.96339446971473,-519.7510427473027,-40.35963453836998
315.465,-161.22164482652255,-519.3987099791658,-40.36320717480092
315.508,-161.46468908641816,-519.0727476908328,-40.36376780008715
315.552,-161.769140053483,-518.6699673318117,-40.35801552974652
315.66,-162.01501382312017,-518.3393012802381,-40.346852911829366
315.711,-162.24224839253068,-518.0289551048355,-40.33118358581948
315.762,-162.53704967861762,-517.6228623734519,-40.30340399792069
315.863,-162.76391698057216,-517.3093734719552,-40.27441684377196
315.907,-162.9902951553354,-517.0001456545123,-40.238861426079374
316.062,-163.23388250961506,-516.6759315292294,-40.195301933200895
316.109,-163.54129603385164,-516.2735280543948,-40.133266234940926
316.166,-163.84763007004628,-515.8713830704689,-40.065661064546866
316.21,-164.06651237907846,-515.5852241589058,-40.01485531930659
316.26,-164.50554693663554,-515.0178778453671,-39.91274725618128
316.307,-164.71241272723802,-514.7495231530461,-39.86473392695162
316.354,-164.93990665382324,-514.4514911355526,-39.81144476598117
316.462,-165.42610300421944,-513.8084045416797,-39.697635312701216
316.511,-165.61111277188908,-513.5610323086482,-39.655699043478464
316.62,-165.87557552248177,-513.2078127680526,-39.60128279427313
316.668,-166.24814540136424,-512.7162464170536,-39.5374955242416
316.775,-166.4179834504481,-512.4921353211694,-39.51337618162317
316.82,-166.65640600691,-512.1763307639793,-39.483310849121814
316.865,-167.02158076948834,-511.69172271437174,-39.442917325222126
316.969,-167.20064061644155,-511.45512975950925,-39.42531739942638
317.025,-167.46034906216227,-511.112276309006,-39.40270956937396
317.071,-167.83352487990362,-510.6189141853591,-39.37264968446177
317.173,-168.01497097910044,-510.38122025522773,-39.3596103626745
317.223,-168.4794021482528,-509.7689970193433,-39.33040413507908
317.27,-168.65148677012095,-509.5420284213101,-39.32126706066508
317.645,-169.02958661879015,-509.0506383470983,-39.30613751974508
318.021,-169.29183852643828,-508.71144505303397,-39.29886288982495
318.396,-170.38606089292023,-507.2707877185496,-39.251203720559396
318.77,-172.29793260894328,-504.74121883730896,-39.04102390672349
319.149,-174.09343768753297,-502.3352931517336,-38.76464519875042
319.524,-176.27093889710582,-499.4452107973364,-38.6153744926385
319.904,-178.16216524757579,-497.0303670401464,-38.610353854405254
320.284,-179.6533056414914,-495.180989294551,-38.493853054052046
320.66,-181.12026682074418,-493.3667268924377,-38.308281411412295
321.04,-183.15314243893425,-490.75773081544116,-38.0243521129975
321.418,-185.00823882034916,-488.3657566231995,-37.83294453705066
321.795,-186.47991191832023,-486.48102031536337,-37.83016171274316
322.171,-187.88927671484626,-484.70834310848096,-37.81388716787494
322.547,-189.42098923820478,-482.7968897479001,-37.64768836183543
322.924,-191.06646119488053,-480.73073218420194,-37.443180431301826
323.297,-192.72941076573363,-478.6226216036834,-37.40510451669935
323.672,-194.56128036904443,-476.28776382554014,-37.518302586736134
324.049,-196.72430655514927,-473.5268823031883,-37.39107394366894
324.427,-197.95207591643185,-472.03147848742526,-37.21373550652761
324.807,-200.02158134934123,-469.52020354621794,-37.02644040519971
325.183,-201.7243998042519,-467.45873015311446,-37.02878407572777
325.56,-203.62211752675893,-465.1720956174449,-37.02340154799514
325.937,-205.54205324116384,-462.85784625233805,-36.88238672794023
326.314,-207.34896703458367,-460.6711961912251,-36.71378554526321
326.689,-209.24401974423557,-458.333183456418,-36.679586398329604
327.066,-210.82407301639154,-456.3685349410962,-36.79787624920433
327.441,-212.05898608770224,-454.8472657223257,-36.888813874247084
327.812,-213.1830710596513,-453.45516803535344,-36.89001318099895
328.188,-214.76628963722573,-451.47459261826043,-36.73228541964111
328.564,-216.12662572388982,-449.65246158820327,-36.49423415980051
328.938,-217.7676360208403,-447.2507040824517,-36.28055708990763
329.317,-219.29088939927385,-444.94748546882016,-36.30622460427704
329.69,-220.30685870447545,-443.44493657721137,-36.403571230574165
330.067,-221.6912566041318,-441.4720333467744,-36.47307910908147
330.445,-223.25119532410977,-439.25520865930514,-36.570338148655026
330.491,-223.6742129845723,-438.63874208296323,-36.605998652302155
330.536,-223.91300890800557,-438.2924215054584,-36.62666744291736
330.579,-224.07855475823345,-438.0524086082636,-36.64037287222464
330.624,-224.42530079474665,-437.54387970450796,-36.664610066133314
330.668,-224.58679055407427,-437.3028663140259,-36.67185756776078
330.713,-224.9104402741251,-436.812019759158,-36.67545088234399
330.765,-225.07664257425802,-436.556149400359,-36.670073959335895
330.835,-225.275612007963,-436.2471226177567,-36.65512465753969
330.877,-225.46544730474716,-435.9502937302458,-36.63040704179697
330.919,-225.88660374649442,-435.29576448503985,-36.542054617952964
330.961,-226.1086941365036,-434.9552052211873,-36.47898023435654
331.003,-226.21377866328126,-434.7933676731846,-36.445881226123035
331.045,-226.57006415995482,-434.23454909765405,-36.31539911944359
331.086,-226.72439236283824,-433.9961390571144,-36.25565188172146
331.128,-226.94878229407482,-433.65371220381996,-36.167594858873606
331.17,-227.2931452960034,-433.1336783151481,-36.03737845655676
331.212,-227.45431960504004,-432.8930061432623,-35.98027774189342
331.253,-227.8797184986317,-432.2656676111902,-35.840290163186886
331.294,-228.05604459030513,-432.0119280757962,-35.78914142376323
331.336,-228.23881027954315,-431.75273627648977,-35.740242980471564
331.377,-228.74519787376067,-431.0531436307961,-35.62230254132054
331.419,-229.0115613110367,-430.7255784301037,-35.58231374394369
331.513,-229.30546340031407,-430.37837707240527,-35.55924929302957
331.559,-229.79354329747895,-429.79277986319454,-35.56199428979148
331.705,-229.96113630247098,-429.5892830799015,-35.57304726616697
331.75,-230.41942595586883,-429.00657944778607,-35.635531431084715
331.793,-230.53141206071854,-428.86271203589956,-35.65432800210866
331.835,-230.8988161275887,-428.3880610219009,-35.719795656218366
331.877,-231.18172256221638,-428.02698028881474,-35.77054508792626
331.921,-231.2813484339348,-427.90140620428537,-35.788342803107724
332.017,-231.60930994137698,-427.49278435047785,-35.845400156794376
332.059,-231.75695787947637,-427.30932405168954,-35.86788185036404
332.104,-231.96840433288708,-427.0458523492664,-35.89449436107757
332.153,-232.2982057618471,-426.63238178888577,-35.92276080718716
332.265,-232.5049886456345,-426.3715497531704,-35.9325319694451
332.367,-232.74809224460415,-426.0673218217298,-35.93568785190318
332.408,-233.1135950463784,-425.61817710387623,-35.93031627240995
332.45,-233.28475362472284,-425.4080901169293,-35.92600005450467
332.491,-233.7430062258943,-424.8366284237755,-35.910132107657354
332.645,-233.88912616643276,-424.6462994859497,-35.90490274895153
332.692,-234.13429031309198,-424.31248120829184,-35.89638971156504
332.786,-234.49746738010526,-423.7912426677908,-35.88439844923188
332.827,-234.81710259857897,-423.31415758402414,-35.873503559832876
332.869,-234.98475322392278,-423.0538205038153,-35.8674686356716
333.013,-235.2339637289026,-422.6534050318239,-35.85827066675449
333.058,-235.58437536450992,-422.0544841056267,-35.84907519241228
333.098,-235.746927377094,-421.75905027661025,-35.8475037615823
333.142,-235.9811722001274,-421.3191695580419,-35.84647072262871
333.186,-236.284547950822,-420.7211461987946,-35.8436059983251
333.335,-236.49740849862337,-420.27356156512,-35.83861828493306
333.377,-236.71610702705343,-419.79864283064165,-35.83096512878917
333.42,-237.05327783835327,-419.06037094595996,-35.81736356282082
333.462,-237.1360418740929,-418.87833266308303,-35.813894908020345
333.506,-237.46280834297627,-418.1728379278643,-35.79973330334056
333.61,-237.66407812571387,-417.7633702240147,-35.78698160246995
333.695,-237.79525581555026,-417.48760767639305,-35.77519584833251
333.946,-237.98310084523308,-417.0916128928733,-35.753783606778185
333.992,-238.27315438817598,-416.48626320344465,-35.71196160448655
334.036,-238.51295980870242,-416.0072398450595,-35.672793742513875
334.079,-238.60471342889792,-415.82809291885906,-35.65711237291334
334.122,-238.92752812095893,-415.195343290128,-35.597003413542204
334.164,-239.08105495803147,-414.9010964203115,-35.568664676667616
334.312,-239.30341197815497,-414.48307703521095,-35.528180968523365
334.46,-239.62046401899673,-413.88994019837946,-35.47216080390434
334.502,-239.7525664026967,-413.6424796664569,-35.45141179713505
334.544,-239.92832482113158,-413.3134675351357,-35.42716218813217
334.587,-240.14759725408723,-412.9058108820732,-35.404287664754655
334.631,-240.41424654299442,-412.42083129553356,-35.391804299110056
334.673,-240.54554009531924,-412.18267929857683,-35.391233154706875
334.715,-240.87240507200175,-411.5874456895526,-35.40245896119094
334.757,-241.05876481019607,-411.24620759880327,-35.416868051655385
334.798,-241.19126719315125,-411.0042927605267,-35.431072414522376
334.892,-241.49166203169307,-410.4735364395117,-35.4732078259477
334.933,-241.59240146471637,-410.2994301578169,-35.48888618136898
334.975,-241.93527496739225,-409.7147540546652,-35.54718760528405
335.069,-242.0752606494375,-409.47853566706937,-35.571267047888064
335.11,-242.26373485136543,-409.160566825443,-35.602804864410075
335.152,-242.54274114994587,-408.6906995950859,-35.64667360130784
335.247,-242.7874498923137,-408.2819285747895,-35.68229252706619
335.289,-242.92469933047124,-408.0532028334662,-35.70047724123718
335.383,-243.22825269114935,-407.5465304906003,-35.7340325990168
335.429,-243.33624926952234,-407.3658321265524,-35.74219946968293
335.473,-243.66912032461784,-406.8137093413216,-35.74642366102654
335.57,-243.853347420325,-406.50616572965737,-35.738019882371
335.614,-243.9829904214347,-406.2835519568574,-35.72927755011447
335.71,-244.2685214007975,-405.7926241955228,-35.70711098950842
335.807,-244.37005485082557,-405.6188145306422,-35.70000238958946
335.849,-244.77616044393358,-404.9436823270176,-35.67758476430471
335.892,-244.9608622122413,-404.6446853803927,-35.67056735890971
335.989,-245.13306694649714,-404.3664598141859,-35.6671618474243
336.04,-245.50250398193924,-403.76868054653124,-35.67127567393013
336.135,-245.67320491488968,-403.49341452465796,-35.6779528752881
336.19,-245.92490519539206,-403.0875708966839,-35.69426919863565
336.234,-246.28287057226237,-402.50969669158036,-35.72762016816328
336.331,-246.48629358342612,-402.18039178993826,-35.74916448755992
336.383,-246.70491722408542,-401.8283623554061,-35.773702590428584
336.428,-246.95183280458804,-401.43346786951656,-35.80126900365897
336.528,-247.1888786196497,-401.0574174356158,-35.826728749588156
336.627,-247.3442501218706,-400.81227510492846,-35.84262654572822
336.671,-247.68567599883878,-400.2761882820829,-35.873158662105524
336.724,-247.94998981744732,-399.8622287391608,-35.89287609764658
336.817,-248.05148303928223,-399.7034273836328,-35.899602811027414
336.859,-248.28350553700824,-399.33872037999095,-35.91303153971528
337.115,-248.6832738026574,-398.704723975226,-35.931420574987605
337.181,-248.78864022068825,-398.5372589878662,-35.93580511974986
337.245,-249.02178491132605,-398.16686094767533,-35.94604771889514
337.307,-249.3768726634325,-397.60481554966304,-35.96655775026515
337.348,-249.53797406796926,-397.3512229392933,-35.97824020552525
337.393,-249.78405794570745,-396.964949384153,-35.99925136504746
337.493,-250.1284755776436,-396.42763915750476,-36.03319550354561
337.539,-250.28508721548775,-396.18368395087475,-36.04934818774247
337.585,-250.521167035824,-395.8165885637291,-36.07422152061287
337.684,-250.9067304019367,-395.2181334799765,-36.11147709129494
337.735,-251.0125150589163,-395.0542659582734,-36.11987785063103
337.78,-251.25868920295756,-394.6743098235139,-36.135730974940685
337.826,-251.60106325152813,-394.15439497654745,-36.14797766035966
337.871,-251.7643942793989,-393.909648641853,-36.147387720110835
337.916,-252.11159677028684,-393.39083915016965,-36.130196902632264
337.96,-252.352550674754,-393.026821115483,-36.10503310184306
338.004,-252.5211318906135,-392.7753850138285,-36.08181737219371
338.049,-252.93931506096135,-392.1644883954094,-36.0060210379047
338.149,-253.1952798367216,-391.7940156406997,-35.952068948794924
338.201,-253.37622453666404,-391.52707667190725,-35.913215200197314
338.298,-253.69071891092375,-391.0522162832628,-35.84605938947401
338.341,-253.85716889222851,-390.79804048941753,-35.8137851638611
338.444,-254.21300987671702,-390.2453014027835,-35.74910793166172
338.49,-254.54020683679323,-389.73540415783697,-35.6950873751337
338.717,-254.72290760387463,-389.4510869296253,-35.666345007741015
339.145,-255.11668873337294,-388.8331962278377,-35.60728943913782
339.52,-255.5606471571805,-388.1341348575094,-35.5462627230138
339.896,-256.9747564345498,-385.90623725223014,-35.344831849738945
340.268,-258.9349866025565,-382.8759124474154,-35.09480758820199
340.639,-261.2403207232643,-379.33537986173496,-34.85454776280313
340.707,-261.4521483882695,-379.0097805820182,-34.82706928554947
340.764,-261.82735537129173,-378.43413675029757,-34.77154165185836
340.807,-262.1123621116334,-378.0000497934729,-34.72344683861405
340.849,-262.30475337762937,-377.71316291399745,-34.68965650428137
340.892,-262.71071317663257,-377.1229632508196,-34.613570269780325
340.937,-263.03724567840635,-376.64724249339815,-34.54592769707789
340.981,-263.09109637102074,-376.5689260648577,-34.53432243017695
341.026,-263.4915715531421,-375.984784795426,-34.44387485747484
341.07,-263.7250867428452,-375.64562992910004,-34.389653712844044
341.113,-264.036120911615,-375.188550110321,-34.31315413417816
341.156,-264.1733751311507,-374.98493977837836,-34.27682143634118
341.2,-264.43204619296614,-374.6034033149106,-34.20378519118866
341.243,-264.71059795746794,-374.19724200518465,-34.11550905246576
341.287,-264.87346086185244,-373.95824443092044,-34.05627573280973
341.334,-265.0352857278682,-373.72126011461074,-33.992733160815945
341.379,-265.42831747885674,-373.15608685113517,-33.8251177647462
341.423,-265.66402432252517,-372.82984480615215,-33.721376601838884
341.467,-265.89630076999725,-372.5101044373484,-33.61285783586254
341.511,-266.0608729436576,-372.2885681171633,-33.5346228162535
341.555,-266.4290114547242,-371.8088547165387,-33.35902411333271
341.6,-266.72864767780436,-371.4231817470685,-33.21391391910636
341.644,-266.94936827810926,-371.1411078143833,-33.10683952893403
341.69,-267.2023979857569,-370.8188107265342,-32.98381011731286
341.733,-267.51186618440033,-370.4295245474338,-32.83815273332854
341.778,-267.78389140928664,-370.0874892439218,-32.71353692114809
341.823,-268.03199577760495,-369.77836464343704,-32.60166251454172
341.868,-268.3700816817095,-369.3538802439128,-32.451623135954094
341.914,-268.733733281131,-368.89520591982915,-32.295809736224314
341.958,-268.9302567147728,-368.6466230300557,-32.215556215620715
342.056,-269.3738132999264,-368.0823768181381,-32.05207489778968
342.155,-269.66662575207147,-367.70622060775486,-31.956215617847473
342.202,-270.06671298234403,-367.1862657796703,-31.84058205625094
342.245,-270.3794567518811,-366.7668282388543,-31.766547654910696
342.345,-270.5812818569722,-366.4936114115899,-31.728102607709754
342.392,-270.96567883762214,-365.9608014156567,-31.67757469035542
342.502,-271.1891032169665,-365.64997449695494,-31.662191812489915
342.875,-271.33835746454076,-365.4414717231995,-31.65621179274673
343.246,-271.6682668741515,-364.9667297462389,-31.651332111969403
343.624,-273.0124729322081,-363.00292331101684,-31.56358964519149
344.002,-274.3586612920586,-361.1365644592333,-31.280190514197635
344.38,-276.0224913840058,-358.9366388355455,-30.825635953557637
344.758,-277.562412534331,-356.9818482484547,-30.285733961690802
345.136,-279.7899254440614,-354.20870874538525,-29.552875637699387
345.514,-281.1391365571432,-352.4006479058831,-29.23152197054482
345.891,-282.8591091819734,-350.0652894190514,-28.768754945127135
346.268,-284.48506864978214,-347.9668695076419,-28.23508376092152
346.647,-286.1030073507966,-345.8225772295782,-27.991298968244543
347.027,-287.4446915977802,-344.02739325823876,-27.932147568821208
347.403,-288.8588069503676,-342.17325204625587,-27.81827510702984
347.782,-290.9326260452758,-339.43475012069007,-27.56430487359013
348.158,-291.850346748505,-338.2304596912859,-27.46226220075127
348.535,-294.10312042567637,-335.21419147795467,-27.384670437135064
348.914,-294.76692322237284,-334.28091802110515,-27.444601173451467
349.288,-296.0422283475204,-332.4699262001816,-27.618669230993454
349.66,-296.62751354080024,-331.6425973511124,-27.69847562843514
350.035,-299.5369738423108,-327.6029877573035,-27.936056554479578
350.41,-300.9463303440066,-325.64975148282775,-28.070792999990097
350.789,-302.58908456571214,-323.3671591302064,-28.258224514425372
351.165,-303.9272000925935,-321.48507518836976,-28.397988015413205
351.542,-304.7878724209869,-320.2781547955461,-28.47190863475415
351.735,-305.8188807815162,-318.8892404394928,-28.515183711955537
351.776,-305.9735285284995,-318.6801666875323,-28.518214054461787
351.817,-306.2345508306637,-318.3257222511225,-28.519547972626725
351.858,-306.3804720450253,-318.12617415628864,-28.517700064663565
351.9,-306.7272044619888,-317.64513350098093,-28.503588838703863
351.941,-306.9379576566429,-317.3587509011566,-28.490617355604577
351.983,-307.0920411516922,-317.1523963988322,-28.482397681659428
352.024,-307.46899404145347,-316.64565594306936,-28.46607029090466
352.067,-307.69190979386605,-316.34202261272355,-28.458585536215075
352.109,-307.8489450667663,-316.126168943058,-28.455512059968385
352.151,-308.2239662925251,-315.60845252087404,-28.46301927665867
352.199,-308.5476635519385,-315.1537606936926,-28.48536103304034
352.248,-308.6670799688666,-314.98267240730604,-28.49687700560768
352.297,-309.1188885217962,-314.3291630602089,-28.571573884011308
352.338,-309.45466032388737,-313.830808217609,-28.657800775775748
352.433,-309.7261274914795,-313.41345811085887,-28.752604210097047
352.475,-309.9510921351682,-313.0616190444939,-28.848120255587943
352.516,-310.2361621779809,-312.6091799063571,-28.987149712404523
352.558,-310.4919208166016,-312.1919377265724,-29.12686364517613
352.6,-310.67046391882724,-311.89598885442695,-29.232787235772413
352.642,-310.8948863888196,-311.5132295423545,-29.373863107404013
352.683,-311.06776614955936,-311.21105972716896,-29.485234482646035
352.726,-311.2558778400534,-310.8776818882689,-29.60209657786264
352.771,-311.4506290206293,-310.5266192276243,-29.71158826506128
352.812,-311.6102356457951,-310.2371488730624,-29.788532249787252
352.854,-311.75784996973323,-309.9695809407984,-29.848699709028082
353.003,-311.95456161785955,-309.61483760972806,-29.911619242287863
353.044,-312.14533778841985,-309.2707749766217,-29.95458430976182
353.085,-312.29350507359743,-309.0035828429317,-29.975555287745678
353.126,-312.4886167560385,-308.6518248051927,-29.98624066917141
353.167,-312.7073877831127,-308.25761159638455,-29.976019266589375
353.21,-312.82429907735667,-308.04706219569954,-29.96066000999562
353.305,-313.0210597823324,-307.6929438363158,-29.919492698188186
353.454,-313.182238887943,-307.4031229718539,-29.871516406927576
353.498,-313.33284144264053,-307.1325656716517,-29.815387129904565
353.542,-313.527809547032,-306.782705653095,-29.725946940758433
353.585,-313.75831787593995,-306.37721127401454,-29.600022722357494
353.79,-313.8810431282041,-306.16974454182025,-29.526479956356496
353.833,-314.0960167868881,-305.81370536977965,-29.391009916618415
353.875,-314.3080033000824,-305.4698730252486,-29.24621731739603
353.917,-314.51105845744064,-305.1470219263658,-29.098315206822605
353.958,-314.69902786336036,-304.84192062691943,-28.95276471993334
354.057,-314.92310074582315,-304.4653097435007,-28.768718628463233
354.098,-315.13538970548234,-304.10348987114907,-28.58705292274658
354.14,-315.3429898409961,-303.7490409424203,-28.409204920248072
354.183,-315.59657450796715,-303.3102290356009,-28.191921434998733
354.229,-315.83847226939935,-302.8769994179918,-27.984306516596334
354.271,-316.0667566660111,-302.4591125592634,-27.80000459070787
354.315,-316.39501866905505,-301.8577606379177,-27.567166575086645
354.464,-316.63142902179544,-301.4353487323052,-27.428675835025203
354.507,-316.88732839126095,-300.9753511752132,-27.307896684225454
354.554,-317.2322802859757,-300.3533255595804,-27.18338410417678
354.652,-317.46076272393196,-299.9487321649882,-27.126802981092567
354.801,-317.7480059606178,-299.42925745476515,-27.08508346124202
354.845,-318.007932637625,-298.96221177565894,-27.068808997055825
354.888,-318.2147315876565,-298.59509284478924,-27.06537739062199
354.931,-318.4888923446499,-298.1077568334746,-27.0705036739963
354.972,-318.75951030277827,-297.62107516138235,-27.07723576666426
355.017,-318.95627572486035,-297.26747838082855,-27.078872413786655
355.061,-319.163478546419,-296.89390909868223,-27.07421496634852
355.158,-319.40251959630643,-296.46224121482663,-27.059730184470254
355.205,-319.67242216792124,-295.97741715574097,-27.03222608198918
355.353,-319.893248838678,-295.58935988701313,-27.001822572075255
355.396,-320.11766120635207,-295.2051151482332,-26.967147710327808
355.646,-320.3912303411987,-294.74282857320486,-26.920323877594768
355.69,-320.6279488462218,-294.3408154269004,-26.875226010853453
355.736,-320.79395031130906,-294.06044713877355,-26.84275378051987
355.78,-321.21851910591135,-293.3471639079114,-26.760621092974233
355.844,-321.39391913688894,-293.05527906851296,-26.730036502529558
355.902,-321.8064698681806,-292.3734053449665,-26.668117756542955
355.945,-322.05002905929075,-291.97535684381654,-26.638377287047305
355.987,-322.3206053521028,-291.5342654303971,-26.61088061509794
356.031,-322.62589293468795,-291.03676029723584,-26.58613180554073
356.075,-322.94190721760094,-290.5236095364093,-26.570171098909356
356.12,-323.2529012196246,-290.0241565645909,-26.566833834275684
356.216,-323.54651618279945,-289.5537207237371,-26.572497697127574
356.261,-323.75395314172147,-289.22250301881513,-26.57965557414694
356.305,-324.0750539767304,-288.70901871214494,-26.593913268653026
356.405,-324.380671225475,-288.2151980065427,-26.61248305419511
356.504,-324.6555297264488,-287.7728917720523,-26.635517624514392
356.55,-324.9759037766827,-287.25538077299655,-26.669163450341415
356.595,-325.2470249015938,-286.8168105172497,-26.702086664498495
356.695,-325.4971966535446,-286.4095679696987,-26.734430021848127
356.846,-325.75377516785034,-285.98348599808907,-26.769179493893958
356.889,-325.91890217112416,-285.7060361362542,-26.79269503830247
357.095,-326.2948165464774,-285.0706423516009,-26.84995119001202
357.244,-326.5360493446826,-284.6656256681509,-26.887934852738184
357.286,-326.7012977323718,-284.39061841848934,-26.91376740951584
357.328,-327.06178440709215,-283.7914426527261,-26.967647599693663
357.37,-327.30602333681173,-283.3886988113652,-27.001054797519856
357.414,-327.475560472213,-283.1117896550386,-27.02246870936274
357.512,-327.8536070249236,-282.4995378392219,-27.065262696451725
357.559,-328.1712355279873,-281.99185130775675,-27.0971073494825
357.603,-328.42302566947654,-281.5906261635414,-27.119748848589126
357.646,-328.6302897892032,-281.2592373857634,-27.13999376614059
357.688,-328.83791305403645,-280.9253487967753,-27.1629559912014
357.84,-329.06380366564247,-280.56010459533223,-27.192471266047022
357.886,-329.3132919243659,-280.1587900679275,-27.232379328597858
357.932,-329.5277150850491,-279.8184104770457,-27.277539871268104
357.978,-329.73441062650886,-279.49265118646457,-27.32781432649287
358.027,-330.0450518156166,-278.99801201427283,-27.41477091219153
358.073,-330.3291492533025,-278.5414932466891,-27.512554852461335
358.123,-330.5598547915383,-278.1659156697504,-27.60572621522128
358.171,-330.78427336858624,-277.7937046505581,-27.703755968976182
358.221,-331.07517222905244,-277.2961807876079,-27.843591549326547
358.268,-331.1985885367283,-277.0807963581542,-27.905799621529383
358.316,-331.4404254956942,-276.65820691926484,-28.02744664147569
358.362,-331.6114456058825,-276.3577322715097,-28.111621702600658
358.409,-331.7824699667781,-276.0570742134522,-28.19382992394948
358.464,-331.9885708643792,-275.6962461686496,-28.286663894165812
358.622,-332.15018560557576,-275.4141020948906,-28.351221676583123
358.668,-332.3423484300491,-275.07985784970657,-28.416832691448477
358.712,-332.52519793132205,-274.7604748093007,-28.463774414426723
358.758,-332.68465953061803,-274.4809219157091,-28.490994828596513
358.858,-332.87897356847236,-274.1408115998456,-28.507442585936587
358.901,-333.09495438216527,-273.7622532482135,-28.50417729984602
358.946,-333.215255383515,-273.55114616053265,-28.49196813203571
359.042,-333.42067739337017,-273.1902345249237,-28.454749699739878
359.085,-333.5671346036038,-272.93150108674126,-28.415703351377502
359.183,-333.7694645888713,-272.57540310148926,-28.35403913999542
359.229,-333.8766899859445,-272.3790805878904,-28.31725252884806
359.278,-334.1294992532896,-271.9155196209462,-28.23228659628181
359.431,-334.3632217439024,-271.49393182113903,-28.159587400136246
359.48,-334.5652279052622,-271.1344349159782,-28.097967340803635
359.527,-334.81785772061517,-270.7275092057907,-28.034491646657685
359.63,-335.05826416822276,-270.39997917547186,-27.99185845621578
359.677,-335.2204964483331,-270.1820928616358,-27.96702067919381
359.722,-335.575569964353,-269.6986694147138,-27.920884130317972
359.823,-335.8017711259049,-269.3887638681,-27.89557366149566
359.919,-336.1250829893788,-268.9392291919057,-27.85894423698211
360.021,-336.2786059179612,-268.7230225813748,-27.838853327306055
360.173,-336.484166807743,-268.43275633857445,-27.806601172991336
360.219,-336.8000533492633,-267.9889802534972,-27.734949078028933
360.264,-336.95733185848246,-267.7765127934436,-27.691951267895902
360.312,-337.23598786034484,-267.4194527736453,-27.610652348935872
360.36,-337.34242003059546,-267.28790335827756,-27.578351232912325
360.407,-337.6752351534841,-266.88820082471176,-27.471996675419476
360.456,-338.0767325164582,-266.4073220218705,-27.33587688449765
360.503,-338.4178764773779,-265.99353145030256,-27.212645401356156
360.551,-338.61811469628026,-265.74367655687735,-27.13781103311689
360.594,-338.9634557431567,-265.28630086112867,-27.004437154101012
360.691,-339.29609249994985,-264.8043195210793,-26.872690456463076
360.735,-339.48896456578507,-264.51466072421545,-26.798229731306932
360.78,-339.8199321976773,-264.011122277871,-26.677716364705347
360.883,-340.15397936752714,-263.49786451282876,-26.57447981504184
360.931,-340.3453562994233,-263.19610761578014,-26.527651915132253
361.033,-340.66948573616764,-262.6686968395391,-26.472756282028286
361.082,-340.92643387174087,-262.2359755303898,-26.448646741650435
361.13,-341.2012833583885,-261.7684874803313,-26.44272608671656
361.235,-341.4894752611867,-261.25305719706176,-26.452409544837806
361.283,-341.77695916006843,-260.7127511256294,-26.476646190792408
361.338,-341.9437358153615,-260.39561491522505,-26.50155384817701
361.387,-342.2184589279833,-259.86759232449185,-26.559768154119638
361.497,-342.4970643081009,-259.32952543778936,-26.635232272583735
361.544,-342.70351039064326,-258.91482154808483,-26.696470758835474
361.651,-342.90655614608295,-258.4900047099952,-26.760500064745187
361.7,-343.1551595858773,-257.9669502724124,-26.839277931998012
361.75,-343.34944957010634,-257.56443532316035,-26.906530749243885
361.8,-343.5473852265172,-257.1493591717009,-26.986580090649383
361.913,-343.7932102269457,-256.65084708529366,-27.093427101911644
362.013,-343.9817372259498,-256.2643034320611,-27.17525293236315
362.117,-344.17212471865525,-255.85873694726942,-27.259536763137604
362.165,-344.4113776958169,-255.34098520262688,-27.36525334375476
362.209,-344.6001567223411,-254.948845153602,-27.45043213111812
362.252,-344.79070324978176,-254.55056808877237,-27.547779811413307
362.403,-345.0181756410401,-254.07101904324585,-27.67013471334097
362.446,-345.2014309934898,-253.7028682078244,-27.760488644973975
362.49,-345.38793247633134,-253.32837539720063,-27.849671820066177
362.535,-345.61209091258263,-252.86830844131478,-27.95482454138366
362.581,-345.7848166439369,-252.51725663534205,-28.029653074680226
362.955,-346.0094437561811,-252.07654728721616,-28.12181292655208
363.332,-346.1941451626486,-251.70803036001809,-28.193142545885564
363.71,-347.3575141969495,-249.42955825394625,-28.353014242564797
364.086,-348.42071403704017,-247.52328182268965,-28.208531787564326
364.464,-349.8412024393847,-245.07627936217386,-28.018485573823057
364.84,-351.1343217188938,-242.83230895713316,-27.63361696234736
365.218,-352.476768705992,-240.55000547046635,-26.97528130289959
365.597,-354.1366666928948,-237.8755273283994,-26.07405639138007
365.974,-355.84838225351075,-235.37957986162414,-25.67855887879233
366.352,-357.21488985426333,-233.25857121700514,-25.739659469483527
366.729,-358.53831150673153,-230.96648877752125,-26.00670325778316
367.107,-359.430269254915,-229.10418582555124,-26.05578820458615
367.484,-360.2671636201792,-227.30612056382478,-25.693345738718662
367.858,-361.21093511813046,-225.28862523198245,-24.812431646587058
368.235,-362.6212498630847,-222.58992988440684,-23.941093047527545
368.613,-363.8884208427803,-220.39339013802052,-23.68676637207271
368.989,-365.24939765631746,-218.1388464053497,-23.86503537634222
369.364,-366.5020902069655,-216.13759082216737,-23.97595363647561
369.746,-368.0854642190118,-213.6289599879518,-24.16682233285833
370.127,-369.52738017929187,-211.32209191785046,-24.309514277957177
370.507,-370.74391680020744,-209.4829229223798,-24.289327011192526
370.891,-372.38380953185225,-207.11544696997296,-24.04284687756497
371.269,-373.8096323057284,-205.09162915815804,-23.64114614509431
371.648,-375.8620439981315,-202.2697146359504,-23.499050014843007
372.026,-377.2931457687605,-200.1747762967747,-23.861009046825245
372.419,-378.9404338965694,-197.67721611978482,-24.227005326175288
372.798,-380.4936780798922,-195.5002004750736,-24.43407279638977
372.998,-381.4035212021279,-194.31864730176503,-24.575448339412162
373.04,-381.65306823720937,-193.98679899866076,-24.616400097152223
373.084,-381.8939766567379,-193.6631353772979,-24.65044357325243
373.126,-382.22293997878626,-193.21755961002054,-24.683143832699074
373.169,-382.45606743850385,-192.90012361431178,-24.694408179351242
373.213,-382.80624793242134,-192.42202251874707,-24.690387799530725
373.257,-383.028852860445,-192.11841356769304,-24.67417136435307
373.303,-383.31266348482893,-191.73260963125114,-24.637942353433743
373.347,-383.6159295805928,-191.320618786852,-24.58005204057079
373.391,-383.79142238959525,-191.08473374985218,-24.540265186502367
373.435,-384.11260441165916,-190.6856356937613,-24.47143623333018
373.478,-384.52558298553527,-190.16040967768998,-24.38678073240726
373.522,-384.727684100835,-189.9026323067664,-24.3471869892104
373.565,-385.0927209669792,-189.4418097378134,-24.279156313242837
373.607,-385.45523930038723,-188.97917728813349,-24.21612241992534
373.649,-385.7004882021175,-188.660158910953,-24.181807464160357
373.691,-386.0684501421184,-188.18522498401663,-24.150783893991715
373.736,-386.3974385630577,-187.76406519351949,-24.143342537482383
373.78,-386.63738538161465,-187.45496961981993,-24.14499539542237
373.825,-386.88065366844,-187.13808752262796,-24.149366715225554
373.868,-387.21505791471475,-186.69558892428608,-24.155924366421942
373.912,-387.4293715406093,-186.40947035299314,-24.15793156974324
373.956,-387.69800270035546,-186.05066941768132,-24.155073216191496
374.001,-387.9857509127577,-185.67006420975102,-24.144119398349062
374.045,-388.14603965044967,-185.45976805033018,-24.134656038409915
374.089,-388.4919612517997,-185.0072464273983,-24.108007016079142
374.131,-388.8055538537987,-184.59413647553876,-24.077171317681405
374.173,-389.05078035930046,-184.2692708095972,-24.050063802144138
374.215,-389.36775054797755,-183.84831886722992,-24.01402627388849
374.309,-389.70076601934403,-183.4037178894981,-23.981609079580608
374.362,-389.87909141241767,-183.095916052898,-24.032962378925234
374.41,-390.1791844282949,-182.71555862047703,-24.081297244253236
374.452,-390.52158226697054,-182.2931531694597,-24.133480865316415
374.599,-390.8251297685691,-181.91774547790143,-24.175531792387133
374.644,-391.0978805228263,-181.57308703127794,-24.20870065547446
374.689,-391.48225339674366,-181.06317843158914,-24.2481587765389
374.734,-391.71085272205175,-180.72024239795763,-24.26887641804717
374.881,-391.97987273761015,-180.25431317446274,-24.292028558364677
374.978,-392.19911815359796,-179.7811311526742,-24.31374880549285
375.02,-392.3546359357082,-179.4224707109919,-24.33380682982161
375.064,-392.54594958677137,-178.9825232849713,-24.365203277996102
375.107,-392.7563016621144,-178.52448856009082,-24.408070905040432
375.203,-392.9090884259955,-178.20023766346833,-24.444412238608408
375.245,-393.10657179389443,-177.78737787328203,-24.497894479903266
375.288,-393.3144193649771,-177.36154136710746,-24.564079718282926
375.384,-393.47248183596173,-177.03651496006657,-24.621919536987264
375.429,-393.7094823182416,-176.52623631801444,-24.7198435755802
375.526,-393.880571296425,-176.13727357195123,-24.79799871030704
375.571,-394.09316807436505,-175.68106509528877,-24.90827302587789
375.616,-394.27551859347,-175.31177952440294,-25.02051830506221
375.67,-394.578394013079,-174.7048524374976,-25.240758818732814
375.771,-394.7733900786179,-174.32828943633476,-25.40807449671928
375.878,-394.9123434383034,-174.04917564201114,-25.54793565415386
375.92,-395.1102437564665,-173.63840261266438,-25.776372757782042
375.961,-395.2618620255364,-173.30281126507984,-25.98853540590116
376.057,-395.4014151740241,-172.9676853785451,-26.224948229760884
376.103,-395.5272770325572,-172.65515646966747,-26.463239571451027
376.202,-395.6156202225518,-172.43329788890355,-26.639963880397403
376.247,-395.720176822864,-172.1600370431601,-26.861556727779856
376.348,-395.7921410212749,-171.95951776522736,-27.026770514028016
376.398,-395.8816056338283,-171.7021842585392,-27.23705944801665
376.439,-395.96236768164334,-171.46302156016674,-27.425851464619768
376.536,-396.0279507609245,-171.26488752308825,-27.574191904705117
376.581,-396.11378771343686,-171.0035647656041,-27.754788133908107
376.677,-396.1618242306864,-170.8542487682709,-27.84817728106657
376.721,-396.24676144612476,-170.5847956779327,-27.998227139288076
376.819,-396.31773547855767,-170.3598379854075,-28.10441735986842
376.867,-396.3778125517589,-170.17029556718103,-28.18001808412319
376.91,-396.41664977326525,-170.04787126277947,-28.222012738918636
377.06,-396.5219363259203,-169.72379501888844,-28.31125572929986
377.103,-396.5712867907697,-169.57924554092241,-28.34116430964471
377.146,-396.66001795258444,-169.3337627852302,-28.383977651661922
377.242,-396.73260159884666,-169.1228773988472,-28.410551159188316
377.34,-396.77711176237074,-168.98625296298576,-28.422727760543353
377.383,-396.864048489795,-168.71156703848567,-28.437067697377984
377.48,-396.91316597489975,-168.56430221076982,-28.438204470752538
377.523,-397.0114271128198,-168.31633226331923,-28.440560678279894
377.62,-397.0926331261646,-168.13012548746414,-28.446248530450333
377.662,-397.17547286182173,-167.95230147409194,-28.45937731268694
377.759,-397.2916685735968,-167.70272951695395,-28.486929656282626
377.804,-397.4091606353695,-167.43277913724742,-28.51643122701688
377.848,-397.52277078033956,-167.16546533214978,-28.53979606985513
377.891,-397.6223252783051,-166.93624629214995,-28.550876426258583
377.935,-397.7316151443268,-166.69784275232286,-28.55417452641052
378.087,-397.88574714781276,-166.3899261053135,-28.547279366323522
378.131,-397.98092660232174,-166.21368362318364,-28.538428786118175
378.173,-398.15091905085967,-165.8997784050651,-28.513325064647404
378.217,-398.3080069227856,-165.62220495507052,-28.47934821271636
378.315,-398.4461173880327,-165.38639241572446,-28.44219665171491
378.359,-398.60807641081544,-165.11455620615737,-28.392582003804307
378.404,-398.7830080167223,-164.82422491977766,-28.33536851837772
378.502,-398.9666221013168,-164.513949234223,-28.267486340608826
378.556,-399.1154865000537,-164.26628784464603,-28.20522887901174
378.655,-399.3091352316716,-163.9551482563434,-28.117557608907163
378.75,-399.51946685870564,-163.62520867248048,-28.01555202434767
378.793,-399.7207775066162,-163.3069351943788,-27.90982105859476
378.837,-399.92871710352506,-162.97960479398728,-27.790653078357906
378.932,-400.123905764263,-162.68682574792345,-27.676963713080795
378.978,-400.34879278104785,-162.35611520718888,-27.544285840257345
379.073,-400.5956082569645,-161.99652503680625,-27.397676191894845
379.17,-400.81433837054396,-161.6793440483779,-27.26527157000615
379.215,-401.1212871018705,-161.23482105635946,-27.076356476887412
379.441,-401.40288578202376,-160.8291279341219,-26.901883340809093
379.818,-401.64863446476204,-160.47958643214236,-26.75137560449221
380.196,-403.0355064509316,-158.4852298226463,-26.005842173539605
380.576,-404.43232418588155,-156.37067312932666,-25.61583301878241
380.954,-406.09050528736793,-153.8053214135918,-25.732625087084045
381.333,-407.51301166128803,-151.62717077516103,-26.07819763813137
381.713,-409.09256580109377,-149.13749520664322,-27.06036609571359
382.092,-410.1341355326118,-147.47004179234142,-27.960771477718396
382.469,-411.09896554503325,-145.87414705453494,-28.504861222724315
382.844,-411.9935056287578,-144.3843169450156,-28.60971343763552
382.91,-412.4888755190022,-143.55409330419573,-28.498838818515736
382.957,-412.5954553562807,-143.37502122198313,-28.459438456836295
383.003,-412.8302808633159,-142.97994676181676,-28.351914880761086
383.049,-413.0227650369486,-142.65558913577854,-28.243662575918876
383.094,-413.1311978798111,-142.47284169779255,-28.17520032939231
383.14,-413.30346438452676,-142.1975429241591,-28.062651037282762
383.186,-413.6089021892272,-141.7191661432656,-27.85143635070071
383.23,-413.691351347009,-141.59007544573004,-27.791449557547764
383.278,-414.01231302674466,-141.0905052421419,-27.54501025425543
383.321,-414.2537879311665,-140.73881779063055,-27.35408927811764
383.365,-414.3925820211039,-140.54335533368769,-27.24208398176515
383.41,-414.6813934427563,-140.16035438410475,-27.00964177474839
383.453,-414.89840727257973,-139.91570990513475,-26.852821721768834
383.499,-415.37461351379625,-139.44796721397762,-26.545739569385432
383.543,-415.5848574875446,-139.25947952093014,-26.420555436071652
383.587,-416.03035105386516,-138.88300575072114,-26.16762018987734
383.631,-416.3016427773116,-138.6618441196713,-26.02386262851533
383.673,-416.69076980938416,-138.34142969080193,-25.82816799183456
383.717,-417.0408859083959,-138.05286261271385,-25.66679953972846
383.761,-417.3298770601298,-137.81221823597886,-25.546013147430358
383.805,-417.6342336904329,-137.55246563932477,-25.43002610085813
383.849,-417.910612326143,-137.31582036273065,-25.337123075643632
383.895,-418.30572721217766,-136.97200088718915,-25.22289302434652
383.94,-418.7399256399034,-136.57118213170142,-25.133676063893716
383.987,-419.1941286750301,-136.1571469202244,-25.07420799065764
384.034,-419.6907766011632,-135.70193715629787,-25.045309744955887
384.082,-419.9484676591653,-135.46297487734282,-25.044221626614615
384.184,-420.376950918523,-135.07246043386976,-25.065623697203364
384.227,-420.8250002963173,-134.66825373401036,-25.119982503866936
384.278,-421.0987951390937,-134.39740312954902,-25.176040539127683
384.655,-421.45699975865404,-134.04753842153667,-25.261524661184836
385.033,-421.5855893489717,-133.92188804463711,-25.293665444744306
385.411,-423.18247585623556,-132.44120348384564,-25.60866376074165
385.788,-425.0170482168717,-130.8249974451895,-25.609423588388523
386.165,-426.7503457137431,-129.01481011309068,-25.769624522810574
386.541,-428.53519196661614,-126.83643767430453,-26.569567092356266
386.92,-429.6845884457348,-125.30356828676504,-27.230703576035836
387.3,-430.9155793020544,-123.54161495522362,-27.619269460246727
387.679,-431.947747536713,-122.19186025080316,-27.56402035886049
388.058,-433.4259539333898,-121.14780612261728,-27.525195343977202
388.439,-435.90481866598486,-119.96859247093026,-27.428666672562883
388.816,-437.7084511346304,-119.11837727807648,-27.110491494692724
389.194,-440.2304049949595,-117.46556891181524,-26.734204578174342
389.572,-442.22331148592843,-115.86022456206193,-26.78240444761275
389.948,-444.406564082508,-113.92808470913218,-26.844596556372238
390.325,-446.30868956766255,-112.17867738086467,-26.80065084067533
390.703,-448.5648328803252,-110.04375556578889,-26.95008809400713
391.079,-450.3372022872328,-108.3495392459958,-26.949888041143367
391.456,-451.90036458352324,-106.78695503033947,-26.678154955658385
391.833,-453.63898991412344,-105.06680059498548,-26.44462853507312
392.216,-455.99594062083395,-102.67038332184094,-26.651962445149138
392.598,-457.9717370068573,-100.65292532936046,-26.874485001122054
392.977,-459.72267331004525,-98.77901633011012,-27.13101220930386
393.353,-461.26339771773985,-97.01972491631656,-27.559787400016745
393.73,-462.9601657867868,-95.0789707870415,-27.931431550718543
394.107,-464.8578327687842,-92.98985388729545,-28.109090785376964
394.263,-465.47045088569587,-92.31193313296494,-28.162734149782608
394.305,-465.80654193861255,-91.93438133147941,-28.194510083352668
394.346,-466.01867493207584,-91.68980532111999,-28.214587679307783
394.387,-466.2799506016786,-91.38530310532896,-28.242966624618703
394.428,-466.5153695581365,-91.10815088138317,-28.271706056382556
394.469,-466.7752199386284,-90.798191869934,-28.30686410622735
394.512,-467.02802007896463,-90.49580865403824,-28.345969552143174
394.554,-467.2936385665882,-90.17803009739012,-28.392195891514888
394.597,-467.44840709745733,-89.9925343427136,-28.420603856950635
394.639,-467.8170685628717,-89.54865883323058,-28.488123743343806
394.682,-468.0479663727209,-89.27008859828602,-28.530932578446738
394.726,-468.341252587913,-88.9192901562074,-28.58549152067326
394.768,-468.64054796460607,-88.56322011534489,-28.64012406930661
394.81,-468.92821652691623,-88.2244813781252,-28.69107725014794
394.852,-469.22487033307755,-87.87949864214643,-28.741879312539368
394.894,-469.5306487572542,-87.52334034518874,-28.791272538211672
394.936,-469.7451450657187,-87.27144323539275,-28.823479778280557
394.98,-470.0216851460238,-86.94543311582984,-28.86190079196868
395.022,-470.31053864713266,-86.60839219585853,-28.898108581284703
395.064,-470.56993160106333,-86.30908525424172,-28.92325352428159
395.106,-470.7935840975116,-86.05429232232859,-28.93652180870191
395.147,-471.0740735341252,-85.73779455852379,-28.94018099578551
395.189,-471.2846134612204,-85.50129146491629,-28.932369118472508
395.232,-471.56046681236967,-85.19197436079449,-28.907738423692393
395.273,-471.8230230521349,-84.89792481281533,-28.86956101077078
395.315,-472.1078121190491,-84.57885050411032,-28.81224188682168
395.358,-472.33209588835416,-84.32695820152355,-28.754026920265545
395.409,-472.6455546125069,-83.97482911759569,-28.65455351561971
395.504,-472.89469466613207,-83.69487071085717,-28.560228310784083
395.6,-473.12678465602573,-83.43399621241522,-28.459755405786694
395.642,-473.439003901172,-83.08975502108711,-28.312287936296542
395.738,-473.711015898745,-82.80508666241276,-28.18188446729684
395.782,-474.0278873849193,-82.4870119762791,-28.027369919053456
395.828,-474.36044838078215,-82.14555424980469,-27.866022145215453
395.874,-474.63926324866463,-81.85156433173684,-27.74806516087719
395.969,-474.9303227378777,-81.51906168474414,-27.65363534329552
396.065,-475.30293384328684,-81.06470350792333,-27.553281732746797
396.108,-475.63892351757687,-80.63439369702976,-27.462612287602326
396.202,-475.9920029018733,-80.14958655794517,-27.362439595556594
396.244,-476.2698621225983,-79.73500569336387,-27.279755503254847
396.449,-476.55715974984764,-79.24085776535993,-27.20772664981598
396.491,-476.7312846626671,-78.93121341282247,-27.17793364199875
396.533,-476.9975505864936,-78.50537946862923,-27.191848063651236
396.575,-477.2319671686471,-78.08748763997274,-27.219484778716264
396.617,-477.41665490658085,-77.74557770926062,-27.24999794507451
396.711,-477.63986898797634,-77.32822836532011,-27.29308245594291
396.753,-477.85553438568365,-76.92761782132449,-27.334661244093496
396.797,-478.03942172557504,-76.58892721285854,-27.367065452998872
396.842,-478.27447240486174,-76.17016569386392,-27.406991930823807
396.936,-478.5004837126152,-75.77480752300661,-27.441561080004305
397.028,-478.6570097552128,-75.50713251688225,-27.460885674347708
397.07,-478.99362951862156,-74.93549740372119,-27.4912518403666
397.164,-479.13136443488634,-74.70167472922928,-27.498874364475853
397.205,-479.3315146739301,-74.36424800006685,-27.50296125192122
397.254,-479.5967677206232,-73.92151333365415,-27.4967600244309
397.348,-479.82574555949,-73.54149969381439,-27.481095226720896
397.389,-480.0234109507865,-73.21664169226123,-27.458991359399334
397.482,-480.2583021662618,-72.84707778596535,-27.423490770317756
397.525,-480.52312146932553,-72.45514877283273,-27.37756494771
397.618,-480.7621892527709,-72.12976069878943,-27.337244299747965
397.718,-481.1132305997514,-71.6982396535077,-27.28026289457256
397.761,-481.4529527379726,-71.31778604161173,-27.227730513806904
397.809,-481.66930005228494,-71.06558688047878,-27.191492353442158
397.903,-481.9986432282534,-70.63081744511223,-27.12659243497893
397.945,-482.313105456161,-70.190231987229,-27.060476042259722
398.04,-482.59765525567,-69.82719666677387,-27.008751936011805
398.134,-482.9557712855194,-69.41393309044057,-26.95694900725556
398.178,-483.30752488434075,-69.01492016430277,-26.91511245974513
398.229,-483.54265919699094,-68.74935258327851,-26.889957355898616
398.323,-483.9035951535501,-68.34399442311845,-26.853917692558042
398.418,-484.3031305899276,-67.90081814657609,-26.817753348773948
398.46,-484.5312130224339,-67.64748313737503,-26.79734575145818
398.555,-484.8973366658097,-67.24000427865973,-26.763312713795756
398.598,-485.24219279751674,-66.85835620818648,-26.729275339834032
398.64,-485.6164860505834,-66.45087209951056,-26.6912664946814
398.736,-486.0124662002854,-66.02504144339898,-26.64968493373442
398.778,-486.32608852274456,-65.68687610930708,-26.618656063746357
398.82,-486.72626996597785,-65.25167286685503,-26.585503154372816
398.92,-487.15702909518086,-64.77965595716012,-26.560809235319
398.962,-487.48536626227315,-64.42382207390921,-26.55369505599637
399.114,-487.9242569628967,-63.946582615848214,-26.56193844926659
399.157,-488.2974935244805,-63.53627424238216,-26.586964160580777
399.2,-488.64866688709,-63.1441009951269,-26.629175881685796
399.241,-489.15967572135577,-62.56234412831424,-26.724858528586367
399.337,-489.5164465984669,-62.15330396150967,-26.817693917276983
399.432,-489.8284726358695,-61.791345702974226,-26.913729233439938
399.474,-490.2151891816767,-61.33167131566198,-27.049447813310138
399.516,-490.5712415483718,-60.90491639043625,-27.187315950370362
399.611,-490.7675160962239,-60.66924162115512,-27.266900149120488
399.865,-491.10289100134156,-60.27105332890657,-27.403416025154712
399.908,-491.43530772355683,-59.87670420454056,-27.535594193533427
399.952,-491.7264678776453,-59.528464015736176,-27.64361763409036
399.994,-491.9807224187193,-59.225517488307695,-27.729178972110873
400.037,-492.25205860175686,-58.906207486322145,-27.809558322103754
400.078,-492.60917184905,-58.490279756008064,-27.897324997363768
400.173,-492.87032541660227,-58.1877003831198,-27.949902832627203
400.217,-493.1956487798108,-57.81753385591075,-28.00284923020135
400.262,-493.51446583479805,-57.457390161547686,-28.04093815915661
400.304,-493.7253732732795,-57.21789402221908,-28.059936989329117
400.347,-494.1322960538824,-56.7506210787772,-28.093437948208248
400.388,-494.3967261368884,-56.443752169239495,-28.114817790610147
400.486,-494.68735289394,-56.10431269851971,-28.139922095119147
400.792,-495.1095303488763,-55.60667144914626,-28.18190103066962
401.169,-495.3958102672654,-55.26676199191778,-28.217652295459516
401.548,-497.1175325911194,-53.186657588220434,-28.629311652525274
401.926,-498.61715498867164,-51.334567516943714,-29.238627141642496
402.306,-500.16037003591515,-49.35287668210818,-29.784300785163282
402.679,-501.43375409498185,-47.692926176563084,-29.86993086485441
403.053,-502.93216411998316,-45.73627557373493,-29.464692856762014
403.43,-504.4054204619551,-43.950652822286955,-28.728300970197864
403.807,-505.8619714336592,-41.88125570157584,-28.619491564539288
404.184,-506.7361664200736,-39.54124356979627,-28.97504199496214
404.562,-507.26965750739527,-37.45006687259377,-29.38376293168642
404.936,-507.68666359899726,-35.83635473141401,-29.263609417013356
405.315,-508.11598703644904,-33.95334204337895,-28.648119806853686
405.693,-508.6196083862808,-32.30731364130804,-28.15134980176512
406.072,-509.81930920006386,-30.670459877464314,-28.490769463059024
406.45,-511.4991213115069,-29.155723242695643,-29.000934035453213
406.828,-512.8058069700244,-28.246439393787778,-29.284642615650654
407.205,-514.7737054582076,-27.13658910799382,-29.247740715147188
407.585,-516.2736623356849,-26.269475759421738,-28.858219589517347
407.961,-518.1082896225513,-25.13883722762676,-28.554412232860784
408.339,-520.0156447245437,-23.433518055057416,-28.628378856847945
408.716,-521.7930091917315,-21.79003517597619,-28.712037202526034
409.098,-523.5438690034362,-20.116041631795635,-28.716675224745643
409.475,-525.3061155156166,-18.38480476142248,-28.828080062928223
409.851,-527.4874155800131,-16.183880912000138,-29.047339385746824
410.229,-529.612196266608,-13.966297926315853,-29.126189954466724
410.609,-531.8671510406161,-11.530266822458415,-29.45678899696975
410.985,-533.3945450194076,-9.769125199756946,-29.966684954587947
411.359,-535.0619810971718,-7.768329726269919,-30.246777928212992
411.738,-536.3559443080626,-6.204725202451962,-30.054091681300832
412.114,-537.938693208236,-3.8668340447811786,-29.50726830150097
412.507,-539.1465134744767,-1.3522195428871102,-29.163454890552742
412.884,-539.9775311864174,0.7931766865975597,-29.125554599174052
413.262,-540.8197308919291,2.958128913070941,-29.079150744583472
413.64,-542.0867849497921,5.777901986972802,-29.008029022526955
414.02,-543.1878348146694,7.917255913837746,-28.900306081422286
414.399,-544.7773438652291,10.57895262105712,-28.696340187804964
414.775,-546.6222627467766,13.507838081005664,-28.779762987071706
415.149,-547.923331927109,15.512731193175249,-29.15607525046923
415.196,-548.1369288500421,15.826438850347998,-29.211204629215842
415.508,-549.182870290653,17.194223316264534,-29.358930642614922
415.55,-549.4616592506766,17.533917037267297,-29.369013824557584
415.592,-549.705256314626,17.82912926704192,-29.369259471206703
415.633,-550.0326654151243,18.218944777780415,-29.358160583873655
415.674,-550.2809320414083,18.509584151962684,-29.344235134520233
415.716,-550.5441546470619,18.813385858881013,-29.326583626026405
415.758,-550.8794095574211,19.19388800688326,-29.301353050512404
415.799,-551.1945172414783,19.546939994806497,-29.275988515871404
415.841,-551.4742961157883,19.85571711748383,-29.252298413077625
415.883,-551.8493921631459,20.263981442259364,-29.221432990519617
415.928,-552.1300398819293,20.569471741564175,-29.200642263949817
415.969,-552.4440547354551,20.909672084775906,-29.181189902736662
416.012,-552.9213223697811,21.426533391513498,-29.15968889591133
416.055,-553.1379609214121,21.661041382491796,-29.152896908941756
416.097,-553.451098358277,22.001903787102307,-29.14512701746409
416.14,-553.9141341239656,22.49582864541386,-29.14235887620373
416.182,-554.1395165082329,22.731476789996115,-29.14587532348392
416.224,-554.5423673407977,23.132469509781433,-29.163812852960575
416.265,-554.9101857961114,23.488616970524966,-29.187800693585245
416.308,-555.2065221899497,23.765001956287634,-29.21239943369733
416.349,-555.5932517216168,24.085525970973887,-29.256920718468876
416.391,-555.9209319957301,24.35886270169255,-29.297765288708177
416.433,-556.27318153454,24.680816581237398,-29.338073607829273
416.474,-556.6489412215888,25.024874205647517,-29.38865606550945
416.515,-557.0278290033831,25.36267938043374,-29.445020266492037
416.557,-557.2574355691911,25.566032748215274,-29.479161741588314
416.65,-557.641213993063,25.9034244859414,-29.534562730219704
416.692,-557.7808378306199,26.02392164048105,-29.554608851241
416.838,-558.2924438063985,26.463673292092995,-29.624467929164325
416.88,-558.6467218645639,26.776981032265383,-29.6647895804345
416.922,-558.8835999507328,27.00279356149773,-29.685762058239476
416.964,-558.8507110882147,26.995953857424382,-29.681312559618476
417.006,-558.8174927429995,26.98533581101997,-29.677631231798358
417.101,-558.7778026522375,26.96943593121641,-29.674803477374326
417.3,-558.7558612996986,26.957533424230576,-29.67574957876994
417.342,-558.739710099878,26.947868999097672,-29.677886242974466
417.385,-558.7310139130668,26.94299732603048,-29.679919496862738
417.433,-558.7259135490037,26.941586832279533,-29.682298802304786
417.476,-558.7285074153241,26.944865823843354,-29.683617083190853
417.57,-558.736639839306,26.952001142613014,-29.684520363503054
417.615,-558.7466837959395,26.9598299839387,-29.684793444078252
417.708,-558.756602668346,26.96638926870909,-29.68528487458525
417.749,-558.770754729083,26.972216064695054,-29.68633803709662
417.843,-558.7803159858255,26.973781974493093,-29.687427577788668
417.886,-558.7907115850417,26.97367916237978,-29.688926124081604
418.006,-558.806046531196,26.971196664328893,-29.691590984190185
418.049,-558.8137244885112,26.96898657307624,-29.693414987342976
418.092,-558.819732565964,26.966569887420206,-29.695261031424195
418.136,-558.8216884084042,26.96517975550462,-29.696163055337706
418.179,-558.821336192244,26.964097430153792,-29.696700428544915
418.221,-558.8186866538041,26.963467558131317,-29.696783858183295
418.264,-558.8144688804716,26.962997162435865,-29.69649949094429
418.36,-558.8108131336548,26.962585176109624,-29.69613166324598
418.41,-558.8059857607564,26.96191877936985,-29.69563320655476
418.504,-558.8017352027241,26.961316763225057,-29.695152858284303
418.597,-558.7984130075438,26.96108859534907,-29.694787363167194
418.639,-558.7936792255266,26.961445371387054,-29.694233443182867
418.741,-558.7906853270724,26.962032084332094,-29.693823510685462
418.893,-558.786934440941,26.96300678110097,-29.693332561429884
418.936,-558.7849845974914,26.963623285197485,-29.69309517545352
418.981,-558.78196413754,26.964623489794207,-29.69273535563039
419.031,-558.7799881385274,26.96525440532525,-29.692529425235136
419.086,-558.7784456968297,26.96573743558434,-29.69242599931991
419.129,-558.7774815194769,26.966046866764344,-29.692378692531435
419.177,-558.776693530518,26.96629872504046,-29.69237995261028
419.277,-558.7762545408976,26.966471095128565,-29.692414015727394
419.321,-558.7759127170013,26.966660419221274,-29.692476312397076
419.365,-558.7757682337335,26.966820943289747,-29.692551159774325
419.516,-558.7757696782896,26.966968503439766,-29.692657876618284
419.56,-558.7759480041241,26.967119939884448,-29.692804306029785
419.603,-558.7760789039392,26.967156984904722,-29.69288247021808
419.648,-558.7763116908538,26.967203256423748,-29.692995745681856
419.694,-558.7767117635038,26.967234608831884,-29.693157866986724
419.793,-558.7770073321249,26.967233623325434,-29.693263434559498
419.836,-558.7773466472024,26.96721862503218,-29.693390816222205
419.947,-558.7778564786329,26.967177277761007,-29.693569128579497
419.992,-558.7782037469847,26.967137525411456,-29.693682533019768
420.094,-558.7786551678437,26.967078626420463,-29.693838758399465
420.148,-558.7791327202422,26.96700660385947,-29.694005918448426
420.193,-558.7795626122795,26.966934353647503,-29.694132102704486
420.292,-558.7799230655439,26.966873102481365,-29.694251861405803
420.336,-558.7803855390706,26.966790249236457,-29.694397820593025
420.489,-558.7807325801119,26.966721115053367,-29.694490371230728
420.535,-558.7811729827109,26.9666376942865,-29.694627609798943
420.578,-558.7816206440446,26.96656028313368,-29.69476637723062
420.622,-558.7819744646345,26.966488950816846,-29.694866650226004
420.668,-558.7823387758908,26.966420549861798,-29.694971876701572
420.712,-558.7827849664616,26.966340820173496,-29.695103425617134
420.866,-558.7831749464794,26.966268779907434,-29.695199692547448
420.91,-558.7835073997666,26.966210262985843,-29.69528800035198
421.011,-558.7839264058064,26.966137621227766,-29.695406159482303
421.055,-558.784264609476,26.966069576079832,-29.69549194711516
421.111,-558.7846604554384,26.965998293042126,-29.695599856494226
421.157,-558.7849946266592,26.965937380908617,-29.695680255996535
421.314,-558.7853548751011,26.965869373319872,-29.695769324134915
421.36,-558.7856596160922,26.965817290922466,-29.695844991611295
421.405,-558.7860492756267,26.9657400292553,-29.69594570798722
421.452,-558.786397503734,26.965672749895827,-29.696020311183332
421.502,-558.7867499811259,26.96560968084751,-29.696112525736027
421.561,-558.7870476923745,26.96555757307043,-29.696178537504636
421.605,-558.7873944595087,26.965486799771814,-29.69626538560709
421.766,-558.787673457008,26.965435332575545,-29.696326676500917
421.814,-558.7880226903088,26.96537215691518,-29.696409275646374
421.86,-558.78826298228,26.965326003671667,-29.696443220987334
421.911,-558.7885887773324,26.965262781408136,-29.696517882063915
422.033,-558.788914758836,26.965206219744584,-29.69658996878104
422.112,-558.7891623955884,26.96515552555503,-29.696637565927603
422.172,-558.7894107073896,26.96510730093633,-29.696690141202367
422.224,-558.7897260729094,26.965048897613926,-29.696761249297964
422.363,-558.7899636187742,26.96500149141633,-29.696797629613627
422.419,-558.7902574973442,26.96494320552305,-29.696856998538493
422.484,-558.7904966434305,26.96490139725481,-29.696898421693646
422.56,-558.7907762244768,26.96484668712548,-29.696948572811834
422.641,-558.7910522837344,26.964798145177298,-29.697005620675185
422.719,-558.7912867768971,26.964755061081455,-29.697043857963223
422.771,-558.7915439794656,26.96470422756777,-29.697078622519285
422.817,-558.7917506587477,26.96466992405297,-29.697108109220693
422.879,-558.7920762473725,26.964609464942793,-29.697176715953134
422.929,-558.7922350340109,26.964573778931527,-29.697189925876188
422.978,-558.7925002669074,26.964519772447144,-29.697237740454057
423.028,-558.7927652907417,26.96447180902074,-29.69728377811839
423.077,-558.7929186529883,26.96444133735578,-29.69728770910163
423.129,-558.7931638904253,26.964395367608343,-29.697328419498035
423.192,-558.7934162082947,26.964350550398322,-29.697369614997456
423.343,-558.7935745223099,26.96431628741319,-29.697377204420917
423.405,-558.7937689091345,26.964280797555276,-29.697398530348266
423.459,-558.7940376835452,26.964230951108213,-29.6974922862251
423.508,-558.7942825794502,26.96418365305801,-29.69747153168072
423.553,-558.7944689769909,26.96415243865248,-29.69749413127238
423.596,-558.7945128356807,26.964142795779466,-29.69750725776089
423.694,-558.7948863695041,26.96406542132758,-29.697538305404123
423.74,-558.7951186480383,26.964021364491984,-29.697566866190442
423.837,-558.7953492427516,26.963982553540017,-29.697593099443367
423.881,-558.7955205802738,26.96394934326589,-29.697599400303176
423.93,-558.7957009763894,26.963916511816066,-29.697613774703342
424.027,-558.7957828044873,26.963901230473237,-29.697637836485654
424.069,-558.7960853533132,26.963846255841997,-29.69764297551359
424.114,-558.7963049952568,26.96380129394531,-29.697668132135163
424.262,-558.7965191779824,26.963766233831326,-29.69768964994728
424.304,-558.7966913592618,26.963729195803957,-29.69769928629762
424.346,-558.7968592170275,26.96370033455268,-29.6977085471772
424.389,-558.7970809038279,26.963655385917114,-29.6977316535735
424.486,-558.7972465522771,26.96362048590287,-29.697736726119246
424.53,-558.7974094336457,26.963593941317754,-29.697746448272397
424.578,-558.797558831061,26.96356613966519,-29.69779781445041
424.726,-558.7978070331145,26.963520542085472,-29.697770257149443
424.769,-558.7980012903579,26.963487726600025,-29.697787671952312
424.816,-558.7981988701699,26.96345455294666,-29.697801272063145
424.968,-558.7983174354174,26.963428723342396,-29.697790688424334
425.011,-558.7985131011362,26.96338885832046,-29.69780938194799
425.053,-558.798707220917,26.96335387473311,-29.69782227370817
425.095,-558.7988132677174,26.963333249353315,-29.69780747384536
425.244,-558.7990056259887,26.9632930351967,-29.697819251581677
425.288,-558.7991933437979,26.96326037821418,-29.697829102184073
425.331,-558.799359437694,26.96322882681336,-29.69783240728944
425.374,-558.7995346037286,26.96319934712728,-29.697842046016405
425.417,-558.7996836135788,26.96317017678715,-29.69784163985716
425.513,-558.7998272846781,26.96313986363706,-29.697838413757808
425.554,-558.7999697940091,26.963116165778512,-29.697837614203024
425.605,-558.8001616302258,26.963077793148013,-29.69784860607433
425.701,-558.8003278508692,26.963027826739598,-29.697854243376497
425.743,-558.8004172116398,26.96301100279756,-29.697850499179168
425.837,-558.8004787706786,26.963000502534673,-29.697845027655262
425.881,-558.8004998134124,26.96298992743588,-29.697830433613916
425.974,-558.800493278841,26.962989194587404,-29.69780786906287
426.067,-558.8004569183577,26.96298351303755,-29.6977909421488
426.11,-558.8004221554436,26.96298540011642,-29.697767208745205
426.207,-558.8003806768461,26.96299110195683,-29.697745205092986
426.249,-558.800325388083,26.96300241735392,-29.69772474621618
426.291,-558.8002900743334,26.96300420509877,-29.697698144595137
426.383,-558.8002564157623,26.963010411105707,-29.697677940509067
426.428,-558.8002214903504,26.96302064442466,-29.69766081965284
426.522,-558.8002038812322,26.96302268279134,-29.697633888883786
426.615,-558.8001876917585,26.96302537353881,-29.6976196766434
426.659,-558.8001739181659,26.963037559153122,-29.697605381978008
426.754,-558.8001704601083,26.9630394740971,-29.69759038178492
426.795,-558.8001662961859,26.96304728362867,-29.69757563699386
426.838,-558.8001654254049,26.963052112629747,-29.6975695607091
426.936,-558.8001657494731,26.963053304709653,-29.69755310337314
427.097,-558.8001621409176,26.963061687574847,-29.697541830379123
427.145,-558.8001563419723,26.963073854183662,-29.697527202347345
427.188,-558.8001540997307,26.963075912379185,-29.697514220442685
427.232,-558.8001467662651,26.963086496177006,-29.697507948450692
427.276,-558.8001408694627,26.963092177982826,-29.697501875610442
427.318,-558.8001368400844,26.96309274697702,-29.69747884629217
427.365,-558.8001261310123,26.96310358626125,-29.697472255079873
427.463,-558.8001177413191,26.963110781977885,-29.697458652033475
427.56,-558.8001117022386,26.96311296942674,-29.697442628613118
427.605,-558.8000999221898,26.96312423996777,-29.69743206267802
427.702,-558.8000887616595,26.963133537094546,-29.69742511179473
427.748,-558.800083325006,26.963136326165987,-29.697402496202585
427.795,-558.8000732432611,26.9631442274808,-29.697396099534245
427.947,-558.8000646759556,26.963148685108127,-29.697388120077136
427.987,-558.8000583711087,26.96314936531566,-29.69737607189427
428.03,-558.8000475796625,26.963159516001916,-29.697371054971768
428.073,-558.8000453927502,26.96316128135215,-29.69738299036601
428.168,-558.800032958138,26.963174079720122,-29.6973402779266
428.213,-558.8000256137339,26.963180856816898,-29.697327184566603
428.258,-558.8000164174218,26.963189967206695,-29.697326823170215
428.409,-558.8000120291771,26.963191797537775,-29.69731166683738
428.451,-558.8000055239286,26.96319684604236,-29.697301808880525
428.548,-558.7999981464338,26.9632039358679,-29.69735081524439
428.589,-558.7999914960571,26.963208573212285,-29.697286350947167
428.785,-558.7999848027916,26.963214711266872,-29.697273164552826
428.828,-558.799977007953,26.96322290074819,-29.697320983277308
428.871,-558.7999701107473,26.963228301770048,-29.6972568259514
428.914,-558.7999628611499,26.963234967244958,-29.69724596090802
428.956,-558.7999552583541,26.963242740630328,-29.69729380755632
429.052,-558.7999479828278,26.963248023671753,-29.69722393614319
429.094,-558.7999399263035,26.963254536548202,-29.697220987298266
429.19,-558.7999322398721,26.96326303920539,-29.697263188354697
429.232,-558.799924850066,26.963268164682635,-29.69719490122739
429.276,-558.7999157077938,26.963276947514988,-29.697188459843176
429.318,-558.7999088895208,26.963283952395077,-29.697232632041334
429.418,-558.7999021525018,26.963287623870773,-29.697165572867334
429.461,-558.7998932971113,26.963295933181772,-29.69715915760503
429.509,-558.7998842968013,26.96330390289028,-29.697159576534915
429.605,-558.7998794344508,26.96330562116349,-29.697143991894023
429.648,-558.7998713968118,26.963313773570917,-29.69713246405331
429.69,-558.7998622618161,26.963321445328145,-29.69709183137789
429.787,-558.7998551827266,26.96332428124201,-29.697082926187335
429.829,-558.7998471918588,26.963329159299246,-29.69707869038632
429.923,-558.7998381040925,26.96333711889732,-29.69712054608621
429.966,-558.7998261476307,26.96334859869919,-29.697060484937992
430.064,-558.7998223614007,26.963351457307365,-29.697080593623383
430.162,-558.799807582886,26.963367080426092,-29.69704781930821
430.205,-558.7998020923869,26.963368547325842,-29.69703933131609
430.35,-558.7997925691806,26.963379067392715,-29.697040626913036
430.393,-558.7997862343217,26.96338554183447,-29.69703187927476
430.439,-558.7997822377531,26.963385969681827,-29.697020774293946
430.484,-558.7997732825571,26.963396852525147,-29.697017831519588
430.528,-558.7997667773193,26.96340394586441,-29.69701503104713
430.626,-558.799762685192,26.96340602516442,-29.696997004699995
430.67,-558.7997533887103,26.963417696102592,-29.69699602317982
430.768,-558.7997464848318,26.96342490127684,-29.696994074619028
430.811,-558.7997418655223,26.963427027650503,-29.69698477815473
430.853,-558.7997332976599,26.96343785571948,-29.696978334316867
430.947,-558.7997270359757,26.963445145927498,-29.696971474924453
430.992,-558.7997212541947,26.96345021080822,-29.696973977248717
431.14,-558.7997148267319,26.963457802050065,-29.696970516881663
431.183,-558.7997099496863,26.963461690007673,-29.69695749296966
431.225,-558.799703880692,26.963467103524216,-29.69694269583968
431.268,-558.7996957343266,26.96347506422727,-29.69694143070967
431.417,-558.7996867742086,26.963486221824365,-29.696941996764735
431.463,-558.7996824808978,26.96348911667988,-29.69692846464858
431.508,-558.7996759232392,26.963496039045914,-29.696925732744205
431.603,-558.7996692307719,26.963504888914677,-29.696984810285073
431.646,-558.799663780712,26.96350977873429,-29.696923166629972
431.796,-558.7996569944169,26.963518990081948,-29.696927565215162
431.839,-558.79965230719,26.963524828541058,-29.696920089243292
432.093,-558.7996490243924,26.963525938335934,-29.696922855578038
432.136,-558.7996424864509,26.963534571867633,-29.69691513533857
432.184,-558.7996342068863,26.96354739061945,-29.69691930859048
432.239,-558.7996118410085,26.963553941153386,-29.695600303764678
432.287,-558.7998238675866,26.963219575510482,-29.683731525460217
432.33,-558.8047729908335,26.965190894553167,-29.653239202928944
432.373,-558.8185112864005,26.9724718846081,-29.62751938286567
432.416,-558.8412223331986,26.987077714107503,-29.603330582254188
432.458,-558.862022916489,27.00146444951617,-29.587701446040256
432.503,-558.9143342607508,27.041279166861614,-29.562190330405826
432.548,-558.9676026869737,27.08451518984996,-29.54954101208145
432.589,-559.0437212174877,27.14775650562379,-29.544638265929137
432.63,-559.0867408515998,27.18349959161821,-29.545378667222195
432.679,-559.1680022209148,27.25066736334483,-29.549675056264533
432.783,-559.2595045219898,27.325822811025034,-29.556072959629603
432.866,-559.3187725941293,27.374447533816944,-29.560068455313882
432.908,-559.4265626504628,27.46148827843922,-29.565736174796967
432.949,-559.5203545360272,27.536439886142553,-29.568879461388093
433.399,-559.6378170467465,27.62897055634096,-29.57063691648608
433.442,-559.7697782865012,27.7314753301354,-29.56950837061794
433.482,-559.8509215283036,27.793497654926764,-29.567538317287216
433.524,-560.0508678396343,27.945845274584464,-29.55927849192514
433.565,-560.1889978060773,28.051159510378675,-29.550770168931166
433.607,-560.2892327290338,28.12728267534647,-29.543462682886485
433.648,-560.5197922646735,28.30211721692432,-29.52425684116014
433.69,-560.7660526510163,28.482728992935517,-29.500841952025127
433.733,-560.8490847057944,28.542112577063143,-29.49202154886359
433.774,-561.1509155123889,28.755453353713385,-29.456760623926527
433.817,-561.2965798375908,28.856066106739842,-29.439117430686593
433.859,-561.643226597344,29.095901708996696,-29.394298260359648
433.9,-561.8687362771888,29.25125683458516,-29.362562021580658
433.994,-562.1635695425591,29.453353198257382,-29.31983630014119
434.035,-562.4232633584734,29.62924977169804,-29.28156717797185
434.13,-562.7244734178362,29.829820145669864,-29.23659914922598
434.172,-563.0688860323767,30.056839477023686,-29.185357996275314
434.214,-563.3608098898003,30.247709775326182,-29.142776642615303
434.308,-563.648652587704,30.434623636462792,-29.102375338197675
434.401,-564.0354735600106,30.68262835397739,-29.05113227749473
434.495,-564.4029667889931,30.916389741834234,-29.00513994443415
434.535,-564.7211060295016,31.11755795421796,-28.968169260949935
434.633,-565.1487225387875,31.385489267770218,-28.921954892689286
434.676,-565.598832760982,31.665316737390274,-28.875977883911816
434.72,-566.0227764069421,31.9261322503457,-28.834622269982873
434.866,-566.3994580318863,32.15791084634923,-28.79938947147525
434.911,-566.8795528650467,32.45459076188325,-28.755532703916003
434.954,-567.2398354261682,32.67711032048438,-28.7234468155157
434.999,-567.708421647111,32.966551773374334,-28.68309561610144
435.043,-568.1034429578716,33.210109649821284,-28.650124508980127
435.141,-568.5614352333829,33.491487446330446,-28.612193671148248
435.395,-568.9535901244036,33.73289238295733,-28.57987069159236
435.437,-569.5096302965715,34.07364008320149,-28.53356087486958
435.479,-569.9416695911859,34.3372281390286,-28.49612672874011
435.52,-570.3470153593526,34.584550663432545,-28.459637261711862
435.566,-570.7633525930096,34.83830673529434,-28.420839048092716
435.61,-571.2854348493604,35.15450970958178,-28.369344126987357
435.652,-571.7151585371557,35.41425445761292,-28.324740813448187
435.696,-572.2142882155777,35.71463470861644,-28.270840080864332
435.741,-572.6901706848512,35.99988934602682,-28.21769958684817
435.787,-573.1253280313479,36.26096244944016,-28.16786595145345
435.883,-573.671063068996,36.587590725983645,-28.103753055830452
435.926,-574.070322359663,36.825962925523015,-28.05591378077827
435.968,-574.6130216355077,37.14956410828373,-27.990167065898078
436.013,-575.1199626924281,37.45132549520968,-27.928525716864158
436.111,-575.5510898131035,37.70797739915187,-27.876665102276604
436.154,-576.1017648165422,38.036516019965404,-27.811514953132956
436.252,-576.6225253452144,38.34732570560526,-27.75179126142706
436.295,-577.0183553762727,38.58318865682549,-27.708568470640046
436.394,-577.6845460264892,38.982364901344425,-27.64114110777564
436.49,-578.0934478109747,39.22773258463189,-27.603638901524363
436.534,-578.5597464630409,39.50810653279916,-27.566034104194074
436.631,-579.0841746049798,39.82600835246465,-27.531009345076143
436.672,-579.435853306428,40.04008277063448,-27.512566893847634
436.715,-580.0570979844103,40.41835317461207,-27.494005257225126
436.819,-580.484170921118,40.68041996791351,-27.491708892913607
436.867,-580.584096051072,40.74169589098043,-27.49237213751718
436.974,-581.4778765231993,41.295863339057085,-27.514887746263184
437.024,-581.8982759676329,41.558688114751604,-27.53427782477621
437.073,-582.4517265399112,41.90534005869,-27.5671552660703
437.121,-582.8234438687883,42.13816032801932,-27.593183923323636
437.226,-583.1923829031834,42.373293769420734,-27.620371783010285
437.275,-583.6695989542691,42.6812548139157,-27.65497492982024
437.378,-583.9887191612042,42.88373137098321,-27.676152868835857
437.424,-584.4247132039719,43.15957552025649,-27.70211617035119
437.472,-584.9093365724732,43.46636346747837,-27.727760157192506
437.578,-585.169546381923,43.63096404704744,-27.740247679097934
437.626,-585.6247971546518,43.91870376767551,-27.759709423911545
437.741,-586.1554962786273,44.25118347496518,-27.779998939240727
437.789,-586.4222527634595,44.4167239998125,-27.78986477453833
437.837,-586.9822478624785,44.76576433655338,-27.814045470965254
437.895,-587.4663741873921,45.068448593364735,-27.84017846650903
437.947,-587.8390424471711,45.301852435804804,-27.86399592606267
438.05,-588.3229699072336,45.60490180221752,-27.9019907162845
438.095,-588.8282198453345,45.92174934740111,-27.951355660479578
438.197,-589.1039267444567,46.09500674697696,-27.98220362346501
438.246,-589.5757951520767,46.39434999803577,-28.040602494617474
438.292,-590.0637353579161,46.703424476284205,-28.107220347309976
438.394,-590.4839867536443,46.96960692237479,-28.166931210336145
438.441,-590.8549108593793,47.20476385424479,-28.22131840338119
438.602,-591.387826281327,47.54391238899289,-28.300222555608514
438.649,-591.7389204357582,47.767823537798634,-28.350296008690464
438.694,-592.1017159432558,47.99912431876082,-28.39876263779405
438.743,-592.6413279931074,48.339753720313965,-28.465372130743674
438.788,-593.0047029900705,48.56742263082703,-28.506220461477767
438.889,-593.3713420912561,48.79601023821637,-28.54376204595235
438.936,-593.9224045702005,49.13614892598973,-28.594261746836708
438.981,-594.2922828757161,49.36175179922633,-28.62476569568031
439.082,-594.6891478406262,49.60291872959312,-28.655434461556922
439.131,-595.2303000679219,49.93121693785406,-28.695456776220055
439.233,-595.613559492686,50.16265409352589,-28.723787786961964
439.279,-596.0125339787041,50.403309877485334,-28.753178207682424
439.325,-596.6077511518238,50.761530312211086,-28.798759337117076
439.371,-597.0471782466386,51.02515409124466,-28.835454096731667
439.474,-597.4605988974599,51.276645053427515,-28.87237559133581
439.52,-598.0240269963231,51.618783514336705,-28.925502929456343
439.565,-598.4065807902659,51.8498856701576,-28.96304479357468
439.666,-598.9085994820105,52.1563225037316,-29.014876684204182
439.712,-599.2713587643768,52.379319294212316,-29.053864545897454
439.815,-599.7703052584254,52.68340914965814,-29.108949234992735
439.864,-600.245752157939,52.9766964006353,-29.163171301015325
439.91,-600.6983732424981,53.257914880339,-29.2140766069204
440.015,-601.0756907989398,53.48908069027334,-29.254924537507804
440.061,-601.6441093667509,53.83699269897918,-29.31476587669431
440.109,-602.0403484442934,54.08056708889902,-29.355572307132263
440.212,-602.5012686191867,54.36141612673718,-29.401272185584673
440.259,-602.957498542712,54.63837565739656,-29.445564989194565
440.305,-603.347582709327,54.87630169930112,-29.48260629706516
440.409,-603.6840447517252,55.07944893033154,-29.51327406400418
440.455,-604.1343706152607,55.35025937062104,-29.554080693730725
440.561,-604.6503314548617,55.661705959985596,-29.60202450845634
440.608,-605.015260878162,55.882169462526626,-29.636937738278675
440.655,-605.4069935818757,56.11553337707471,-29.67548499974646
440.812,-605.8226596278229,56.362079914091844,-29.71876661583019
440.859,-606.3388419022012,56.668970005018934,-29.77840373286233
440.905,-606.6506851254037,56.85332713701455,-29.818149771360595
440.95,-607.2130993475382,57.18180257179384,-29.90164943055396
440.995,-607.5702455978503,57.391147977194024,-29.96582579195882
441.104,-608.0740636953344,57.68646322427242,-30.071707318394942
441.207,-608.5901340219303,57.98536011111575,-30.2001593738496
441.252,-608.9732348878274,58.205219653542215,-30.31066532890918
441.298,-609.4693755226449,58.48603946481448,-30.47485571758449
441.344,-609.8892910055537,58.72053403192732,-30.631904164305922
441.468,-610.335064452867,58.9721013291032,-30.815155035312216
441.516,-610.7113081695891,59.183273868333295,-30.977602490976608
441.565,-611.1789319999275,59.43957283139702,-31.18815445384081
441.669,-611.5789512632309,59.656192449189106,-31.374511081251
441.797,-611.911107969745,59.83601721712308,-31.532434862484877
441.86,-612.3031229188512,60.04743189017799,-31.718439322258575
441.906,-612.6672234156848,60.24574889046263,-31.885171627295733
441.951,-612.9670174326961,60.407245158059574,-32.011673189438625
441.996,-613.2828873951817,60.57522211384853,-32.13243848236789
442.041,-613.6353770333723,60.76133403785811,-32.25159922989832
442.144,-614.0030853922067,60.95591305293219,-32.35775093624875
442.191,-614.3214465052448,61.12483743283257,-32.43464557312541
442.237,-614.6821950717383,61.316237218345286,-32.505239288599284
442.336,-614.9793753993711,61.47390415625171,-32.54983205947485
442.382,-615.3339121054348,61.66200254457974,-32.5874643554169
442.426,-615.6780460303794,61.844591558394455,-32.607541121288875
442.528,-615.9721887585139,62.0006707752551,-32.61145450157085
442.573,-616.3321926554158,62.191723499708225,-32.600263733379165
442.625,-616.6796625840166,62.375625046070056,-32.57413481268196
442.744,-616.9797231120389,62.530913849316356,-32.542331240781095
442.803,-617.5326865643902,62.80510688547724,-32.465471255366026
442.86,-617.7503577289485,62.91239032536685,-32.42764233529766
442.962,-618.1589432733874,63.11594084418029,-32.345300267217794
443.01,-618.4644055790809,63.268109181856985,-32.27674623724556
443.07,-618.8538047293316,63.46675491937807,-32.183923889440564
443.174,-619.268994870711,63.6908647459331,-32.07880429684229
443.218,-619.5854612203273,63.86362686544174,-31.992910397255912
443.268,-619.9962123784674,64.08252991781458,-31.87863400784397
443.365,-620.4274781483151,64.31312518355254,-31.753307510658374
443.41,-620.7811991511401,64.50326828959783,-31.64476127190909
443.461,-621.2096335563704,64.73114778598891,-31.50766625077091
443.56,-621.679245065158,64.9878245174709,-31.3586849741954
443.604,-622.0824213552696,65.21464008514762,-31.23384291531761
443.647,-622.5503440842899,65.48404517715386,-31.09450185839745
443.8,-623.0529002902533,65.78151061863251,-30.95323670869476
443.844,-623.5178172892352,66.06452347406002,-30.833330593085634
443.89,-623.9391538124733,66.31946283103069,-30.741874881720435
443.942,-624.4809097326538,66.65682906725918,-30.648465178248898
443.993,-625.068704088617,67.03980224755917,-30.573428809566053
444.089,-625.4704377410563,67.30664799560867,-30.54190851880577
444.185,-625.8970546724333,67.59783076264789,-30.526526080999133
444.228,-626.5719875331718,68.07341622691146,-30.531790933286345
444.271,-626.836019947164,68.26082080244278,-30.542125609903906
444.374,-627.2036558850056,68.5258432008412,-30.562945684338445
444.421,-627.8204785385076,68.9725083446634,-30.60687993303918
444.472,-628.0724073009683,69.15225589732083,-30.628042342654624
444.623,-628.5421918481918,69.48769797516911,-30.66790102864536
444.665,-628.9874128217587,69.80569578627743,-30.702221837961133
444.711,-629.3595834695473,70.06325162092077,-30.730013100204474
