time_sec,x,y,z
0.371,12.286378288820137,-0.6521185959829976,0.04590047725650592
0.534,12.50103889240841,-0.7877991394550672,0.06682562883882515
0.607,12.671163743130627,-0.9067997682732882,0.08479892239388054
0.709,12.79184376521204,-0.9972210950004292,0.0982832563770506
0.778,13.061040850777513,-1.2148211456043172,0.13075779059388282
0.827,13.244434672932567,-1.37740979011733,0.1551326313470227
0.869,13.328273327168016,-1.4560416210158857,0.16693737858419766
0.913,13.60438699277833,-1.727227849083624,0.2085993473113792
0.957,13.797659852405733,-1.9284499551186234,0.24243131812983343
0.999,13.887275636815595,-2.02493948775028,0.2593627932397542
1.041,14.149902753327634,-2.3197057977018245,0.31336114038967633
1.083,14.290499548855495,-2.4855292699717566,0.34467171255448203
1.125,14.670960403753849,-2.932647073995227,0.43258764450758225
1.167,14.78122970295389,-3.0659795154573586,0.4597952909382119
1.21,14.93169331701991,-3.25657016504584,0.49812967389332474
1.253,15.30319649521307,-3.7360454508526733,0.592572582263946
1.296,15.455912498000448,-3.9356750802304106,0.6304573692965842
1.343,15.597142058209464,-4.1262213171937585,0.6650431453923238
1.384,15.808861072460871,-4.421176562660709,0.7154575896694979
1.429,16.09323599315239,-4.827984841286043,0.7795453053889236
1.47,16.19377955098348,-4.972350093773481,0.8010739514018512
1.515,16.480836108443533,-5.386632500098375,0.8596099783870006
1.558,16.73099217727827,-5.747945537819188,0.9082159922196222
1.601,17.016633837359166,-6.170383492453854,0.9633445927504383
1.647,17.12156245677142,-6.328589577804032,0.9841711681930647
1.739,17.46203300879111,-6.852569190828134,1.0536545222991123
1.835,17.556699802996796,-7.001000348914443,1.0730722855965436
1.878,17.77172089058944,-7.341790208954565,1.1169538131226666
1.93,17.991695767048924,-7.695229682261931,1.1609874552850865
2.057,18.231913901138086,-8.084500713241082,1.208295098993899
2.098,18.434719011281473,-8.41615369563941,1.2487893932172565
2.141,18.59049087988783,-8.674350172418698,1.281469014195805
2.239,18.832149979499956,-9.079004065878289,1.3353279947801582
2.282,19.05003781716951,-9.446143060159082,1.3867142184515107
2.335,19.280005995301504,-9.836135097219401,1.4427569181273459
2.376,19.49772094337353,-10.207920584686436,1.493835055834559
2.475,19.734674756349243,-10.613467021690301,1.5457815992625825
2.573,20.092192109384808,-11.226467283504444,1.6174527991870349
2.616,20.243380544428597,-11.487778772495679,1.6450256612040217
2.714,20.4555804876713,-11.855777229134024,1.6800048216717265
2.81,20.773274339866038,-12.409349012046388,1.7249390412309147
2.851,20.894753892684363,-12.62140960480106,1.7391237631711896
2.897,21.115761415335747,-13.007799735662962,1.7577474493716458
2.94,21.373126387780616,-13.456469238779759,1.7694808688798904
3.04,21.511651553281826,-13.698175338381182,1.7726567503926205
3.09,21.687115609935745,-14.006827503004114,1.773684622751297
3.14,21.940523961522878,-14.459625605805797,1.771914343480283
3.23,22.07037561938752,-14.694059861239456,1.7709997581241357
3.271,22.357650916313236,-15.215212366668066,1.7696187673425818
3.365,22.53053765020506,-15.528749248133739,1.7691239465522557
3.405,22.648921085751404,-15.742899730719369,1.7688167529390668
3.547,22.913252737036828,-16.21821230382326,1.768379491650128
3.586,23.065590077859973,-16.49265129629818,1.7690994990805038
3.644,23.17001287946251,-16.683224103322324,1.7708095831284094
3.731,23.433073711861063,-17.168301643869867,1.7792835433384973
3.771,23.59071133493616,-17.459884433640713,1.7867550673063128
3.814,23.795383749616565,-17.839745894946827,1.7983962394833064
3.921,23.97632184879162,-18.17865301274974,1.8116391950076434
3.961,24.068847072162775,-18.352048263144447,1.8196914111690372
4.059,24.358645468823827,-18.881306264959022,1.8491949065384716
4.109,24.56984755982443,-19.24857418930535,1.8731368383905895
4.211,24.757261390385548,-19.562298373411387,1.897050742664069
4.25,25.005795203037362,-19.955758153808787,1.9308557525678918
4.338,25.2533908015968,-20.32475754382518,1.9659795437172676
4.377,25.52362994448518,-20.713642332923634,2.006413727609919
4.511,25.63188416526406,-20.86620423098625,2.02310483591525
4.55,25.930730986555922,-21.276740977451972,2.069701466081831
4.589,26.32118587964038,-21.780272103071617,2.1290242878439116
4.628,26.73334827478731,-22.27907395205143,2.186307604378186
4.723,27.10953917924931,-22.71248437409884,2.2331597767310623
4.814,27.329720897019165,-22.96202470160159,2.2585914571384293
4.858,27.598346050522217,-23.279403560322432,2.287112094015164
4.95,27.87594228259912,-23.616701926367515,2.31237385403141
5.039,28.23110700745233,-24.056218747229167,2.3358170847272923
5.078,28.549486137981702,-24.47038514851679,2.3459973314993867
5.118,28.79953214945008,-24.795399988620407,2.3481748218213134
5.212,28.974130912789963,-25.024237644480255,2.348097518904847
5.253,29.253936408966574,-25.39723846344381,2.3463333862644475
5.352,29.568699287854248,-25.826957376401285,2.3406105911255786
5.396,29.795165076785963,-26.13946129699708,2.333994913542572
5.439,29.948593094011784,-26.353468811563964,2.328566887409327
5.539,30.313759950256294,-26.873473586736708,2.3123329447965446
5.58,30.51610154241175,-27.169364738911376,2.3000094729863605
5.717,30.65217641660162,-27.364604637946297,2.2898890445933873
5.757,30.870720166123732,-27.672318453675178,2.270726145144611
5.797,31.293695377747902,-28.256137709687312,2.2240570439719036
5.885,31.58603666418598,-28.632955046654732,2.1852845835858794
5.972,31.848890560230974,-28.956679131860085,2.1495185526959375
6.012,32.14413117521748,-29.30933111874682,2.1078414026221637
6.1,32.47267008917767,-29.68674939855371,2.0571702875131592
6.139,32.863697807149876,-30.115222109216283,1.9921761361022874
6.231,33.06016004369121,-30.325248538484374,1.958278387150326
6.269,33.45301703208018,-30.738142805616178,1.8883673174883064
6.361,33.809517017880864,-31.106379337018414,1.8270775810791484
6.4,34.057536302070055,-31.359940701831746,1.787463865234546
6.536,34.39737736306634,-31.70403112254038,1.7393338411475874
6.578,34.58726095597194,-31.894138666165826,1.7155651093650839
6.624,35.080802434546854,-32.377789956018034,1.66531212372022
6.715,35.37459959458397,-32.65194027545398,1.6458128850665865
6.753,35.58301815133374,-32.842146302297955,1.637009713860433
6.842,36.05054729815894,-33.264821236748844,1.633856198432941
6.885,36.42115790312033,-33.594102573287515,1.6460584861121959
6.972,36.62522825338068,-33.77371092916281,1.6579793553764333
7.011,37.22198538106075,-34.304747922528016,1.7186127180094033
7.152,37.528252783614825,-34.57898856205196,1.7647049386064992
7.191,37.880140918314,-34.89328024476205,1.8318649091861943
7.23,38.2346252411087,-35.209359826280604,1.9147456271194017
7.318,38.56431072940133,-35.4792692655689,1.9983109537212727
7.36,39.09383545116498,-35.848976901465065,2.12419453859302
7.405,39.36604250283438,-36.031254853340776,2.185343875487259
7.544,39.942143051995814,-36.40522187308589,2.304945064412909
7.583,40.13296856156832,-36.52558128985996,2.341936514171806
7.622,40.781483908775456,-36.91566907178189,2.4540210963714237
7.759,41.43478298927029,-37.252835756532384,2.5379431710450966
7.798,42.0305543296446,-37.52067289125309,2.5947089780345003
7.837,42.0305543296446,-37.52067289125309,2.5947089780345003
7.931,42.95334652349632,-37.866578189594776,2.6272458934531677
7.973,43.4479132826195,-38.0349554717346,2.625971164685584
8.066,43.90114591813456,-38.1823459531746,2.620929460216896
8.107,44.42945473429362,-38.347244693840466,2.614347151012293
8.153,44.95874112639435,-38.50846001593997,2.609935631002113
8.262,45.34528343186582,-38.62887775249476,2.6091833469537917
8.302,45.95006028364977,-38.83000646805773,2.6141690380373035
8.452,46.502753643672676,-39.03870716391253,2.6230771423580954
8.495,46.81351246753428,-39.16198174962152,2.629570333545427
8.548,47.4446295603375,-39.42521371451907,2.6405264848961636
8.594,47.738604968708756,-39.55503609798364,2.6426192220487223
8.635,48.451143687843796,-39.889515334571236,2.6380620480311805
8.777,48.90523591582566,-40.118698406634664,2.6248263464283816
8.816,49.52401197606205,-40.463640207225076,2.5843025721309907
8.855,49.97127360633409,-40.731074489161706,2.535289789031694
8.902,50.26506291180387,-40.914118565635135,2.4936998792447653
9.045,50.954162416187096,-41.359147983380105,2.3688886843389056
9.087,51.48142583994992,-41.71728115709548,2.2523949292692116
9.132,51.85428688439802,-41.97958780361287,2.1594814350436877
9.228,52.29280882125444,-42.296955410093446,2.043123649576124
9.27,52.59590606799043,-42.5204677714041,1.9632903485486999
9.316,52.89138217116776,-42.73818048228307,1.891093366216463
9.422,53.21177877668573,-42.97370499873736,1.8227469784986212
9.468,53.51609107203864,-43.19567862428573,1.7693115373546178
9.562,53.861264075702394,-43.44736409948839,1.7246588594010817
9.657,54.25086134050886,-43.731832139466135,1.6944147524919089
9.71,54.47007378143914,-43.89169857859451,1.686591206278159
9.776,54.87281754754048,-44.18498565777146,1.6899194987347457
9.848,55.062958248240236,-44.32327059673099,1.6991400818415272
9.939,55.50255644171526,-44.64257559771998,1.7407199205953177
10.001,55.78665728633763,-44.84865800214579,1.7817666073937701
10.109,56.17475393660898,-45.129865699483766,1.855740193966632
10.177,56.47277666796978,-45.345590236935394,1.926296589401538
10.265,56.873026386310386,-45.63505687260134,2.0404029824015666
10.327,57.168999667179285,-45.85121144980812,2.138803235649064
10.368,57.48345237677613,-46.10452750107935,2.2548064414362443
10.405,57.75636260260467,-46.34530334292163,2.365038187359225
10.444,58.13422544153924,-46.699131280439616,2.513698589048971
10.532,58.4145504635257,-46.9756132992378,2.602868855219306
10.571,58.82962665162178,-47.42258724894303,2.700676105346588
10.665,58.957313411192345,-47.56773302008109,2.7321887387877197
10.71,59.40467604127184,-48.069716186820415,2.846341835497654
10.845,59.81945931904572,-48.53299646721608,2.9605595012720087
10.882,60.009408363863955,-48.74710602560507,3.016580039611469
10.969,60.486774978151324,-49.30521786452735,3.166973454388696
11.008,60.74060303329773,-49.63162024605496,3.2486630545642328
11.046,61.04110145614172,-50.07945483098211,3.3385869582364265
11.134,61.20736593627841,-50.32716597722841,3.377352026139519
11.222,61.49764386001027,-50.7438509186894,3.423641718229746
11.26,61.58232344206871,-50.86589787173878,3.4356714087976954
11.299,61.851071183415854,-51.259025145932256,3.4704473701040044
11.439,62.06658358409812,-51.58197886534114,3.498540228971713
11.478,62.304251218250215,-51.956045395346806,3.5285568888798124
11.516,62.536703220791736,-52.337259413427205,3.55804643614578
11.611,62.719718372134395,-52.643924790130605,3.583106915829333
11.699,62.99601209867359,-53.11045507017649,3.624221183828965
11.785,63.21656552186941,-53.485770340099556,3.65916400457467
11.827,63.40928795777414,-53.81675404523754,3.690638246417876
11.918,63.541736531444315,-54.045021236868486,3.712473795673489
11.962,63.84915560020513,-54.57657646342813,3.763992607932998
12.001,64.14924531386565,-55.08271768010654,3.812133203799881
12.136,64.24331664126399,-55.23783114004785,3.826708255360188
12.174,64.57727832787556,-55.77148117036368,3.876004296844428
12.212,64.83635699660003,-56.178362379715026,3.9125378915941127
12.253,65.09924244726164,-56.587564597080444,3.9467693145287512
12.395,65.32745119378517,-56.93764983790761,3.9727275189381217
12.434,65.48633914994234,-57.17590668915023,3.9889654427577454
12.477,65.87051374309209,-57.73776079667299,4.0226895646363445
12.564,66.15294972239792,-58.139671520743285,4.0443329113096596
12.603,66.4487346480378,-58.55538205677484,4.064156387187992
12.741,66.76758303905478,-58.99838400595427,4.0818778793161385
12.784,66.9528734562216,-59.25400570256255,4.08983706192938
12.822,67.36386028353044,-59.839803248924234,4.104051972209355
12.909,67.62175340607222,-60.21720449156825,4.111589105462606
12.997,67.88654807968757,-60.61552774443426,4.119634217747411
13.036,68.04403636285656,-60.856740867715814,4.124293848161791
13.124,68.31143697045522,-61.272134724969014,4.132122501667091
13.161,68.61620197506033,-61.75439542446763,4.142376706896421
13.201,68.86890438780918,-62.1619895971857,4.15192449894554
13.339,69.11929761870832,-62.56958982165146,4.163117233411022
13.429,69.3265833056198,-62.909522689830034,4.173867758933945
13.468,69.55489410224686,-63.2883597187242,4.186838733794261
13.507,69.81314183638966,-63.7224854567316,4.202916245801134
13.55,69.97258415161298,-63.9933762997956,4.211707550460687
13.685,70.25864055455756,-64.48629194635393,4.22389025765446
13.723,70.39410418157604,-64.72333634633678,4.228568991612725
13.762,70.5600299262799,-65.01579451315885,4.232805749109332
13.895,70.96207731480474,-65.73781257661688,4.228657079474075
13.982,71.09377525461437,-65.97783899582419,4.222948328085856
14.023,71.4142880151735,-66.57036794232646,4.196656868619442
14.061,71.59478009593201,-66.90922987314785,4.173701641615949
14.099,71.84175643319229,-67.37424375684921,4.138899015783032
14.191,72.06124390081035,-67.78585330689643,4.10617800678677
14.234,72.2303462203354,-68.10506338634913,4.079459173668667
14.327,72.42135723582078,-68.46869010891321,4.048544512639275
14.365,72.62795675205949,-68.86813782843481,4.014846186456914
14.453,72.82042330939086,-69.24798238692385,3.986321868828661
14.495,73.00916355522011,-69.62411982900538,3.9654404555848544
14.626,73.17885709024941,-69.95361129966025,3.953601228949786
14.664,73.42247967603733,-70.40106349155369,3.9466348539087406
14.749,73.65860297583741,-70.82073737195932,3.9524394423663267
14.833,73.82571317985526,-71.11298669214496,3.964592310739043
14.871,74.05832290733541,-71.51353546629181,3.9896031259352043
14.964,74.30033407748365,-71.92640299744127,4.023051278364505
15.001,74.47198159703562,-72.21548097830542,4.052913569666558
15.133,74.70331738287615,-72.60239349469283,4.101137270538878
15.17,74.87068395654241,-72.8804909029181,4.140775529016743
15.207,75.15460013197855,-73.35017984515821,4.220392335590553
15.252,75.39189831719222,-73.72925449127548,4.29736245592585
15.338,75.52404174343127,-73.93594621628158,4.343003580361753
15.427,75.86288681299575,-74.49003878866424,4.468856259533567
15.515,76.10776074137247,-74.90371372530204,4.565274586483284
15.555,76.34322885736015,-75.30395101358494,4.660139899814155
15.644,76.56365711006934,-75.6794756408809,4.750218990526463
15.682,76.8222487813365,-76.1198751487663,4.855155360550675
15.77,77.05892357154553,-76.528782145517,4.946893245564958
15.819,77.33187984508064,-77.00934534975981,5.043255446206302
15.933,77.59961400100673,-77.48438433896241,5.121755277081704
15.989,77.87127211991351,-77.97265924090946,5.184602770490017
16.078,78.11870037086037,-78.42142040292353,5.229572218260898
16.116,78.37400348458902,-78.88683328565743,5.262670905334204
16.155,78.61313080539676,-79.32597539080004,5.282681295692754
16.197,78.81658559497322,-79.70157370857464,5.293984804850837
16.338,79.09970527149781,-80.22714871847295,5.302890229615706
16.375,79.34560332074153,-80.68626096748156,5.305312472758423
16.414,79.51940845208159,-81.01256020721078,5.305653495553642
16.553,79.79955144797727,-81.5396982888582,5.304860653318208
16.591,80.03521412237137,-81.98468311354222,5.303317109885292
16.63,80.26417322661464,-82.41887838677513,5.302614839208225
16.737,80.46789256584036,-82.80683853780546,5.303088496282285
16.787,80.73377729403879,-83.31496178795973,5.302671695224198
16.836,80.90791056010607,-83.64938634909181,5.301102697026593
16.915,81.12600346134496,-84.07061292357713,5.297236884923635
17.002,81.34176027615763,-84.4921201556997,5.291803115412456
17.043,81.5504397249687,-84.90306440419499,5.285454860697051
17.131,81.77129219790555,-85.3410873814811,5.278125658845575
17.17,81.99391722188967,-85.7857034241028,5.272059044153146
17.216,82.1970193804214,-86.19294968912921,5.267843512358894
17.32,82.4053547439281,-86.61375917490624,5.265025717509381
17.395,82.63142923759222,-87.07653506588669,5.265838700485801
17.438,82.78462778465102,-87.39153045491548,5.268985119627111
17.528,82.99452679809562,-87.82517909604675,5.276916865167522
17.615,83.21550926726704,-88.28518323658369,5.29028827614696
17.659,83.40650019451698,-88.68152674474699,5.306686341427017
17.701,83.57773083211492,-89.03597404290238,5.324615501172104
17.789,83.82734100460057,-89.55192228045912,5.354751441047775
17.828,84.03785879057139,-89.98848677417446,5.38418512630097
17.964,84.21166155031158,-90.35006033961385,5.411410721112489
18.003,84.42260992368435,-90.78953099737932,5.4481920067467655
18.044,84.60594130257749,-91.17587798085744,5.4844873156713305
18.18,84.79189417851762,-91.57115819988378,5.525346082046227
18.22,85.03566120113743,-92.09049875710389,5.583097232096918
18.261,85.18678628914037,-92.41256667818038,5.620460455181167
18.302,85.3497754248512,-92.76073700295399,5.662499696960765
18.442,85.53519604868706,-93.15628619178172,5.714134738405555
18.48,85.75162641289415,-93.61558498045737,5.779413462327298
18.518,85.99789941518222,-94.14212183094779,5.861829604585623
18.608,86.21162340127381,-94.60437909178115,5.936979887557207
18.648,86.37366365457407,-94.95645705901148,5.994497026956623
18.743,86.58355689179857,-95.41041240060507,6.0676503338525976
18.782,86.77771655484108,-95.82601713595129,6.132896295797586
18.87,86.9689990590337,-96.23176645043348,6.194946914505223
18.914,87.17942215297155,-96.6755578535831,6.260918092760988
19.037,87.38973344785504,-97.11915528045171,6.322786683758508
19.075,87.55896860347225,-97.47793623377044,6.3685165151974985
19.162,87.81913007737121,-98.02832320723809,6.43084242306967
19.202,87.9418340848643,-98.28674901210658,6.455349355882539
19.299,88.25297152624984,-98.94064611423285,6.504392919702454
19.34,88.47440581802456,-99.4044804904096,6.52969361321815
19.381,88.69173870055154,-99.8577244331278,6.54789552663479
19.517,88.87203873126666,-100.23510152014576,6.558378325064957
19.572,89.06749340891648,-100.64380205995796,6.5650693610418
19.66,89.26666580994176,-101.06154328909369,6.566843983311806
19.704,89.45619356882067,-101.46138482422269,6.563945263533803
19.794,89.61973755210519,-101.80778613215618,6.559029052629512
19.882,89.8648322527664,-102.32755622217718,6.549664060412859
19.921,90.05894582541515,-102.73708934938887,6.540243724858712
19.96,90.2707310631825,-103.18288430765163,6.526492318453265
20.05,90.50615679109956,-103.68378226534077,6.503850655302031
20.141,90.58376473077269,-103.84968393790385,6.494181326904794
20.182,90.82194761163322,-104.37326060235961,6.451636069961673
20.225,91.00905664706121,-104.79911312660843,6.402049525951234
20.317,91.10884881704916,-105.02698947680221,6.370148007006399
20.361,91.31833336099484,-105.49812826026556,6.291072845500274
20.401,91.5048259036257,-105.92123421533523,6.211321322985327
20.541,91.6306377263688,-106.2093357293924,6.155102401250531
20.583,91.78713479272596,-106.5687194356787,6.084054215859815
20.625,91.93917066904649,-106.93059493677764,6.011400671447781
20.773,92.06672591044693,-107.25345920826425,5.940720509397707
20.815,92.17294642672385,-107.53288262877861,5.874438034599997
20.857,92.30350052064934,-107.87635877579139,5.785697290628697
21.0,92.44681218875951,-108.24173973890562,5.684966463963995
21.042,92.55352518664611,-108.5080702458143,5.611058954587797
21.084,92.71459931294632,-108.88373183179306,5.512920008510704
21.126,92.8220806659902,-109.12823391942975,5.4557517243544495
21.171,92.95279964048026,-109.43117409018589,5.396501300173
21.269,93.08222506986124,-109.7432007676885,5.3494203890581815
21.309,93.19324387800788,-110.03699215753613,5.3157911384538465
21.36,93.29695445174485,-110.33717568142787,5.291328084892299
21.45,93.39441148647623,-110.6396144774801,5.275666677167486
21.511,93.47619287287003,-110.91332822139758,5.269958505786448
21.573,93.54690109767178,-111.15804846259329,5.274593557262698
21.673,93.64804414144888,-111.5030975878454,5.297840355811303
21.73,93.72897368203624,-111.7735250312259,5.330408467509805
21.782,93.81787666499238,-112.06847891942132,5.380795970678328
21.819,93.90788299235211,-112.36445150654478,5.446608822895868
21.957,93.97471695529754,-112.58229163734826,5.504727233293487
21.997,94.08191405092839,-112.92789303182984,5.614273679835669
22.131,94.17499695629374,-113.22388782990231,5.725009055244179
22.168,94.26285680484307,-113.49954559455949,5.841931933275966
22.206,94.35738278814168,-113.79188936416571,5.980968288681602
22.292,94.4380627997983,-114.03812938279543,6.108500720401885
22.331,94.51078642946322,-114.38016532769944,6.260147922221407
22.368,94.60118729605264,-114.7416018716403,6.3582871298363415
22.504,94.70168966943734,-115.15543138909523,6.448527301824271
22.542,94.77322656535932,-115.52691103687619,6.516541659561199
22.627,94.84147629660677,-115.93354937635165,6.581736715180426
22.665,94.91128566279323,-116.36230271005185,6.646190144375225
22.806,94.96905895161615,-116.67650319552929,6.69178023637398
22.844,95.05237912924265,-117.07747108167426,6.750582354299475
22.883,95.14662614253028,-117.50116880559575,6.817093039072873
22.921,95.23827604185576,-117.87173792389204,6.879966335671838
23.008,95.31682319132003,-118.17938607868771,6.933329426663164
23.286,95.4276951907002,-118.69937568022699,7.010058510499519
23.323,95.47633144693653,-118.97910207689503,7.047306471661315
23.361,95.51866325578649,-119.27552481274336,7.0862400875791
23.398,95.59199888151224,-119.78165367670184,7.1467253468203324
23.435,95.63979894112786,-120.05975391747907,7.178450195960238
23.623,95.730798545852,-120.50807221059245,7.228522925110823
23.663,95.80493370477957,-120.82155381621737,7.259646764596596
23.703,95.92027056282208,-121.25956703475202,7.3002292811946035
23.742,96.02590258251585,-121.61865714305326,7.331356574987879
23.781,96.15724225143664,-122.02458545256596,7.36478543092214
23.821,96.32365313895629,-122.50778835391955,7.399938576258279
23.865,96.50802383857277,-123.0650587417193,7.433289408062208
23.953,96.67177921215782,-123.55371173192405,7.45595734915868
24.0,96.82431351261499,-123.99938583375646,7.471646268079297
24.153,96.95220970414923,-124.37273095864963,7.480733503113939
24.192,97.10731097548577,-124.82878979105723,7.486346494138303
24.233,97.24036841623345,-125.21969130958246,7.486350667243499
24.272,97.38163479016956,-125.6350976208923,7.482675314165107
24.313,97.53035655279402,-126.07661125613767,7.475832591317115
24.404,97.66098093791038,-126.47031921371007,7.467541376987711
24.442,97.77765657439585,-126.82414440487958,7.458683205395474
24.487,97.94840741807054,-127.34413417621653,7.444221431648501
24.574,98.07781853341774,-127.74001677921997,7.432486266885519
24.661,98.19094124053045,-128.0883492371839,7.422282362155954
24.702,98.31258735384631,-128.52217544618838,7.371554651445422
24.802,98.46629052679921,-129.03950709153008,7.288907548733718
24.84,98.59011277138512,-129.4220172485319,7.220717804463774
24.922,98.79090444563892,-129.9618377909716,7.127112057913578
25.007,98.9486064011387,-130.3568300366567,7.0647391213620665
25.043,99.12533218295347,-130.7789170019093,7.006302086441835
25.128,99.29557209382457,-131.16843103592024,6.961259610796915
25.216,99.42135430727947,-131.44278435148252,6.910087528045196
25.253,99.55617208604485,-131.79144002562927,6.839681245091072
25.338,99.66464455294691,-132.0892059863799,6.786634006417302
25.378,99.76906597012963,-132.36007080011655,6.745130428629338
25.466,99.86061312581566,-132.59596764993864,6.7103777912390115
25.55,99.96931758983845,-132.8849611479627,6.668877066719219
25.588,100.09129807999301,-133.24216054925208,6.61818350163432
25.673,100.16173396640251,-133.49513006962215,6.583282388166282
25.711,100.2080661947897,-133.73160567124586,6.550545150380273
25.795,100.25511601230565,-134.1561167175895,6.492962748116739
25.88,100.26469323136928,-134.5048274245249,6.44664773700606
25.963,100.25678365159871,-134.8776938762939,6.39852709882534
26.008,100.24263839047444,-135.2357067562942,6.35409823768498
26.091,100.23276553570278,-135.65648278820854,6.296691629156456
26.177,100.2258285805285,-135.95399072865888,6.260897855342591
26.218,100.21948867447085,-136.2772881018389,6.2283086303799
26.305,100.21414003022127,-136.68713329035214,6.198341922324829
26.342,100.21293322100428,-136.9854885989315,6.184870423894878
26.473,100.21353999469989,-137.3656937778746,6.178930623785121
26.511,100.21638141366523,-137.70932005419544,6.185328419120111
26.558,100.22120107429595,-138.06216162543848,6.203246241351977
26.642,100.2269136159673,-138.38559883713634,6.229953910601168
26.68,100.23155066563902,-138.73379888344118,6.269331331326526
26.717,100.21300021882996,-138.99058693338588,6.297157413524005
26.847,100.15568661208978,-139.44387860003366,6.331834627100562
26.885,100.09243738792927,-139.80906367832168,6.3443879108231584
27.015,100.01337821821053,-140.18651415183157,6.345347496123921
27.055,99.91117908500732,-140.6094484387922,6.333351136729732
27.093,99.8284644985101,-140.91753697835878,6.31869197387627
27.178,99.7074944955821,-141.35696028238223,6.292464836875524
27.216,99.61532651543503,-141.7103353871497,6.270098482916197
27.303,99.54377796836542,-142.00856969589765,6.251548841102235
27.34,99.44778588626372,-142.45653611725254,6.226983997747055
27.474,99.38196291100957,-142.81373823745466,6.212485218017179
27.512,99.33223921386329,-143.12128546537932,6.204979188496807
27.55,99.26794228021149,-143.5888333470477,6.201436371458385
27.683,99.22966818242878,-143.95547013151415,6.204844706949061
27.723,99.20080393741188,-144.35339591021278,6.213009307291429
27.762,99.18493925448598,-144.775593378495,6.225532402949071
27.85,99.18173613487733,-145.08656703907414,6.237151329782662
27.939,99.18646868722902,-145.49404816612503,6.255692869182894
27.978,99.20132430451324,-145.94577170901127,6.2797109791768975
28.064,99.22863957633723,-146.41935227587848,6.306809996384331
28.102,99.25668928202799,-146.77752886887208,6.327790753852156
28.144,99.29275143831663,-147.24815957801607,6.355225002371469
28.321,99.32319886098048,-147.65323423294586,6.37882501655389
28.359,99.3568118388198,-148.07183306549243,6.406514759615888
28.395,99.3928707087905,-148.48730839261614,6.439364906389557
28.48,99.42837817965918,-148.8918013067445,6.476446658966822
28.518,99.46272390203572,-149.3111655299055,6.519553207138259
28.602,99.49403423437275,-149.71163647339998,6.565350130285196
28.687,99.52847903735403,-150.22896839527164,6.627161695601373
28.725,99.54911159040537,-150.57143373900888,6.670116930519811
28.862,99.58025331279163,-151.08807177497292,6.7401095741851265
28.899,99.5996780836492,-151.5095905178736,6.802828467045941
28.938,99.62062360813522,-151.96326027602944,6.8754613454420195
28.977,99.64429182567298,-152.42066919275229,6.952045809165881
29.067,99.67427309906034,-152.86003777232605,7.028184150149713
29.105,99.71078753114004,-153.24855879461865,7.095314122951152
29.24,99.7740879264336,-153.82751953263983,7.1909609620864785
29.283,99.82873366914944,-154.28447826506473,7.262910467953944
29.367,99.89314511531717,-154.7855940740936,7.33650738875896
29.404,99.96547620991004,-155.3108694564773,7.405640115503246
29.489,100.0450200011922,-155.85006981635917,7.468535438871015
29.526,100.0994028243768,-156.21427691836635,7.505127474550363
29.569,100.18047552119833,-156.72207432187574,7.545196977861394
29.717,100.25376842633068,-157.16120930607303,7.569316347367774
29.808,100.31855564743417,-157.54053401087435,7.582855719301975
29.845,100.4101663658112,-158.06749670696456,7.591137882455357
29.882,100.49427564705454,-158.52536143210168,7.588707664281529
29.922,100.58540558739442,-158.99700665410225,7.577907879131558
30.059,100.69106912577655,-159.52021274602657,7.558760926796012
30.095,100.76556157673153,-159.87420019733437,7.542414410893258
30.133,100.868482727275,-160.34264391078423,7.515704489915606
30.221,100.98870619850123,-160.86872919463602,7.479017321158068
30.317,101.06730112041825,-161.20911489537588,7.451292749842111
30.356,101.19263836822512,-161.74514074843142,7.401396091194499
30.395,101.28996677539172,-162.16563365714512,7.360544967377663
30.484,101.38677455363445,-162.5770218579659,7.321174338942086
30.621,101.47073353714947,-162.92629597334863,7.289539590307896
30.735,101.58560987633604,-163.38443218809195,7.249726097009798
30.798,101.71202685994893,-163.865371641465,7.2095680639803845
30.86,101.80548925773168,-164.2041075549347,7.1834438105571365
30.914,101.92007192224048,-164.6010159535976,7.155158290801708
30.951,102.11372380741415,-165.26470988105515,7.117906595131629
30.989,102.19134599925847,-165.55123755529453,7.104911781022196
31.223,102.30649984753308,-166.0186447610008,7.085356208431975
31.262,102.4055738046068,-166.43638319199036,7.064203666750785
31.304,102.47996819258499,-166.7698032731894,7.045304683228622
31.344,102.58713433823203,-167.28860572984877,7.009532765465153
31.383,102.62764162467855,-167.48483921381333,6.991867390745526
31.432,102.7185158074683,-167.92163386852798,6.9454370814806055
31.521,102.80725176432983,-168.3428745858374,6.895861748320684
31.562,102.87417730513573,-168.6590178608376,6.858833867302536
31.604,102.9511995357375,-169.0323033370761,6.8155238199766615
31.707,103.05765537165317,-169.5514354167581,6.759874015132681
31.745,103.1133696405812,-169.8264680575623,6.734583809377341
31.788,103.17123422726576,-170.11932744101765,6.711592140213284
31.929,103.27319206050066,-170.61746142534147,6.684160467668235
31.972,103.33022260118491,-170.87959450398512,6.6773522854950755
32.074,103.3900915496755,-171.15581079288722,6.677045781327834
32.115,103.47434708388724,-171.55156210510197,6.688934283829525
32.159,103.54482331550719,-171.8892176075092,6.709613373927112
32.258,103.62156078077507,-172.2543287026525,6.742737193408487
32.341,103.72547489003807,-172.74850146926977,6.804444839600876
32.379,103.80337087404854,-173.1097192477087,6.85784143133877
32.424,103.84920641267578,-173.3187463758328,6.890017232448216
32.509,103.98021556206231,-173.8556123888031,6.97060509139024
32.546,104.03710831964545,-174.06964466840373,7.001268702609906
32.585,104.14802874956058,-174.47106633685812,7.058057211656887
32.671,104.31489686706612,-175.0542959592882,7.140986754243173
32.756,104.44043781145541,-175.4805043339367,7.202543422226185
32.891,104.51152603186128,-175.72029496417537,7.236579950447023
32.981,104.69890006416534,-176.337653002415,7.320945031132368
33.023,104.84224276567909,-176.7911930757601,7.381835584272096
33.061,104.92280155463864,-177.0438589263388,7.414523202174621
33.151,105.15895883701947,-177.76847003559052,7.507725289525183
33.193,105.24288669488524,-178.02992490362976,7.542026706156534
33.255,105.39267165470045,-178.49812783841128,7.603107217272438
33.319,105.57741926583523,-179.08097626702732,7.673791211252194
33.461,105.7290194648655,-179.55305131271058,7.725429723085128
33.499,105.83780112827512,-179.88726376821137,7.759268111852393
33.538,106.02211293021051,-180.45447357966208,7.808320342794033
33.581,106.21787918551925,-181.0436958236119,7.852165343922437
33.627,106.3323814399022,-181.3827831819388,7.874153460886774
33.714,106.46694444064248,-181.78582522066927,7.895823297104897
33.854,106.60596403869809,-182.20142952701087,7.914069629455497
33.894,106.74364385987101,-182.60198816424545,7.92843438359003
33.933,106.85923312198074,-182.93233359823893,7.940015842125277
33.975,106.9368299365002,-183.15711194570724,7.947181945954341
34.014,107.15572718517555,-183.79084819372446,7.965575639914192
34.151,107.30005008453404,-184.2038383634609,7.9766018337040805
34.188,107.37914865931404,-184.4312917193279,7.981893974198542
34.276,107.5770234362061,-185.01319534156647,7.99182995858817
34.314,107.69791912265595,-185.3736222349407,7.9970168876042464
34.353,107.7954809948082,-185.65859778188107,8.000986079515854
34.443,107.93539784632723,-186.06737868839082,8.00673139003247
34.485,108.0414709741199,-186.3803259905071,8.011325467819375
34.623,108.17263657239054,-186.7643745030244,8.018260798947665
34.662,108.32720404275543,-187.20756303218434,8.027146612502222
34.706,108.4602006216825,-187.58788771204433,8.034274449108139
34.793,108.59844755666101,-187.99394753737482,8.042631111508257
34.834,108.75098921427693,-188.44536938654267,8.053943551461728
34.888,108.84478480338296,-188.72233709242306,8.060974977688772
35.026,109.01235587527,-189.21967372570631,8.074048163666106
35.067,109.177713396861,-189.7106182574026,8.087300829340734
35.107,109.29485075111577,-190.05356497661572,8.096180740039955
35.25,109.47049689262033,-190.56340336421866,8.107763219864282
35.29,109.60582108247803,-190.95926207422264,8.115820458621016
35.329,109.74566112819136,-191.37163287370183,8.123952160596502
35.424,109.87101555763938,-191.74404346549127,8.129483587544712
35.465,110.05124178578473,-192.28297192522857,8.134379619153123
35.51,110.19018275873682,-192.70038752692042,8.136480672640502
35.609,110.27450848163346,-192.95390459573179,8.137112988172845
35.699,110.51530017711559,-193.67774697794968,8.136592748341357
35.738,110.61997552909935,-193.98834426943532,8.135723334981009
35.874,110.75630436212765,-194.39363239182651,8.133409412317192
35.914,110.88770512550315,-194.7852359548552,8.13039654011952
36.013,111.009532294851,-195.14930816260278,8.128022518950047
36.05,111.18385397814484,-195.6685480647505,8.126677609151486
36.149,111.35757389680376,-196.18594745425864,8.127338410376154
36.19,111.4461379018841,-196.44945038258018,8.128017195849296
36.24,111.62416391121069,-196.97338091316846,8.131612615425936
36.291,111.78941490123947,-197.4559160015301,8.137123386819184
36.33,111.93218070447392,-197.87342124338605,8.143073994337257
36.419,112.06243421455045,-198.25227533037017,8.149330114164954
36.558,112.26004099837758,-198.82376782756438,8.16028361240032
36.6,112.40699278233058,-199.24886170465854,8.168410379573459
36.643,112.56557512699294,-199.7107052769923,8.175879237706184
36.706,112.73396181549349,-200.2015879795512,8.18401142034891
36.763,112.87257035335767,-200.60849074352197,8.190552072379475
36.852,113.0614052208769,-201.1666866788847,8.199612771155614
36.891,113.24799493283474,-201.7183876483355,8.209061285155087
36.978,113.34771071362823,-202.01323808101316,8.21425182190643
37.071,113.53697447696652,-202.57762530805613,8.22367774332075
37.11,113.66970870454799,-202.9716006640145,8.229408760110147
37.151,113.84376208806825,-203.4895820787581,8.234903056948184
37.292,113.98988899609841,-203.92675824467238,8.238239531865133
37.331,114.12137119504294,-204.31978738029412,8.240633473696604
37.419,114.23688911827881,-204.66607304402976,8.242133519033487
37.459,114.39932903127936,-205.15294377960586,8.243620542391682
37.5,114.4764023120429,-205.38452511045952,8.244336279130252
37.592,114.65108120857379,-205.90360246809826,8.244323704317637
37.635,114.82221858981596,-206.40862601557427,8.240807220733132
37.725,114.95414072456643,-206.79686893402507,8.23611500328613
37.816,115.08050772569712,-207.1681252823611,8.230368822693407
37.858,115.1918258672498,-207.49565158929568,8.224358674506163
37.947,115.40839224661966,-208.13272572380757,8.21026875157014
38.038,115.48875944333524,-208.36965228639653,8.204682648988893
38.079,115.66564224132424,-208.89075368320684,8.190636692605068
38.117,115.83310377304801,-209.38242344548834,8.175108794174804
38.237,115.95357384227648,-209.73018016343758,8.164197906329434
38.444,116.1117355500742,-210.18214299447538,8.14930760933757
38.493,116.15992728633532,-210.31966319623464,8.144448791702501
38.539,116.35422777302003,-210.87607277501996,8.123224635942933
38.581,116.49476458360098,-211.27876610653826,8.106372678423838
38.623,116.66508952925929,-211.7695349384242,8.085499613445876
38.664,116.79287692714354,-212.14041679876487,8.070642298357626
38.706,116.90936914548936,-212.47864992753884,8.058255549532817
38.749,117.08072628201732,-212.97255226070016,8.040894885795922
38.791,117.1858009919171,-213.27452391811408,8.03019371921458
38.942,117.35404282631335,-213.76285873620614,8.009831190714664
38.988,117.48857807707657,-214.15558410097412,7.990327953686389
39.027,117.58394415129123,-214.436361980035,7.975398309389448
39.067,117.74708769308384,-214.91890957419213,7.9496670249438495
39.158,117.87240984675664,-215.29377300225053,7.930222118113946
39.249,118.022388226765,-215.7530851396796,7.907896066936459
39.288,118.15640126513519,-216.17699107844248,7.8896205961627
39.329,118.29435359752543,-216.61445813195886,7.8714558608656375
39.467,118.43313484599594,-217.00920780244985,7.84497607623031
39.508,118.57536961290367,-217.44421465881072,7.81395048385221
39.548,118.70996542220468,-217.88781727074831,7.790151240022809
39.589,118.82849943496103,-218.28704483662807,7.77729466564864
39.679,118.95245996669712,-218.7026115035102,7.759172807413577
39.819,119.0776972658494,-219.12992256581876,7.744210687092163
39.859,119.14468681032727,-219.36268537841795,7.742808208474457
39.9,119.33579650039277,-219.89212263652644,7.746030129774965
39.996,119.50473905447868,-220.3515864407268,7.765524078169321
40.042,119.60764514862367,-220.6425627238368,7.788985495120585
40.132,119.68194132246359,-220.8635943527304,7.811676774822402
40.173,119.85274391772094,-221.54957685966306,7.901029621418687
40.269,119.91067824574671,-221.8706201382263,7.948529538828424
40.31,120.00309754829897,-222.40373330866475,8.026507794822336
40.349,120.07196611061977,-222.79976492012005,8.08408164386212
40.44,120.15567245356051,-223.25540304107855,8.142928801425285
40.593,120.2587899377907,-223.84060466477476,8.201054833152654
40.656,120.34260688519265,-224.3743595591786,8.23471029076444
40.698,120.40776936426532,-224.8524674231198,8.250067404016761
40.738,120.47655572729465,-225.3594244991871,8.252925698020206
40.78,120.56267801226272,-225.89981380786358,8.243273842042825
40.875,120.64662437916911,-226.39204497176047,8.22525684331444
40.922,120.73873684486315,-226.89985879652747,8.19929959227234
40.964,120.79033952870212,-227.1771114183092,8.18242937850448
41.066,120.92329285435981,-227.88325961290954,8.132879258563392
41.113,121.01874294209478,-228.37861095198176,8.09552907220322
41.307,121.07308412967504,-228.65300089909928,8.074414625774125
41.348,121.21284931925467,-229.3347010792379,8.020125953488957
41.389,121.30979896518684,-229.79136874437725,7.982897442849335
41.432,121.39650239443532,-230.18918043733797,7.949137265490208
41.496,121.48259175839709,-230.5721844514404,7.916036075189666
41.562,121.60179642986945,-231.08620189558886,7.8720726315588365
41.638,121.72390344169929,-231.60103543530542,7.828277366677895
41.692,121.81687029600836,-231.98464875466428,7.795100061942165
41.785,121.92981483854797,-232.4409167292235,7.756551348447815
41.827,122.05860751850692,-232.9569968813523,7.713197523733413
41.869,122.15536438808516,-233.34376237361545,7.680886443333961
41.962,122.28588407852999,-233.86967299606926,7.638486092969913
42.007,122.34841838620922,-234.1216427457878,7.618711268887651
42.101,122.51057471357021,-234.7675594575646,7.5704679144179465
42.144,122.62617804788776,-235.22397607055575,7.540593531422331
42.19,122.68524643957687,-235.45723295142747,7.526724373625342
42.281,122.84391774628025,-236.08375371694322,7.495511295928111
42.38,122.92785021924044,-236.411415494509,7.484033936893155
42.431,123.01575000268353,-236.7610853978615,7.476863158679009
42.472,123.16446327457723,-237.35946569470656,7.476302623625401
42.571,123.24437770432215,-237.67622865798936,7.48367219120091
42.617,123.34649930004576,-238.08277633514797,7.502058501858912
42.716,123.46585851888092,-238.57438680821298,7.537780593768574
42.76,123.57369671404159,-239.00874825469563,7.577967004286705
42.801,123.69585240765812,-239.48434989171537,7.62437612799927
42.893,123.78254603618367,-239.8133388707513,7.657343469640352
42.935,123.8458642047444,-240.05076632013524,7.680841160534214
43.026,123.9624409945074,-240.47935731537382,7.721042798438404
43.069,124.13569901853162,-241.0922588812375,7.772799930587809
43.111,124.23395471229506,-241.43371968281775,7.797175408544376
43.257,124.3690339254594,-241.8937742820348,7.825134577246089
43.298,124.55081995770973,-242.50841942563727,7.853837397484199
43.39,124.61974052909045,-242.73984224941447,7.861670815399549
43.434,124.74415289435012,-243.14851121210577,7.87013282471132
43.474,124.93409496297917,-243.76239364025702,7.871834902689798
43.569,125.00291131416942,-243.986371548429,7.869067282405567
43.611,125.07756133679074,-244.2291746786602,7.863735026781072
43.705,125.26448328529439,-244.83598248945353,7.840690887292368
43.754,125.31539110203843,-244.99998455285586,7.8325623516248015
43.849,125.40990029444653,-245.31038739865957,7.8157693373259605
43.941,125.56987496414823,-245.8388121641917,7.788062500882532
44.036,125.6308601478084,-246.0389047406963,7.778350681645364
44.078,125.74032231603196,-246.3962942918716,7.7620896407274245
44.119,125.90107250755973,-246.9185490108278,7.7404322184481344
44.162,125.96332209849012,-247.12068428080744,7.732620615217698
44.309,126.09214010055129,-247.53880168848073,7.717006190032521
44.352,126.22895013317562,-247.98391473970096,7.700000214280067
44.408,126.29146821938802,-248.18766455739882,7.691921997369931
44.45,126.4026486544126,-248.54789098363608,7.677880158794025
44.594,126.55754406050454,-249.04585854787652,7.6601759560864195
44.657,126.66945128578661,-249.403804891068,7.648853295877345
44.72,126.73246083642272,-249.6046314734525,7.643007179080641
44.773,126.89861592383403,-250.1265079717727,7.630756300252216
44.815,127.04320844075193,-250.57795303495865,7.624902121549496
44.86,127.08943280488992,-250.72309825130472,7.623468520089958
44.953,127.27295946889441,-251.29796795164805,7.61812816122017
45.043,127.37194499432896,-251.60965843477103,7.616179932173694
45.085,127.47712463304458,-251.9423127987735,7.615624420660808
45.179,127.66108912425469,-252.52342107839456,7.618227293856009
45.326,127.75681770722701,-252.82514040055952,7.621086303645384
45.368,127.88418332985376,-253.22397143224163,7.626524446210411
45.412,128.07660585429002,-253.8185963322938,7.635975139558312
45.453,128.15358711731292,-254.05552609702468,7.638844371392082
45.597,128.30906730005012,-254.5347274398447,7.643125739929175
45.639,128.45645560237145,-254.99222853303667,7.646296270475034
45.679,128.53742136145172,-255.24461414232152,7.647783370768735
45.72,128.6629494007038,-255.6382267025895,7.650206173914924
45.763,128.84117271059802,-256.19701813793534,7.654062980047854
45.804,128.97509786391316,-256.6163596147728,7.656454621969715
45.907,129.0468334120333,-256.8407596142888,7.657679712497284
45.943,129.22889992577205,-257.4106067090235,7.6592700869277905
45.98,129.32304269575855,-257.70398771079994,7.6589143810746805
46.112,129.42265551577842,-258.01388533351303,7.657468186677406
46.15,129.60113121173703,-258.56930070237314,7.653117907841391
46.282,129.69837071046283,-258.8716149578143,7.650702611196451
46.32,129.8957688589365,-259.48947296144445,7.645470296976185
46.358,129.9924812064187,-259.7933819987422,7.642976154001246
46.394,130.14658177536347,-260.2766971490819,7.638682721140654
46.581,130.2640804621725,-260.64255451475725,7.634133775648436
46.619,130.4096652032644,-261.09365197113686,7.626828387338364
46.657,130.5478721638367,-261.51823973030395,7.6189435642910155
46.697,130.70493884332672,-261.9948709120099,7.608304220766598
46.786,130.79774503247205,-262.2744564657751,7.601173512370167
46.826,130.9229519237532,-262.65087031570465,7.591242020572707
46.87,131.13080745524766,-263.27286659430155,7.574231994108786
46.959,131.2338089909549,-263.5829714104936,7.566359679187798
47.097,131.3362823921683,-263.8926528079023,7.55915800966396
47.138,131.53243002305533,-264.485629390052,7.547135241537688
47.177,131.65462080578783,-264.8511544171525,7.539707624342412
47.219,131.8167448330235,-265.3318487184226,7.5297308624832056
47.309,131.95087505469093,-265.7261454201548,7.5227164390528145
47.396,132.04472973775623,-266.00038278857295,7.518468400998543
47.434,132.21299514914816,-266.496006806693,7.513573697831831
47.572,132.37742033152338,-266.9882439407502,7.513437799942494
47.663,132.4974444856325,-267.35181817786986,7.515180906540209
47.703,132.64049052689847,-267.78590163246,7.517773891047057
47.889,132.77460000578094,-268.1923237712995,7.51978214118202
47.93,132.95370448966003,-268.72628542351157,7.523815273352625
47.968,133.1049526310112,-269.17376148249764,7.529630373193484
48.009,133.2552109120398,-269.6201325198691,7.5383144111758895
48.046,133.38352668304108,-270.0052346246552,7.5472235601912985
48.087,133.55919885808794,-270.5377462772072,7.559381382433912
48.125,133.68524953945067,-270.92094942724407,7.567042477624483
48.215,133.81028915573057,-271.29931230297933,7.573366678259802
48.253,133.99636625291538,-271.8542424767751,7.583393596892151
48.292,134.14708920105824,-272.2992421390968,7.592794502684342
48.427,134.27903389278214,-272.68629129329815,7.601553255950989
48.508,134.46043456517876,-273.220686010642,7.612331354006656
48.544,134.59449140105684,-273.6169729375477,7.618398304894157
48.586,134.73625204326595,-274.0326715589379,7.621784408135099
48.632,134.89560107844645,-274.4736508016644,7.622973722234107
48.75,135.10563117525334,-274.9932592907516,7.624386170793429
48.789,135.2791531234226,-275.38661869474123,7.626005215550521
48.837,135.47131700043644,-275.80212945987324,7.627754398200139
48.922,135.5846887158163,-276.039013192177,7.628411818877922
49.005,135.88099510048255,-276.63491479526647,7.628690500054844
49.088,136.0967179635687,-277.0436455944919,7.627587432883885
49.17,136.22135773097568,-277.26922472316295,7.626994046536382
49.209,136.5463668079023,-277.832111210579,7.6257504397542135
49.345,136.7863438080663,-278.2231697667354,7.625643620095673
49.384,136.9271223832451,-278.4451642073101,7.625707340396147
49.421,137.2647923835607,-278.99626645979214,7.626859324300412
49.504,137.49830029763666,-279.389200393855,7.628868668417297
49.54,137.70304245604504,-279.7395738474778,7.631925099787935
49.627,137.94446720592873,-280.1555802678159,7.637125069537618
49.664,138.15923587341004,-280.52653906363076,7.642816429290875
49.75,138.3922584681348,-280.9298929836824,7.649788463296247
49.789,138.57253551097847,-281.2403717190738,7.657198080645301
49.875,138.78636715307113,-281.6087088661508,7.668753852941535
49.964,138.98717157135866,-281.95593029199296,7.68176485733612
50.008,139.21639398413032,-282.35723246921856,7.698145011758257
50.12,139.4696570579432,-282.8057823962652,7.7170122815658715
50.211,139.73046730838794,-283.27421994578845,7.735345664491689
50.254,139.89806736838875,-283.577696733816,7.745988248903245
50.296,140.11826058326423,-283.97675976786246,7.758653000866232
50.384,140.39072861840117,-284.4724995499088,7.772504295754004
50.423,140.52009673769675,-284.70863306592264,7.778276182048415
50.575,140.7798827605709,-285.18451930080425,7.786387352415801
50.613,141.046446944273,-285.6773639817363,7.788269388775504
50.653,141.2596040415445,-286.07378015106565,7.7849915506769065
50.69,141.4380779628266,-286.40705824912345,7.77857674032299
50.825,141.66876251966698,-286.84075974648556,7.765579080663741
50.863,141.87874848182372,-287.2380749997284,7.750069825175075
50.904,142.09163333415734,-287.6433978625566,7.731436134786819
50.943,142.35573225220682,-288.14913360353296,7.70560508062907
51.029,142.51533060100485,-288.4554539108132,7.689888208509984
51.111,142.72918575174708,-288.86692193581536,7.6687578032338735
51.196,142.95333458306743,-289.3002873343305,7.646070358967236
51.241,143.14611702349157,-289.67384586697614,7.626127062814021
51.375,143.29453977845657,-289.9628590584223,7.610650367813136
51.415,143.5382174138061,-290.4392900521407,7.586217587117801
51.453,143.6761940334424,-290.7081977337412,7.573810390311209
51.541,143.9070083896662,-291.15810507926284,7.555959011000553
51.626,144.05209898210666,-291.4415643650425,7.5464156742127955
51.664,144.2750794874312,-291.8792017458942,7.533066908978583
51.702,144.5247568093078,-292.37026813266596,7.517098137999184
51.792,144.77872981941286,-292.8715451299561,7.497653566205869
51.878,144.9441950493029,-293.1984432823672,7.482162558346644
51.915,145.19892886836539,-293.7019164445254,7.451775867067596
51.96,145.3690547247879,-294.0391072498966,7.427196575512838
52.094,145.56383791506698,-294.42642424960275,7.395998538084044
52.133,145.81546357860367,-294.9295862290272,7.3500228130967855
52.328,146.03478210338403,-295.3712720221456,7.304729386610376
52.368,146.24144299204778,-295.78840143310833,7.257715228017872
52.406,146.4473772795488,-296.2054343468623,7.20686410948754
52.446,146.65980532647063,-296.63696540377885,7.150008493754584
52.487,146.84832566736364,-297.01974107119054,7.097716632510071
52.586,147.05021207323674,-297.4298787716896,7.0411239061190685
52.626,147.27343159595029,-297.88794560229996,6.97854294590644
52.665,147.44218970224549,-298.2370803220139,6.931150128959715
52.755,147.64084284406636,-298.64878600545103,6.875283196152992
52.795,147.82574600053903,-299.030298309361,6.821806489524064
52.94,148.04284407148273,-299.4734571358327,6.758011674582264
52.977,148.24827735700896,-299.88883107784073,6.697993955464852
53.063,148.4971906445781,-300.39133539619655,6.6259296526317115
53.101,148.6850946113223,-300.7863276579842,6.5670410622950754
53.138,148.8784582111087,-301.20791116906884,6.501241500565257
53.272,149.10906694480144,-301.7183162450482,6.418763839035549
53.31,149.25130248194097,-302.0341899550448,6.36650337550887
53.353,149.47356545533182,-302.53319232527645,6.283813982654806
53.486,149.66019418068333,-302.9512736839144,6.216267750995385
53.524,149.79545545904577,-303.2568435154728,6.168293298834698
53.565,150.00197578387827,-303.7336576151969,6.094443054764142
53.608,150.15998667679946,-304.10609978771396,6.037416877201451
53.706,150.29908879512794,-304.43921791322197,5.9871844465727975
53.799,150.49133984993423,-304.90114988201367,5.919670044548184
53.841,150.68687911414565,-305.36203646368307,5.859207841709974
53.938,150.8153432354781,-305.6678048749229,5.823043304960521
53.98,151.01694771607265,-306.15252805288026,5.770423697817051
54.025,151.1859753884195,-306.5627281911591,5.727913608286173
54.275,151.3463716956468,-306.95464852495303,5.68763810439583
54.314,151.52270204737994,-307.3830413598263,5.64308863322907
54.354,151.7009697586413,-307.8156791345754,5.5969366668044245
54.394,151.86950948572036,-308.2352370572862,5.550264863902356
54.434,152.04700412560078,-308.6815120175306,5.499599852317857
54.473,152.19333522896687,-309.0485460325479,5.456088799358923
54.562,152.4033911531037,-309.5769958101061,5.390820536687272
54.603,152.53828459339798,-309.9172283301646,5.348071274281182
54.693,152.76944734296643,-310.4971225160757,5.276383333399053
54.734,152.891578073068,-310.8027202958276,5.239398468555322
54.823,153.07055053772092,-311.25074230333564,5.1863787218455855
54.862,153.22295953456643,-311.6336685941422,5.142391569894386
54.902,153.3290560859598,-311.9017021986449,5.113499135094941
54.988,153.50765478124168,-312.3583855785506,5.069444618408369
55.085,153.61703715856459,-312.65045395224433,5.044790793917457
55.124,153.80862664644474,-313.17225708820877,5.006652999633843
55.308,153.93339813878998,-313.51649416254753,4.985002412756984
55.347,154.14605515909358,-314.11347720727383,4.951883024315322
55.385,154.2600292408104,-314.4412811876496,4.936194973521452
55.521,154.43479063615243,-314.95859203214803,4.914843738955938
55.576,154.59780328633755,-315.4577219528458,4.896283215317709
55.616,154.6987812598001,-315.77452510489104,4.8849776749738965
55.655,154.82114365378789,-316.1649078895517,4.871078722465768
55.694,155.0011120573189,-316.75507592935435,4.848787361042383
55.735,155.13522284747947,-317.1904777301834,4.831520133554022
55.777,155.3149348992554,-317.7621015801173,4.808479910910393
55.925,155.47779884243297,-318.2860722624275,4.786562148982597
55.967,155.593668808475,-318.658770908196,4.770525190895228
56.018,155.77353434770953,-319.2338644533433,4.743575495760723
56.096,155.91149486787668,-319.6798071762352,4.722240599448668
56.189,156.05051664923144,-320.1253209447479,4.699354476917961
56.233,156.2158527520715,-320.65204869920933,4.66910424945678
56.276,156.33711944517154,-321.04011501009296,4.64642701911319
56.378,156.49877067977587,-321.5577794835882,4.617161407745783
56.465,156.64108056743567,-322.0110695006961,4.59081444695272
56.503,156.8097599830135,-322.5518021004224,4.559966058519734
56.591,156.9469908388724,-322.98773152849515,4.53669757831932
56.631,157.0656634600332,-323.3587558115664,4.516821402367071
56.677,157.21798460597358,-323.83079257765996,4.491999326593998
56.752,157.38873893303048,-324.3593704766934,4.466724599382985
56.858,157.49648697769692,-324.69260842388695,4.451851057006053
56.898,157.6441248716767,-325.1503963061073,4.4319449544548775
56.988,157.76053980874994,-325.51358795995986,4.417053543250461
57.033,157.89143904601394,-325.9212042279311,4.401499733221613
57.164,158.04324096536658,-326.3912372566972,4.384333448100364
57.224,158.17004192602727,-326.7829396040638,4.370335189979414
57.266,158.30431732919166,-327.1964373380832,4.355617145854353
57.314,158.4558979301121,-327.6606060371735,4.338444179196188
57.411,158.58650508701996,-328.05891089073947,4.32342646317133
57.451,158.69792104338615,-328.39839937575204,4.3106481339841025
57.54,158.88242689214673,-328.9597548922265,4.289642323126031
57.58,158.9884079998822,-329.28242228430753,4.277109887637778
57.622,159.1261305007467,-329.70411228704495,4.258866303248453
57.764,159.3058897232882,-330.25273002165534,4.231016272802037
57.806,159.41419765422307,-330.58156716057675,4.211893161515206
57.897,159.55838385602954,-331.0157292650921,4.185083935631411
57.941,159.72442860711118,-331.51171438233865,4.153404170336785
57.981,159.86934861715804,-331.94161435866135,4.125417720627752
58.022,160.01942976719187,-332.38868633342116,4.094908236798517
58.163,160.21051166028474,-332.96166921065975,4.051936770801632
58.205,160.32681982436904,-333.31196772474385,4.023671407867738
58.294,160.42088257954248,-333.59606289525874,4.000048421164564
58.335,160.6503998218592,-334.28497818011346,3.9434003694561284
58.375,160.76851591271557,-334.637672661676,3.915279790015859
58.466,160.92021675915433,-335.0880561172416,3.8799790407534545
58.512,161.06789620915015,-335.5258440338598,3.845652984875329
58.663,161.25827171310897,-336.0888299582066,3.8026797311277107
58.707,161.39048616895852,-336.480005613581,3.773864325662032
58.75,161.58129529742803,-337.0417707466956,3.7344020890347167
58.842,161.7349689122504,-337.4917430009933,3.7050107167274007
58.898,161.89347212520013,-337.95402287273834,3.6770382245097437
58.987,162.061693758287,-338.4328457636469,3.6512442945245596
59.026,162.17819857740636,-338.74877978539837,3.636329811550553
59.112,162.36485815109054,-339.2161272871817,3.6167266426420213
59.151,162.44878975063565,-339.41394274691123,3.6088915302472913
59.19,162.6637054259707,-339.90034879463354,3.589872747370265
59.28,162.84118883898006,-340.28801394000845,3.5750641046615215
59.34,162.96067259103592,-340.5442976763539,3.5655051340188493
59.456,163.10673261000392,-340.85096855205563,3.554838901457458
59.498,163.23337851656203,-341.11287346586323,3.547373855475115
59.586,163.35749526437564,-341.36553984816373,3.5418620881908396
59.624,163.46574767115519,-341.5809667111146,3.5389191330755523
59.711,163.57547981383095,-341.7965390860132,3.538147746780595
59.75,163.67548953376456,-342.0038690296434,3.539822645066323
59.884,163.75341088850303,-342.17465306189007,3.5429495590076954
59.93,163.825042055184,-342.3302550481675,3.5458385904763077
60.017,163.89390189743278,-342.48426714619535,3.5477412523680414
60.055,163.9269823428579,-342.56074641789724,3.5478259911670875
60.093,163.96654602186126,-342.65004638895743,3.5464713875604446
60.226,163.98919698850472,-342.6986019528638,3.5441626411142977
60.264,164.0025604942832,-342.7262965780551,3.541959224552471
60.366,164.027213530226,-342.7764255346277,3.5378841046488105
60.419,164.04952520045327,-342.8230511202254,3.5343943253152474
60.459,164.06943174096943,-342.8660010470358,3.531685767513437
60.555,164.09081000024622,-342.9102560762193,3.5295994011071627
60.594,164.1126261986322,-342.95219753039373,3.52845281718092
60.639,164.13357167770596,-342.993147110784,3.5280931715604424
60.682,164.15902987254552,-343.0432166022068,3.528276276872276
60.775,164.19553195621498,-343.1148484671802,3.5290528060826603
60.84,164.22207156892503,-343.1670612179473,3.529681810214555
60.929,164.25990075762422,-343.24150072732516,3.5303867559991886
60.97,164.31206763217264,-343.3442374749038,3.530740632799649
61.06,164.34852298032618,-343.41617481789837,3.5305149253849493
61.147,164.4103545076954,-343.5382012059864,3.5292156267315136
61.186,164.46986605849384,-343.6556565086342,3.5270685469594127
61.273,164.52826553909915,-343.77325811268753,3.5239885464470433
61.36,164.5937872258371,-343.9133294866664,3.5193179948824422
61.399,164.67813689533224,-344.1131045957766,3.5113915882022297
61.486,164.72122272118486,-344.22014507263293,3.506869347618874
61.524,164.79200512504286,-344.3979181705817,3.4992100707353586
61.563,164.88885251831636,-344.64678847184,3.488575453654221
61.794,164.95210222361047,-344.8137300418994,3.4815533398111143
61.832,165.03092524370373,-345.0252496316308,3.472405910593153
61.872,165.11250816852436,-345.25091859502464,3.4622346853649333
61.91,165.18834243630903,-345.46922793519633,3.4517767754393844
61.95,165.27146436106256,-345.7174086226461,3.439307994769564
61.989,165.35864748506685,-345.9897012308943,3.425003268919397
62.027,165.4358062866509,-346.242817028457,3.4112122427567897
62.163,165.51907653031708,-346.5263689802031,3.395717934013959
62.202,165.59065909424055,-346.78108491927645,3.3821702432828715
62.24,165.67691645020113,-347.1101298247022,3.3646552623104355
62.334,165.7542793960849,-347.4247375875979,3.347655007016101
62.424,165.8315448071808,-347.7620471675374,3.3289801855055146
62.468,165.89894780056915,-348.08083878449315,3.3107834060431287
62.513,165.96897393394306,-348.4384623115819,3.2898138420104033
62.615,166.03764596052616,-348.82277386335625,3.266582431729603
62.661,166.094202729308,-349.17520167140844,3.24438403259677
62.757,166.15173730227872,-349.5718575505753,3.2180336283468876
62.798,166.2230886201691,-350.0661337259902,3.183150648355223
62.899,166.2696744042825,-350.3657326790676,3.1611578069470454
62.989,166.3325394278998,-350.7859574251134,3.1287550884469226
63.03,166.38591359472872,-351.1615158074432,3.098690076043539
63.071,166.46189224394644,-351.740074817291,3.051251774882786
63.162,166.5084376276368,-352.1224816276642,3.0193181813596652
63.203,166.57740596425742,-352.7265299759193,2.9675768171881884
63.243,166.62300786006597,-353.1577916495091,2.9290957225355214
63.335,166.66239616135863,-353.55592278169416,2.8918581149671354
63.478,166.71296987968606,-354.11002144479767,2.8376228831668016
63.528,166.77160016243604,-354.80906466585276,2.7670356890623964
63.569,166.7931961837443,-355.09425405070414,2.73815814737938
63.612,166.8291749647201,-355.60157069688415,2.6869233262085004
63.667,166.87417778400703,-356.1759654343964,2.6305230507046247
63.81,166.9087203741449,-356.60002899374746,2.589937366440779
63.851,166.9537075307391,-357.1079416803955,2.5426356206353375
63.894,167.0432674848363,-357.93388744526453,2.4681607221038178
63.987,167.07648279801464,-358.20635228798596,2.4438679186197305
64.028,167.16295417664668,-358.89362165684315,2.384184562622494
64.08,167.19545334388943,-359.13838294636156,2.3636464429000057
64.179,167.25429214791677,-359.5580165657869,2.3294801713969946
64.274,167.34231012457911,-360.13791499096527,2.285179932361359
64.316,167.39237482747927,-360.4447646728109,2.262641569208256
64.358,167.49448526272076,-361.03129673446057,2.219627507972376
64.452,167.55598059914823,-361.36867993300115,2.194273495329554
64.496,167.5935379754976,-361.5713601395501,2.1788747906380195
64.538,167.6987158764482,-362.1449607559041,2.1344238563494287
64.643,167.7492659700594,-362.41108959326414,2.113183763229074
64.691,167.8102205682646,-362.7169887888896,2.088140411836463
64.793,167.88252306009798,-363.07217817240587,2.0582296525658137
64.839,167.92934663237597,-363.2957570614093,2.038811115975051
64.936,167.9881498754629,-363.56460783064983,2.0148781926334323
65.042,168.06458767053746,-363.90830407267686,1.9833100800246086
65.084,168.12075113115213,-364.15693926594327,1.9600905743482997
65.128,168.18908441388814,-364.45385123080047,1.9320190762218488
65.274,168.27682528346696,-364.8303316723728,1.8959394957414588
65.314,168.35430011945886,-365.16053459023294,1.864007439761025
65.356,168.4153551467888,-365.4194890571187,1.8387863130409414
65.45,168.50690577251314,-365.80775410484677,1.8011396620311757
65.496,168.57876386988207,-366.1087449291296,1.7717112231949557
65.538,168.65720793369744,-366.4310787213634,1.7394440948231136
65.582,168.7540829140773,-366.8251366772814,1.6997184345553649
65.676,168.83172459699244,-367.13663966347355,1.6680214177146127
65.722,168.93312166769095,-367.5368129683447,1.627203328367699
65.815,169.0158931938493,-367.8574287464298,1.5948524947016551
65.858,169.1069102443999,-368.2057855096811,1.5603113106724322
65.903,169.15794343912705,-368.4008119061877,1.541597710634477
66.049,169.29343318695288,-368.9220452663803,1.4938638259778543
66.09,169.38155040600026,-369.2603639833873,1.46459582618877
66.186,169.47720825098708,-369.6283164231998,1.4342875493205725
66.227,169.59779484459682,-370.0943246059452,1.398948526528443
66.319,169.69773635852533,-370.46735777106744,1.3727472961483045
66.359,169.82581415281768,-370.9221157407322,1.3434593696249806
66.4,169.92367988805574,-371.2619736207126,1.3235291843948005
66.495,170.03613906886318,-371.64311444750007,1.3028371781533679
66.536,170.1796310004747,-372.1177317436558,1.2788843349083265
66.643,170.31219413439112,-372.5418153977942,1.2594712400906474
66.685,170.4374866921707,-372.93318266567127,1.2433605889911803
66.777,170.59955306270658,-373.42718874575843,1.22519650256433
66.839,170.7614964411561,-373.9071241504371,1.2093484639013354
66.903,170.87638992971762,-374.239725057604,1.1993641314691672
66.957,171.03100519186575,-374.67958028033763,1.1875477938440326
67.046,171.2071309443209,-375.1518443628457,1.1463481536377742
67.087,171.3535915920656,-375.5143524049244,1.07565106754069
67.126,171.55438537431334,-376.01307782832595,0.9662740618846328
67.264,171.69296903194052,-376.3631035695766,0.883064535630524
67.304,171.8452591716271,-376.75095986326534,0.7865119654287014
67.395,172.03078124503645,-377.2358969145537,0.6663477318952573
67.484,172.20300914469942,-377.7104556251671,0.5593914985483082
67.523,172.33899631029936,-378.0735243832547,0.4823364993160624
67.562,172.49811606796564,-378.46289142119747,0.3963441929178373
67.697,172.6509330593684,-378.81656211975,0.3170311322570285
67.741,172.84188459974212,-379.231339281806,0.22130584033294554
67.79,173.0139864268747,-379.58412656391704,0.1372135216489312
67.879,173.20358291692128,-379.968340894776,0.04892077374239534
67.918,173.35529383013767,-380.2880716204578,-0.013543627545459458
68.006,173.51561167618036,-380.6368209784905,-0.06970275944991045
68.044,173.6423359537833,-380.9192441845195,-0.10637045096595443
68.089,173.8234667307396,-381.32669698224566,-0.14801829107415188
68.225,173.97489570777,-381.6612208565933,-0.174310328390618
68.314,174.18392480210463,-382.1031604243705,-0.20368161247884586
68.353,174.30621006346692,-382.3498278665347,-0.21995678580719868
68.391,174.4731519454835,-382.6763245053395,-0.24245831645421845
68.527,174.6229394671688,-382.979464328634,-0.26519432521573094
68.571,174.7889461103383,-383.3589774634503,-0.29588065853093326
68.612,174.91489493693678,-383.68301577273695,-0.3336070453467812
68.653,175.03651078992488,-384.02661036579025,-0.38144277897100665
68.744,175.14916089047875,-384.3452224906306,-0.41143337498286314
68.784,175.26970260491623,-384.6865220801563,-0.4278767737473004
68.832,175.42754279070522,-385.13454590999123,-0.4265347590744568
68.923,175.51170827881748,-385.38146489799846,-0.4214137384334151
69.011,175.62344479173288,-385.7031862392737,-0.4034211797925309
69.103,175.7500331989349,-386.05199063342064,-0.37639756971137217
69.142,175.84422926414373,-386.3337937058272,-0.35733173775579985
69.181,175.94074709635103,-386.64386262944436,-0.3187017212297576
69.226,176.07490508696281,-387.05426291652316,-0.2537443495630214
69.363,176.14921281854956,-387.2676249071145,-0.21696679162681676
69.402,176.25286820709326,-387.579004732875,-0.15764958031394372
69.442,176.33934461986826,-387.8683425964261,-0.09828445748402714
69.531,176.4264948288897,-388.209282147518,-0.02616334370290474
69.668,176.48104486758183,-388.4667046938359,0.028278748501946893
69.707,176.53767816082285,-388.7932486280275,0.09516177487924438
69.795,176.58913043844225,-389.1662056192252,0.16780148368437153
69.834,176.6262353374196,-389.5042736099701,0.23015337784431722
69.926,176.66485399239724,-389.9454174133473,0.3087098054398325
69.968,176.6882924368588,-390.23082976922694,0.35873867918448354
70.061,176.71168382558318,-390.5038531252734,0.4078149789733345
70.101,176.76794637824744,-390.89114879661673,0.46333209821986543
70.341,176.85548336284432,-391.27608909890546,0.48944042357521766
70.38,176.94430227719022,-391.52195598484747,0.4822904070373113
70.419,177.06881936154963,-391.8683334048091,0.46606730460558765
70.463,177.2015076587631,-392.24847850789547,0.4439201515054947
70.505,177.27788998836965,-392.5121801404939,0.42397249152833183
70.546,177.39114972507224,-392.9378463261429,0.38639807500698
70.587,177.45627058694163,-393.19304824862706,0.3627499933289755
70.678,177.55519349500838,-393.5934699682531,0.32565265406600474
70.719,177.64565628316808,-393.9677708952405,0.292338137335463
70.809,177.7091657279716,-394.2306250261798,0.270060694556463
70.898,177.8100705306291,-394.6469928290044,0.23634967573849508
70.938,177.92095253222152,-395.10118122424007,0.20182349283413714
70.979,177.97421160287556,-395.3185894495234,0.18644183674851433
71.07,178.08240722358255,-395.7546448479075,0.15716562786187183
71.159,178.1749127008561,-396.12434822274247,0.1342117066227786
71.199,178.2644911872747,-396.4784732679949,0.11350113416796148
71.24,178.3626294818548,-396.8619666659526,0.09176134510664724
71.329,178.5001975935678,-397.3885855372477,0.06131912626986491
71.37,178.57429645728664,-397.67014029286,0.04518539256781651
71.413,178.6760141005094,-398.0526302610093,0.023388953002779544
71.505,178.78136537376372,-398.441461979721,0.0028022355266728027
71.596,178.87996100637287,-398.80204750969506,-0.013738096067726246
71.686,179.0085551878305,-399.27549814968444,-0.030268605840234386
71.728,179.11639116567574,-399.67212060080897,-0.03992822162464904
71.768,179.2191106584304,-400.0484184573662,-0.046983543561793795
71.818,179.33199606083699,-400.46313810825745,-0.0527378828695646
71.91,179.4464423933748,-400.8799376458391,-0.05702162096716279
72.004,179.5761989425323,-401.33836216517676,-0.062034531816522076
72.044,179.6969859242958,-401.75812168631313,-0.06695073722653433
72.143,179.82233198744075,-402.19258089487545,-0.07224592414956987
72.184,179.96661638404782,-402.68822894495406,-0.0791014887401218
72.224,180.07165247226183,-403.04876752579736,-0.08541099945259134
72.326,180.2432818905479,-403.63529489155746,-0.10072331042618998
72.367,180.34546262670278,-403.9740280397903,-0.11414663851502382
72.46,180.48347220078628,-404.42313771527046,-0.13830134222320112
72.502,180.6691340291243,-405.0171094496211,-0.18053804727605893
72.59,180.80436809234283,-405.4412665291327,-0.21707935518992372
72.684,180.9496602636539,-405.8921043399827,-0.26110655658368387
72.726,181.15743616746568,-406.5388545342822,-0.3335602183752826
72.816,181.23390621794113,-406.7765658199582,-0.3621957211188658
72.859,181.37515975503896,-407.21327302395815,-0.41644206172006193
72.956,181.59156311135615,-407.87760192292865,-0.4987681507770958
73.002,181.6643280036663,-408.09905885973586,-0.525667340511859
73.042,181.81363438627378,-408.55149876132697,-0.5796483768691587
73.184,181.96127062350524,-408.99813572394055,-0.630850991083463
73.225,182.04793787665994,-409.26008973506146,-0.6598795872240544
73.316,182.16374075817083,-409.6105818480039,-0.6966677764803251
73.355,182.31678458257264,-410.08194043199967,-0.7390964734346426
73.395,182.40338885418382,-410.3483759461436,-0.7592145711138016
73.49,182.54670186192894,-410.7876833826435,-0.7869679597535537
73.583,182.70871017697374,-411.2814550407203,-0.8118977459270127
73.625,182.80324556076621,-411.56739435016846,-0.8249578190197724
73.666,182.93573482889772,-411.96552225001074,-0.8424171378154881
73.757,183.12335773662633,-412.52437499148454,-0.8669986790531539
73.852,183.22268636634217,-412.82090936941466,-0.8802222361549639
73.892,183.3533320927085,-413.21080423151744,-0.8981086583918056
73.983,183.48488033236737,-413.6051969145292,-0.917680235975638
74.076,183.61466797055465,-413.99671254204435,-0.9394552187111174
74.118,183.72086747100647,-414.317792911994,-0.9600822476913038
74.159,183.83541763261786,-414.6636567829828,-0.9863757483581992
74.304,183.94453850526142,-414.9913310896768,-1.0142544423160587
74.345,184.0655122844566,-415.3524940402418,-1.0472910087279956
74.387,184.26311261852553,-415.93672240542486,-1.1040017353261362
74.5,184.3337166595042,-416.1458442250315,-1.1250161868732391
74.542,184.45703073487863,-416.5128357346721,-1.1629540242262806
74.633,184.62449073286777,-417.0159151285441,-1.2164269085826334
74.674,184.68196274729092,-417.18988414841067,-1.2354851107248521
74.716,184.729623932544,-417.3341011507833,-1.251888442402361
74.759,184.93840892099962,-417.9668258813424,-1.3279554870308345
74.853,185.06740483146675,-418.3538061472518,-1.3753506611513728
74.896,185.15051763031835,-418.6002343696284,-1.4052090986452583
75.041,185.24322063842703,-418.8736897539762,-1.4381502774468515
75.083,185.35604510856217,-419.2063903598855,-1.4774582025291352
75.326,185.47280815927405,-419.5491345348742,-1.5157293751595944
75.366,185.59869322456325,-419.917218544442,-1.5534358973738165
75.407,185.6784175384899,-420.1504061170697,-1.575780692292625
75.448,185.80615870439544,-420.52573930947807,-1.6096490984674858
75.488,185.94460135771408,-420.93480965746494,-1.643983757754114
75.529,186.05695886259076,-421.26600315072324,-1.6701834237373134
75.57,186.14074735915443,-421.5124364805856,-1.6891448650580685
75.61,186.28295141858385,-421.9294907894322,-1.7206317751647475
75.702,186.39011818053112,-422.2425039385036,-1.7433363362790146
75.745,186.51111350271447,-422.5946797553241,-1.7679378581771914
75.84,186.6869664492752,-423.10341941390465,-1.8023769554643252
75.931,186.82851452166886,-423.51013369135734,-1.8287577191970286
75.975,186.91189505981683,-423.74932014355403,-1.8436456096846427
76.016,187.09263478150592,-424.26698292955757,-1.874716263808665
76.056,187.18958034665908,-424.5451277498382,-1.8907739008819817
76.204,187.33771007052462,-424.9762205350207,-1.9147453473008795
76.242,187.48424632858783,-425.42891492654593,-1.9385956732584475
76.283,187.57132384460067,-425.7082549685817,-1.952741735329397
76.44,187.6850615317609,-426.07777433490116,-1.9710792730600133
76.477,187.82471877334416,-426.53996784428165,-1.9935487670178418
76.513,187.9055167862866,-426.8132644361012,-2.0065367345081597
76.551,188.01531600097258,-427.1901395226543,-2.0241246430684896
76.646,188.16712857989762,-427.7239526241336,-2.048715313902022
76.687,188.27164316677806,-428.1041455348618,-2.0659828706746737
76.75,188.3466601011798,-428.38412054931626,-2.0788445960630497
76.795,188.48399490858264,-428.9099489534027,-2.103833315029334
76.835,188.58288683805307,-429.2946981229799,-2.123262873634303
76.925,188.73052625234902,-429.83790020712723,-2.152640318798177
77.032,188.80675326820153,-430.1144755266009,-2.168465693887157
77.1,188.93678404876266,-430.5799346744862,-2.19687722521752
77.202,189.06107226250822,-431.0211529271691,-2.2253772060760184
77.241,189.12918566030623,-431.2605574691501,-2.241504248523455
77.28,189.22184243012344,-431.582662776037,-2.2638267754223875
77.378,189.34808032206018,-432.0182855123966,-2.294319333243692
77.417,189.42824948177199,-432.29455813983816,-2.313967632473293
77.505,189.49907368943153,-432.5377597080616,-2.3313976118269295
77.596,189.65721516992872,-433.0752062491798,-2.3712882417538594
77.637,189.76365710839673,-433.432780240476,-2.3994294558633555
77.683,189.89332596403338,-433.86450946768747,-2.434491643538678
77.773,189.98890563272988,-434.18110130778183,-2.46079004189329
77.813,190.09712081145648,-434.5387826466437,-2.4902796292805647
77.902,190.2065141173964,-434.89962241785315,-2.519507358112776
77.942,190.34130815175956,-435.3451043488688,-2.5555304974971875
78.034,190.45761719381483,-435.7275368610317,-2.587709163405833
78.131,190.59610258636874,-436.1763654266554,-2.6286463222617726
78.174,190.71416135346132,-436.5548579586321,-2.6664285916227755
78.222,190.81958481803423,-436.8946795653428,-2.70415100915676
78.358,190.93861893466945,-437.28014650917464,-2.7513754470740253
78.399,191.08410068482422,-437.75450228329055,-2.8137656041475054
78.44,191.1881715797116,-438.0955480538519,-2.859899098992969
78.538,191.33250983935625,-438.57099005712575,-2.9254949374907824
78.579,191.49075072754945,-439.0858916817308,-2.998930366129258
78.683,191.5850927710344,-439.38781682889544,-3.0442690201046787
78.724,191.7304065783258,-439.85643600273767,-3.1190958498903285
78.824,191.84655994417557,-440.2351366538838,-3.184668646265635
78.866,191.97264929660358,-440.649293001197,-3.260617593351583
78.96,192.11365166857502,-441.11183776211556,-3.3500379846830697
79.003,192.15764223892432,-441.25569810088854,-3.3785350532353107
79.095,192.37784292594935,-441.96397540548315,-3.520883172927171
79.136,192.47882482421073,-442.28092579544506,-3.585603722819883
79.28,192.6308703323949,-442.75967274726116,-3.68330849090637
79.32,192.748085053011,-443.13197396605693,-3.758213900615999
79.36,192.8840644871606,-443.578770240152,-3.8466842598228936
79.453,193.0129882556244,-444.02145257105786,-3.934253372994874
79.493,193.12010294573093,-444.40151550155605,-4.009397918682339
79.585,193.23611038770983,-444.82079537847216,-4.091072084106287
79.626,193.36938105031783,-445.3169752213887,-4.184723326684917
79.667,193.47455340698576,-445.7104879760244,-4.255038938118133
79.811,193.61030480219426,-446.21886826872003,-4.339411504748398
79.854,193.74081314516184,-446.7140328617803,-4.414198749464703
79.903,193.8203828669482,-447.03635093480426,-4.459500171924901
79.994,193.94167525453832,-447.57146171302776,-4.53240618522338
80.038,194.04942435399647,-448.05631388727375,-4.597785755720452
80.082,194.16160688283367,-448.54700447068365,-4.665667169988495
80.181,194.2754792805748,-449.03199128328157,-4.734173416542006
80.225,194.40318029653383,-449.5679837601329,-4.812062907749123
80.319,194.5228597353739,-450.0654961935647,-4.8860421879599585
80.363,194.63541459829054,-450.5250585314249,-4.956102823683835
80.406,194.76109490207472,-451.02787428375336,-5.035299078153969
80.453,194.8867207288505,-451.52069501455753,-5.115111316097398
80.555,194.98145016440247,-451.88689113721136,-5.175623637650261
80.604,195.13712666021166,-452.4731956573159,-5.2747894937986075
80.701,195.2514988029917,-452.89262611531365,-5.346395382825193
80.743,195.35326696206218,-453.26082571800686,-5.409119082122999
80.84,195.5390580718911,-453.92599984557717,-5.5198078442466
80.881,195.62991595797462,-454.25074361424544,-5.572746630692791
80.976,195.74783541093962,-454.6703173884552,-5.641395544893811
81.022,195.87848313483377,-455.1288383094268,-5.718606097716815
81.116,195.98711533024078,-455.5065466919169,-5.784658101314307
81.159,196.0913195246825,-455.86421691878513,-5.849183152480265
81.254,196.21655122316542,-456.288243389653,-5.927191537535549
81.344,196.3211112706305,-456.6408637415109,-5.9915765517970385
81.384,196.45891760173447,-457.09341062619853,-6.074994732923074
81.424,196.58569962719264,-457.4739523690949,-6.146627149180063
81.516,196.7128090343715,-457.8316414222531,-6.215879279749458
81.658,196.85305428242546,-458.2051978767361,-6.290135655029786
81.699,197.0424953004886,-458.68413780919576,-6.387306428646838
81.739,197.18893951088586,-459.03368155582194,-6.458935691963546
81.832,197.3460453812321,-459.38910257760455,-6.532930464935788
81.874,197.53040008764634,-459.78498578655586,-6.616660931581777
81.915,197.69313456956883,-460.11749918515585,-6.688243292561253
82.006,197.87059183083875,-460.46413171809354,-6.764188364015581
82.048,198.06020695962536,-460.8178199815756,-6.842964622997414
82.143,198.27157819155425,-461.19516959471684,-6.927336306889231
82.187,198.4607991821835,-461.5406324351384,-7.003408110820658
82.285,198.6666167850816,-461.93226855567315,-7.087811373774258
82.335,198.83901154476575,-462.26302392998184,-7.1577467046205925
82.377,199.02509775503353,-462.6205224563476,-7.23279216762046
82.474,199.2463611542221,-463.0429908782341,-7.322372770360033
82.523,199.42271413904427,-463.3786225992277,-7.395910757825959
82.614,199.61988782192896,-463.75141105687527,-7.480954310429752
82.659,199.85204251879225,-464.17899329775946,-7.582905427913346
82.799,200.04725099370063,-464.52430727925423,-7.669211844923979
82.839,200.26830723706254,-464.9093785739476,-7.770223886354785
82.886,200.50965181677248,-465.3212445172243,-7.884339017950509
82.977,200.75908498879213,-465.73460778329775,-8.004193804312422
83.018,200.99028912653205,-466.1081150472878,-8.118249696231032
83.11,201.2702383410817,-466.55151951868396,-8.259811834650407
83.151,201.47859229539256,-466.87652140952036,-8.36685148086292
83.24,201.65756646249048,-467.15101055485894,-8.459191692556232
83.284,201.90847801940956,-467.53060214603664,-8.588939130043826
83.328,202.03154040606742,-467.7139541445121,-8.652006772700872
83.476,202.3305244391226,-468.1574160328005,-8.80183901008536
83.518,202.56884484759388,-468.5165023564691,-8.918539265179106
83.569,202.80923119068245,-468.88583523691676,-9.031366247661339
83.61,202.9862326678791,-469.16161597578156,-9.110057888440537
83.755,203.30523558302752,-469.66210359689205,-9.236070115629701
83.795,203.42080436036483,-469.8453264431275,-9.277003790871333
83.838,203.62832271439243,-470.17680878038,-9.344191265356415
83.932,203.94461608658355,-470.6950191907294,-9.435384672468217
83.974,204.15494169311506,-471.04359764929063,-9.488618358233907
84.016,204.27437412767324,-471.24482586919544,-9.51766235900132
84.132,204.59612013157295,-471.79590970752236,-9.59291349386919
84.189,204.807695266437,-472.15859957319867,-9.637535365242883
84.239,205.04118535675548,-472.5590439833316,-9.682137120173849
84.338,205.23343813635523,-472.89522414339916,-9.71793277148123
84.381,205.42682494516438,-473.2431100009724,-9.751050276960768
84.472,205.63711105266464,-473.6175016085153,-9.782660408958264
84.516,205.78285731997084,-473.8782255381994,-9.803994865373625
84.557,206.00343046435734,-474.2757189135885,-9.836527607317407
84.701,206.20442121602736,-474.6382321905942,-9.863617546896478
84.743,206.40751201749487,-475.0031853862383,-9.885665087768558
84.792,206.60814434950595,-475.36350137366173,-9.905797194456284
84.85,206.8220102237788,-475.746365900132,-9.928254469824651
84.937,207.0354723682481,-476.1307966532326,-9.952818184667365
84.975,207.2760844652712,-476.56476629489134,-9.986785979898627
85.072,207.4578218553147,-476.8907033845728,-10.017821763218507
85.116,207.6715085472291,-477.2737802243341,-10.060407985876623
85.204,207.92210112476576,-477.7202516974378,-10.117423336715234
85.298,208.1018387657946,-478.03917545216075,-10.163701736209674
85.344,208.32076565081263,-478.42946007558174,-10.226068468276253
85.436,208.56721895491177,-478.8757148305463,-10.302054922193463
85.523,208.78073623670466,-479.2710641652843,-10.371571858462687
85.562,208.95353354087035,-479.6004476413935,-10.430012657006301
85.6,209.13944811442207,-479.9631321741804,-10.495897301551992
85.737,209.34353065361273,-480.3685457855183,-10.569992026136902
85.776,209.51554929494807,-480.72982128675653,-10.637078265048473
85.817,209.6689717267654,-481.07877031687997,-10.702671917244231
85.952,209.8186092550767,-481.4419513674954,-10.769074865518604
85.989,209.94883761275233,-481.77208859357864,-10.825953818618189
86.076,210.10437052095386,-482.1885940203207,-10.892299278386218
86.118,210.22234729497666,-482.5242447853404,-10.941981877271047
86.168,210.34658006768422,-482.89834129402607,-10.994867107841657
86.258,210.4842329004668,-483.32357138873664,-11.053285152389122
86.297,210.59531507213478,-483.6384016769108,-11.095164667396944
86.387,210.73878890485582,-484.0413673225204,-11.147517796800571
86.428,210.87582613942922,-484.4321280536693,-11.196173457376773
86.519,210.9686068129231,-484.6979324850484,-11.228081130140794
86.56,211.15786374091437,-485.2447568214373,-11.29241538337996
86.651,211.28976363496224,-485.6254743481825,-11.337739329787553
86.74,211.42532284575526,-486.01277897799207,-11.386072554605931
86.781,211.52056685793872,-486.2831263199308,-11.421432041876443
86.821,211.66732462332038,-486.69532635208486,-11.477701714894806
86.91,211.82216959276138,-487.12725041559145,-11.538350061629274
86.953,211.9397703312207,-487.452914694198,-11.584817105868382
87.072,212.07152002847852,-487.818554026353,-11.637992819414421
87.172,212.22277973518487,-488.23926865889524,-11.701456873689978
87.214,212.36217302892908,-488.63089431816826,-11.76138155766381
87.254,212.4946350504129,-489.00620970510244,-11.817735309075289
87.296,212.6272131933241,-489.3849275365095,-11.873612502932787
87.385,212.77182688226867,-489.79985497454095,-11.933975390920693
87.477,212.87888740922122,-490.10551644198915,-11.978493547114454
87.525,213.0379191934019,-490.5574894917108,-12.045291274315673
87.566,213.15851840899452,-490.8983928645989,-12.096681442672235
87.657,213.28704228426443,-491.2593606730611,-12.151039281831402
87.748,213.40552705693776,-491.5936012884542,-12.200287337763172
87.789,213.5725916999084,-492.06763441365047,-12.267374340160359
87.878,213.72905675134092,-492.51397761356355,-12.327379487959462
87.922,213.86668786328931,-492.9082739053521,-12.379077027912842
87.963,213.9705451562811,-493.2044453985183,-12.417874845061988
88.108,214.1343116221562,-493.66438505354205,-12.480402331305498
88.147,214.2992808333553,-494.1199245121953,-12.544032776508772
88.189,214.4381744954874,-494.49999754041926,-12.59832726652877
88.327,214.58757435646172,-494.9094174713541,-12.657047969228898
88.366,214.73923357783497,-495.3274991257456,-12.715952841503878
88.407,214.90363653689363,-495.78524600325045,-12.77994820864592
88.495,215.05088618699244,-496.19282706009164,-12.83827784789841
88.534,215.19823271649742,-496.599342530117,-12.8984543739721
88.623,215.3290108471756,-496.9590389192693,-12.953198477767813
88.661,215.47161930460334,-497.3493744011152,-13.013684295460479
88.75,215.63683596286737,-497.8001800286248,-13.084735178167051
88.788,215.7870740390087,-498.2138030842612,-13.149962701092363
88.877,215.90099115331176,-498.5283367140143,-13.199695121992391
88.966,216.08126548769775,-499.02878463565406,-13.278544363442762
89.013,216.21326367861045,-499.3985775425136,-13.335367889731003
89.052,216.35333333998926,-499.79125334477527,-13.393858813642254
89.186,216.51634109439328,-500.24573128038037,-13.45887545222243
89.223,216.6575321548135,-500.62281392040774,-13.51072098536045
89.26,216.8131275248632,-501.01907733842995,-13.564564322540463
89.393,216.99590237854568,-501.4719611777604,-13.626924501217474
89.43,217.14803383712533,-501.8375658495834,-13.67707343195238
89.516,217.31071007363784,-502.2202635275224,-13.729064288107935
89.553,217.48624401441052,-502.6264854065601,-13.782927041744955
89.638,217.5785819225673,-502.83709656837306,-13.810127419056812
89.723,217.8755306525767,-503.50110646542913,-13.892445294208642
89.761,218.0628006696067,-503.90939548496567,-13.941599371655002
89.851,218.18846980289945,-504.17986290314616,-13.973166723116549
89.898,218.39090106336522,-504.60759283511726,-14.019710514252722
89.987,218.58111490661017,-505.01606765583,-14.060523899132193
90.027,218.68903618835066,-505.2528153961014,-14.082664615488198
90.118,218.8843733845171,-505.6802260058723,-14.119819562388415
90.16,219.09395235207353,-506.1378212673682,-14.157321111047168
90.201,219.25689949186602,-506.49230666107934,-14.185566955818615
90.288,219.43607201206515,-506.87967971989696,-14.217224359060992
90.38,219.6456230575846,-507.33740485506263,-14.255784628847294
90.422,219.83054709409703,-507.74378586751646,-14.290672784797152
90.512,219.97976521899042,-508.0714107139392,-14.320546286776732
90.555,220.20942458086435,-508.57726849761565,-14.372201352963941
90.69,220.37915648145776,-508.95344317202506,-14.415670725534483
90.728,220.56361829663578,-509.36021836642544,-14.468198017572433
90.777,220.7724757830902,-509.8181719851765,-14.534782580980732
90.816,220.95812494157565,-510.22524650437515,-14.600005589827305
90.904,221.1686147162842,-510.6875719958993,-14.680099059900925
91.043,221.31651285884368,-511.01157828382094,-14.740249629822841
91.083,221.51345530990494,-511.4453024942998,-14.825060050836015
91.122,221.6539528662591,-511.7565638034768,-14.888454025293669
91.162,221.84887610037913,-512.1915340782891,-14.979958723867014
91.303,222.00593068372513,-512.5442206877332,-15.054750586334677
91.342,222.17050719613715,-512.9113307491203,-15.130484622573846
91.429,222.35733143310108,-513.3262323781405,-15.21209555453595
91.468,222.51824144369817,-513.6842071998789,-15.27948942536176
91.561,222.70769936633107,-514.1082020966347,-15.355479204726294
91.6,222.863662469105,-514.4552790098734,-15.413364311243782
91.691,223.00490094839256,-514.7694996045568,-15.462677465609517
91.73,223.16633132272594,-515.1295624883758,-15.516050960054429
91.77,223.3869442190158,-515.6186595572754,-15.583116185725771
91.902,223.50623037689468,-515.8798506682887,-15.615370082171324
91.941,223.70592794751133,-516.3166581712669,-15.66480753300604
92.027,223.8977314509557,-516.7377193325672,-15.708189783709258
92.065,224.02363234334416,-517.0153240590873,-15.734993069143485
92.104,224.22301624936972,-517.4577511826797,-15.777023775784357
92.239,224.42465641562183,-517.9069710298478,-15.82006357170053
92.277,224.58988091421355,-518.2735425222211,-15.857087848443115
92.363,224.76798286007332,-518.667688289083,-15.899202379963924
92.402,224.95849245214833,-519.0890439016541,-15.946905343948856
92.536,225.12505189867875,-519.4560899895296,-15.989931719660348
92.575,225.3000598516291,-519.8468032999099,-16.037417785804138
92.613,225.50050011895772,-520.3002233372857,-16.096469316691554
92.653,225.67602386111264,-520.7002185231175,-16.152338481565522
92.787,225.8486729174494,-521.0950484971,-16.21149432613774
92.825,225.99674414981905,-521.4349367853217,-16.26512379453203
92.911,226.19985874109793,-521.8996816389536,-16.341328682523084
93.0,226.39622686201358,-522.3463191811625,-16.41483471916746
93.04,226.53900173729437,-522.6714715535859,-16.466602545017395
93.086,226.7230036039166,-523.0897852140116,-16.531787984050766
93.174,226.92334388678546,-523.5439338071094,-16.602492887279112
93.217,227.0672906616528,-523.8696275948728,-16.652450032400253
93.457,227.22589510269444,-524.2270934781809,-16.705789500553635
93.497,227.4269317039914,-524.6789546404002,-16.771312275300374
93.536,227.59223880144924,-525.0488674152665,-16.823159147083373
93.577,227.77106526631687,-525.4481845886113,-16.877278016430296
93.621,227.9784364158518,-525.9135475837514,-16.940019457712452
93.662,228.18908085025197,-526.384406572249,-17.004917232893007
93.705,228.3645325339951,-526.7751285837895,-17.059519951050447
93.796,228.54504547166084,-527.1788398247464,-17.116312663143702
93.885,228.69754668877732,-527.5201414270325,-17.16410217180791
93.924,228.92934311083022,-528.039362752608,-17.236577845214953
93.966,229.07786407101804,-528.3708872376284,-17.28387009113328
94.056,229.26013297405143,-528.7809460756367,-17.345802130786865
94.143,229.45914868546834,-529.2308206447071,-17.417994294496282
94.183,229.63643516511155,-529.6338401135478,-17.485107247965203
94.27,229.82121846567975,-530.0592744231833,-17.55531149092195
94.311,229.9910541944445,-530.4504806782746,-17.616965361355454
94.529,230.20073477563952,-530.9323242067793,-17.68885215090836
94.568,230.36756852719287,-531.3107995364978,-17.744621389254007
94.609,230.56641885435755,-531.7593490351243,-17.81143421461053
94.65,230.70940112441326,-532.0803391559422,-17.85969845133377
94.691,230.9102613621178,-532.533513543165,-17.926522066040178
94.783,231.10413234031932,-532.9747771772827,-17.98768717130764
94.823,231.28010910059982,-533.3756720788119,-18.03995322540632
94.872,231.47768629148186,-533.8193097991132,-18.09531540926696
94.965,231.65160328994227,-534.196932067513,-18.145087726583654
95.006,231.83890414512192,-534.5957275965463,-18.200526818952824
95.144,232.05783521194988,-535.0532517709216,-18.269457344022726
95.184,232.23543908615676,-535.4223855599807,-18.32974797348251
95.224,232.4278755917715,-535.828935424946,-18.39864955694449
95.263,232.6226482431315,-536.2494412111771,-18.468599747922042
95.358,232.7993708193824,-536.6301923566733,-18.53050878742397
95.406,233.01864911639535,-537.1014040566554,-18.60570973564225
95.498,233.20609690336977,-537.500591986572,-18.669645063708572
95.538,233.37415218298932,-537.85604128629,-18.727650771527152
95.694,233.54468147923728,-538.2217878244364,-18.787155570380406
95.733,233.72022969260905,-538.6030028980647,-18.849321831926346
95.772,233.90658501141058,-539.0170192702802,-18.91528921364852
95.863,234.07004051011845,-539.3871599844501,-18.971768477594168
95.902,234.28367730158993,-539.8808675285068,-19.04210026358183
95.944,234.46417511954968,-540.3030058779036,-19.094893581183243
96.04,234.55181940576625,-540.5074462688469,-19.11740722659036
96.087,234.78579371394153,-541.0551767957976,-19.168258247504184
96.24,234.908134020453,-541.3434181237643,-19.190237715185873
96.279,235.07275709210631,-541.7338146147744,-19.216306036858214
96.319,235.23968608412707,-542.1298582506428,-19.240956807737263
96.358,235.42504308139263,-542.569267262672,-19.269532736460235
96.399,235.5910524109566,-542.9624648071401,-19.294271391495187
96.553,235.8472409958148,-543.5468920491468,-19.32941900515374
96.594,235.9781335165432,-543.8400454957156,-19.346422231069965
96.636,236.16408260357514,-544.255067590763,-19.370089826952892
96.759,236.42327910916447,-544.8363204783085,-19.4056842739366
96.804,236.52903592673056,-545.0733396348546,-19.421451280011894
96.897,236.75561526459535,-545.5744665986266,-19.457403135547366
96.939,237.0228116298749,-546.1487692123259,-19.501899962721865
96.979,237.16717523699793,-546.454598172272,-19.52558649084645
97.073,237.36445376040774,-546.8718037836818,-19.557275306658283
97.115,237.5964548304384,-547.3669277962821,-19.593290891152236
97.209,237.77096567572374,-547.7428260079181,-19.61906417841115
97.251,237.9549710041422,-548.139949215943,-19.6454275769847
97.294,238.18567099118212,-548.6428562651844,-19.678653182260206
97.389,238.35040785289058,-549.0032542457652,-19.70124479474248
97.489,238.50092691222028,-549.3338324866143,-19.72142013793976
97.535,238.7578222505403,-549.9005311128369,-19.754806462666465
97.581,238.9333629485605,-550.2868468431001,-19.77589340181541
97.625,239.08976968519113,-550.629826475708,-19.793375923387202
97.719,239.37309171567043,-551.2540050696451,-19.827405449848243
97.761,239.59124808444693,-551.736416999038,-19.859252937320434
97.853,239.68775335064856,-551.9500307191728,-19.875375973181406
97.97,239.92226206639245,-552.4699041526541,-19.921767525461206
98.035,240.11791688206557,-552.9030938558486,-19.96707130034676
98.099,240.20938761166244,-553.105153724767,-19.98952270896811
98.163,240.45380734097128,-553.6425875755201,-20.051750147389413
98.227,240.61930998084273,-554.0091708719209,-20.09634720852634
98.273,240.8200426673377,-554.4558397601398,-20.152711714961555
98.322,240.98068929079267,-554.8125441994337,-20.19958053223482
98.411,241.06569739218884,-555.0007186223762,-20.225386170915243
98.452,241.18623332327965,-555.2673161763263,-20.26310579346608
98.546,241.39743803135224,-555.7344725634052,-20.33012988509597
98.587,241.57299281029407,-556.1225754424327,-20.384698406405192
98.68,241.7597792960221,-556.5352589899079,-20.440349015919026
98.769,241.86857605723583,-556.7780019007452,-20.471121477438913
98.811,242.04451091410658,-557.1741692342439,-20.517907022257532
98.901,242.21054096093394,-557.5499394400537,-20.55945678516619
98.945,242.31332849517025,-557.7816795465827,-20.584662147382886
98.986,242.51646925810994,-558.2396106671002,-20.633329869720967
99.045,242.6718512481014,-558.5899481701878,-20.668325694630596
99.19,242.81717651254246,-558.9155380595753,-20.697697266113153
99.231,242.97514743528347,-559.2675437243129,-20.726224752983143
99.324,243.16027728263072,-559.683558196819,-20.755863848978493
99.364,243.3028539823377,-560.0058707803989,-20.77573380178376
99.485,243.45751941590706,-560.3556755021106,-20.79395788630032
99.524,243.6471092051924,-560.7859839621484,-20.813046762070854
99.614,243.76223924140137,-561.0497496252809,-20.822894907441793
99.658,243.95267041192483,-561.4878715726547,-20.836636811815623
99.749,244.147359793011,-561.9360049533203,-20.848714423400196
99.791,244.2697077478407,-562.2178641163731,-20.85580313984468
99.883,244.47682053337897,-562.696738232883,-20.867094171925743
99.925,244.69151700486677,-563.1866874393527,-20.874297401052985
99.966,244.85573930971037,-563.5587715661991,-20.875979651854095
100.062,245.0355629813148,-563.9636176619115,-20.8755996644484
100.108,245.24096368894027,-564.4317295988291,-20.876758085556418
100.2,245.42775597556187,-564.8611259996693,-20.881890360138726
100.241,245.60885000354736,-565.2808095252468,-20.89285268765323
100.284,245.71355777049897,-565.5254742867404,-20.901412481654745
100.379,246.00765837188374,-566.2074038365687,-20.927392868236012
100.427,246.22509244727325,-566.7042684532775,-20.947218386841
100.53,246.4076197538256,-567.1240396571072,-20.965814223256217
100.578,246.59201543484153,-567.5436602961942,-20.99141941959462
100.633,246.77270231699822,-567.9514218879727,-21.024767129703775
100.679,246.9085501450437,-568.2587810186901,-21.05506251741471
100.775,247.16675923940028,-568.8435585462538,-21.12110037562664
100.868,247.38563898357287,-569.3356208598905,-21.18309009210276
100.909,247.49331994620678,-569.5770660318303,-21.215406038140998
100.997,247.7564535033681,-570.169401355716,-21.298796003555992
101.086,247.9808193962827,-570.6639969658748,-21.376835995767834
101.129,248.19192504023783,-571.1216637428367,-21.457306328929235
101.175,248.34914768646848,-571.4584128400086,-21.518627542125216
101.27,248.59589470948356,-571.9768787344947,-21.6162119811772
101.31,248.72168336527614,-572.236217519855,-21.66698905404965
101.349,248.86678277358465,-572.5361694413598,-21.72684210324553
101.486,249.0652183649931,-572.9497062042226,-21.808657018310072
101.528,249.26054718544236,-573.359304479595,-21.889047637400665
101.619,249.4204736997865,-573.6958529071508,-21.95430856910869
101.661,249.58041711048918,-574.0336397841638,-22.01649377654985
101.768,249.74769226661283,-574.382912915738,-22.076742640607563
101.811,249.91012631683765,-574.7198284762062,-22.131064851882627
101.854,250.06770615958055,-575.044998565291,-22.180133212558843
101.954,250.22879358413581,-575.3783736732568,-22.226884386292397
101.996,250.38785429392922,-575.7111610120969,-22.270647651103616
102.144,250.57190294732115,-576.0996956031647,-22.32032903499652
102.185,250.76693646669497,-576.514141436614,-22.37310572735211
102.228,250.91098562570278,-576.8249890532792,-22.411141117147565
102.325,251.06974923195767,-577.1701318680801,-22.44924500566478
102.367,251.26302655938815,-577.5944092756265,-22.492514792598087
102.423,251.38335006170337,-577.8600624158495,-22.518551771506907
102.465,251.57875961620033,-578.2921487382015,-22.56022060826993
102.519,251.7673492855887,-578.7079025820673,-22.60092489538576
102.619,251.93865952954815,-579.0839847425597,-22.638527018337214
102.713,252.11009892228446,-579.4604326513894,-22.676629500759105
102.756,252.29932548062112,-579.878014344003,-22.718030698523535
102.8,252.46976982618952,-580.2599613969828,-22.755646974192672
102.843,252.56504836837235,-580.4748042810551,-22.776845045105688
102.988,252.67125669102705,-580.7147895742228,-22.800639842618892
103.032,252.9717917358111,-581.3905716180146,-22.870178183287663
103.074,253.1719947237064,-581.8354608769379,-22.918237639737754
103.222,253.38763797274933,-582.3134673339404,-22.969520720671852
103.264,253.51723948557134,-582.5992708713264,-22.99949053311522
103.308,253.7622748597106,-583.1367452198309,-23.054885651791068
103.351,253.95133479921512,-583.5518318933994,-23.096300334358972
103.448,254.08474908313897,-583.8443627760079,-23.12476467234032
103.49,254.30102190267849,-584.3142547218938,-23.170853748430375
103.59,254.5137603356718,-584.7725178188634,-23.216152396027184
103.634,254.7043876406442,-585.18328238953,-23.258815347921768
103.727,254.92949959316584,-585.6640846503882,-23.312301373684136
103.769,255.0725921500717,-585.9693496756464,-23.348360473803524
103.869,255.30557893049172,-586.4701061287905,-23.409206374206576
103.912,255.4117683086422,-586.698875116359,-23.437198315771923
104.006,255.7195040411668,-587.3613027547726,-23.520009488751185
104.05,255.92379750526712,-587.8038040677302,-23.576553975510933
104.144,256.0744227374237,-588.1324213920373,-23.61989358408951
104.185,256.30990710155953,-588.6525837051328,-23.688777843395656
104.28,256.5004931351076,-589.0765930719863,-23.744800230856185
104.372,256.6927936883752,-589.507921165118,-23.80102250740441
104.414,256.91097121903044,-589.9986494405682,-23.864512770456145
104.455,257.0393881898809,-590.2865528343674,-23.901805420562027
104.552,257.2260112578001,-590.7040395654219,-23.955525525846156
104.594,257.4127753572257,-591.1213917608592,-24.007400692258557
104.637,257.5318269982406,-591.3885138129526,-24.03912279324416
104.794,257.7279910411982,-591.8297597652094,-24.089814074543057
104.836,257.89254568912406,-592.2003932607811,-24.131277446513025
104.877,258.11847021551864,-592.7036820853638,-24.18858320850515
104.976,258.2671863468845,-593.0309446998682,-24.22708550956267
105.019,258.4338644560664,-593.3937786187731,-24.27008388648531
105.113,258.6309482824984,-593.8178005131334,-24.31997581930321
105.156,258.80417505038986,-594.1867145348232,-24.363414502736475
105.252,259.0124052801003,-594.6327075792698,-24.418053317926592
105.299,259.1701692560405,-594.9709369551031,-24.461619440949704
105.343,259.33960914625027,-595.3336335862604,-24.510085785876157
105.436,259.57633488992565,-595.8402523014545,-24.579390162726327
105.481,259.70736704021886,-596.1214865597634,-24.61909717988607
105.525,259.88439420282424,-596.5018364450877,-24.67371761692081
105.572,260.1038495156156,-596.9711023321819,-24.74321403848481
105.666,260.2733296908437,-597.3333979648986,-24.801556151520828
105.812,260.4896562190973,-597.7981398342706,-24.882526575114213
105.853,260.69150017389575,-598.2290228770862,-24.961700554233715
105.896,260.8349260890791,-598.5328396287687,-25.02050739651898
105.994,261.05502990618805,-599.001080835116,-25.118107677420255
106.035,261.2690837334851,-599.4575081643009,-25.21958203571168
106.082,261.47141608255913,-599.883184399065,-25.320824871457887
106.177,261.62091002220205,-600.196596567543,-25.399059862398445
106.224,261.8551841722522,-600.6879508476554,-25.525628892146017
106.272,262.02716275488797,-601.0455493891064,-25.619556859952127
106.385,262.20570633621526,-601.4161214964053,-25.71789030645806
106.427,262.3878628014495,-601.7917785910558,-25.81715830071525
106.53,262.5507668806484,-602.1295462451612,-25.9046997411713
106.577,262.77949957418207,-602.6090922554478,-26.023247940275155
106.619,262.9513336814108,-602.9714132301618,-26.104908427728844
106.769,263.07540982240005,-603.232648854009,-26.158544685091613
106.811,263.2680628828593,-603.6416248713356,-26.23456785381788
106.861,263.43633162560496,-604.004908623641,-26.29437598641593
106.905,263.58982993189045,-604.3364564745226,-26.341902233880347
106.947,263.7847646468038,-604.7562298916295,-26.39259390211592
106.992,263.92979376718745,-605.0690069500972,-26.425331665570724
107.141,264.1448592682752,-605.5375052560446,-26.4677127805262
107.186,264.3189257333084,-605.9154247226637,-26.495693864097802
107.229,264.49805013800824,-606.3044196568335,-26.520165650528156
107.374,264.70035908869284,-606.7452816248476,-26.544297783320047
107.416,264.88065453342256,-607.1391243891941,-26.562956539913046
107.458,265.0691768480573,-607.5534632374374,-26.58144022434041
107.506,265.2712230772049,-608.0102315419351,-26.60419991349454
107.55,265.440122626046,-608.4205165935911,-26.628921149264926
107.654,265.61362706393044,-608.8853117394677,-26.66347796902153
107.745,265.75263974077484,-609.2785734832099,-26.698621214088774
107.783,265.89494875624695,-609.7014052799784,-26.742206105001287
107.821,266.0429846309304,-610.1723247780809,-26.797179571724058
107.928,266.17719542428637,-610.6416868361945,-26.859644873236334
108.019,266.2677014944815,-610.9799701670593,-26.9089625845628
108.115,266.3936710911785,-611.4911034567975,-26.988552183048938
108.157,266.4808346587508,-611.8791890753554,-27.05320674540684
108.249,266.56560839151916,-612.2804692989315,-27.12352015966303
108.288,266.6746432698244,-612.7645018021574,-27.21146810310273
108.379,266.7603434520301,-613.1336147381247,-27.27855367972495
108.419,266.8737844229455,-613.603609204288,-27.36275435956742
108.472,266.99122537637845,-614.0728865355575,-27.44321674353921
108.558,267.0671213108382,-614.3660947970707,-27.49104229227251
108.601,267.18647034032676,-614.8146880447455,-27.56032002855602
108.641,267.3120279282333,-615.2686620368565,-27.625834664854693
108.778,267.4122609883459,-615.6210729879247,-27.673026473711218
108.867,267.52019889771987,-615.9974912310815,-27.72012169720705
108.917,267.6191630777257,-616.3356526707362,-27.76281469029277
108.959,267.7691903046493,-616.8329722758134,-27.823358519386034
109.002,267.87990464284223,-617.2147295467502,-27.863806976183724
109.093,267.9766421684765,-617.5482819762232,-27.89554959188513
109.184,268.1231268162201,-618.052009033623,-27.941948823590394
109.225,268.24134788553073,-618.451777831221,-27.98103358489132
109.319,268.3451856842233,-618.7993111823893,-28.018808028506243
109.359,268.50629621459325,-619.3087011732663,-28.092252258108374
109.446,268.63795002561596,-619.7100103865139,-28.16390717374742
109.486,268.78059256209093,-620.1476750039088,-28.248692861303198
109.579,268.92207837351873,-620.5948201050426,-28.33885708450248
109.668,269.0272435308341,-620.9281696183165,-28.407398145097602
109.707,269.1823014801363,-621.4111039847108,-28.511732316270297
109.748,269.3015548810182,-621.7795524449065,-28.59660902190518
109.79,269.42707032357407,-622.162855625241,-28.691036686589882
109.93,269.5821652159288,-622.6379421955661,-28.813963326898744
110.017,269.698389169537,-622.9870432091743,-28.908964935109395
110.055,269.8206707255604,-623.3458389157443,-29.01189845552622
110.1,269.94741192750723,-623.716894666124,-29.119995120956617
110.141,270.0822737883412,-624.1096499511059,-29.231439319532512
110.288,270.20076938598027,-624.4546668171633,-29.326458766377982
110.326,270.34185438977767,-624.8718451806103,-29.435818849372083
110.414,270.44673632458245,-625.1896680613921,-29.514736896220768
110.453,270.5598644954796,-625.5336177798707,-29.596826828971473
110.54,270.69757073243545,-625.9487027077732,-29.692007532197408
110.579,270.7865077100148,-626.2135846449016,-29.75190005956256
110.667,270.9238409767622,-626.6204990508501,-29.84179727687558
110.705,271.03863363015296,-626.9597884851314,-29.915590991554637
110.792,271.19331160623017,-627.421814168794,-30.014286396743927
110.831,271.3202306064178,-627.8037202952498,-30.094051935639385
110.871,271.4949151819591,-628.3249962906174,-30.201661281141668
111.007,271.59213290824033,-628.6125614849321,-30.261119539748336
111.046,271.74237238998927,-629.0563390691763,-30.352985017049036
111.085,271.8719039759037,-629.4420342445533,-30.43337423305013
111.173,271.96200701804435,-629.7165634755953,-30.491900628479556
111.26,272.0896271815651,-630.130505100977,-30.581953548695793
111.346,272.1924653786827,-630.4964205956031,-30.662197721914566
111.43,272.3057634660631,-630.942167362408,-30.75855824727617
111.466,272.3715574935309,-631.2244145573379,-30.81867255181419
111.554,272.46514281877023,-631.6520500758907,-30.907687847953326
111.6,272.51778340053124,-631.9113248939336,-30.96002589079717
111.673,272.5944291106193,-632.3196271442213,-31.039593752344047
111.756,272.6476581633515,-632.6388750614313,-31.099322651921455
111.846,272.70859959627865,-633.057246015125,-31.174933026496035
111.885,272.7521418384257,-633.4046111714473,-31.236276704286695
111.923,272.809691118151,-633.7994344287863,-31.30450351718801
112.057,272.86874560335264,-634.1493429000082,-31.363936114564808
112.095,272.92915189924133,-634.4911784536808,-31.421727586785323
112.181,272.99539675592223,-634.8423559500038,-31.481316461861127
112.218,273.06328050362004,-635.1979228380628,-31.542358217391524
112.258,273.1400554809082,-635.5926433854576,-31.611414901563307
112.343,273.2025604214089,-635.9017094179176,-31.66610754966149
112.431,273.270322242788,-636.2258438074907,-31.723882555364696
112.469,273.33908630015134,-636.5471939338606,-31.78128247626327
112.556,273.4336035896441,-636.9771206351792,-31.85826469332659
112.645,273.4863786903757,-637.2118791383774,-31.900228050260864
112.689,273.5693099695425,-637.5705443752844,-31.963884791570308
112.726,273.64930116322716,-637.9372646464209,-32.02875345437258
112.862,273.6976729388079,-638.1672085290592,-32.06933631344717
112.9,273.76899113735533,-638.5316347290023,-32.13343046822615
112.937,273.8372891419792,-638.7800407462254,-32.226962319901105
113.069,273.929969105911,-639.0783439423399,-32.36283644978661
113.106,274.0033665706506,-639.3271467385399,-32.46765657026782
113.144,274.08767842718106,-639.6251959941176,-32.58265564712133
113.19,274.13862115324895,-639.8079166774537,-32.647104931078644
113.275,274.21740416805505,-640.0945478291187,-32.73771559481156
113.416,274.2957504629269,-640.3851558767165,-32.81570821494071
113.457,274.3463619771597,-640.564525008347,-32.85782349618083
113.547,274.42785760351205,-640.8455012615251,-32.91606776751553
113.585,274.49925665999206,-641.0887997296104,-32.95942412818442
113.625,274.5742207566394,-641.3389191976854,-32.99744939993272
113.723,274.65106621033686,-641.5445133976906,-33.0454269012026
113.808,274.7462411554968,-641.7022313771698,-33.13397258740707
113.894,274.8450678827337,-641.8671094731916,-33.210364598511944
113.932,274.9366487815131,-642.0188649754966,-33.265172681575734
113.97,275.0412204694347,-642.1925022376939,-33.310064252086676
114.103,275.12216894279146,-642.3173330515541,-33.34036496017205
114.141,275.21870692509987,-642.4651034950393,-33.36367102748267
114.179,275.3040465290568,-642.6009307202045,-33.36898010573907
114.268,275.3772976790901,-642.7197133248769,-33.361479546798904
114.314,275.44371170546725,-642.8344343076784,-33.346226742884056
114.36,275.49067032661276,-642.9407303957107,-33.328669360360436
114.445,275.53066791608796,-643.0320200870327,-33.300894045947814
114.584,275.5790700873182,-643.1444253629245,-33.250182207715795
114.622,275.62027292657655,-643.2169054359283,-33.22023533811836
114.708,275.65135984438126,-643.2752660380653,-33.22726219045387
114.747,275.6774792867955,-643.3732952393973,-33.23060789408129
114.786,275.693940299881,-643.4787669631642,-33.22695952763678
114.875,275.7039554957204,-643.5664427594999,-33.220076702764004
115.008,275.7202532531044,-643.7511696484568,-33.19694665117004
115.046,275.7396000434135,-643.9122256034859,-33.168673224310055
115.085,275.78640253831713,-644.0343439043892,-33.1687549201074
115.124,275.84348064634594,-644.1267552857558,-33.17845756755594
115.214,275.94254777381633,-644.2760007299531,-33.18812368612035
115.254,276.02650681636675,-644.4051972321346,-33.1890704557768
115.352,276.1306495769524,-644.5577475951225,-33.20536882316472
115.428,276.213920307596,-644.6844179414788,-33.22124841427251
115.515,276.30037759805685,-644.8198493312578,-33.23608391577403
115.559,276.3723898900085,-644.9361400912926,-33.24543946773406
115.597,276.4383356748959,-645.0458223897068,-33.25043920560259
115.689,276.50924364915903,-645.1685925105754,-33.251236860150925
115.732,276.55812980667366,-645.2564318623043,-33.24855367824796
115.871,276.624987532217,-645.3917450356867,-33.235623362460814
115.913,276.6893437632517,-645.5378287836168,-33.21051265136364
115.957,276.74608382669624,-645.6615494341935,-33.18633616315134
116.047,276.80641142530703,-645.7934357637728,-33.159369590087266
116.093,276.87698761665564,-645.931804507157,-33.13108955300282
116.138,276.9645128516629,-646.088176058739,-33.09915125588725
116.229,277.0701167556804,-646.2363101931342,-33.07295834758139
116.271,277.1958059958504,-646.3986852625764,-33.05656878794963
116.407,277.3126927734863,-646.5438582237873,-33.053388997163125
116.451,277.463262460239,-646.7266454898544,-33.063418637923945
116.495,277.5760095601112,-646.8655110041666,-33.07911136409331
116.547,277.69695871834745,-647.0148051883438,-33.10226473626301
116.645,277.8215720430228,-647.1703894906395,-33.130684494842114
116.69,277.9364145274505,-647.3167239073348,-33.158763540246525
116.815,278.0643425328094,-647.4820671818658,-33.19030447738098
116.856,278.220015209096,-647.686916203817,-33.22650092523705
116.947,278.32261718572624,-647.8243432739712,-33.24832112473405
116.988,278.4873584937966,-648.0496351449299,-33.28080052623929
117.077,278.6418750560902,-648.2631803092783,-33.30922187824106
117.124,278.7834291733313,-648.4609998640783,-33.33380903857483
117.176,278.97429263982497,-648.7300060157146,-33.36519917171768
117.22,279.14075503904064,-648.9676047740234,-33.39161454487149
117.373,279.30228985756094,-649.2013521752682,-33.41668143953211
117.416,279.4768041738058,-649.454821596455,-33.445099132349355
117.458,279.6596024575594,-649.7209101488808,-33.47747521039878
117.501,279.86878752117923,-650.0270812758018,-33.517092088497634
117.6,280.0537160311726,-650.2993661516197,-33.55368999980021
117.656,280.2433602731545,-650.5839366252618,-33.59139239139361
117.7,280.4455096981476,-650.8947554490962,-33.63098116425158
117.794,280.6240257499014,-651.1733531325448,-33.66390020693868
117.84,280.87624380086106,-651.5722348007221,-33.706310112987524
117.936,280.97256587210745,-651.7261116420835,-33.72138461400817
117.978,281.1870868043863,-652.0683913462354,-33.755005994059246
118.123,281.43093859137946,-652.4558736454142,-33.79424305324085
118.165,281.5845770114999,-652.6984205593761,-33.818942865140514
118.206,281.7690838070019,-652.991462807919,-33.84775464712234
118.3,281.95771483555586,-653.2979550623105,-33.875383556633864
118.348,282.1659830088039,-653.6471135933131,-33.90488417012364
118.401,282.31832573875465,-653.9074749092151,-33.92527025698615
118.444,282.5476477355564,-654.3045640330421,-33.95464571098668
118.569,282.7755310091978,-654.6955715114491,-33.98387944154689
118.633,282.94231056093224,-654.9764743424313,-34.00590523115406
118.687,283.1763231398846,-655.3622438120432,-34.03715851338961
118.78,283.4064917019718,-655.7368092263893,-34.0671536160915
118.821,283.57623139395525,-656.0169157090571,-34.090679120886364
118.917,283.8467735159035,-656.4731239221088,-34.134980334239486
118.959,284.03389683638653,-656.7934584237286,-34.17025563274734
119.052,284.2373073924289,-657.1413147521736,-34.21184070914882
119.103,284.4283840735246,-657.4629580526661,-34.253068696966864
119.146,284.66234612219034,-657.8534345193314,-34.30429559005063
119.251,284.8721846614792,-658.2033869637163,-34.34965398732663
119.343,285.09873953420174,-658.5800856281962,-34.39613766364988
119.384,285.38080667222107,-659.057520911514,-34.45166613158909
119.475,285.4882256478516,-659.2442199629268,-34.47264526948675
119.517,285.68667868514336,-659.6055730921156,-34.51294705806072
119.609,285.87874946099794,-659.9843827660761,-34.55504033612374
119.652,285.98565175512755,-660.2064007783896,-34.5795529849899
119.693,286.2841247319913,-660.8600155773127,-34.64930770537859
119.741,286.3961302219048,-661.1201639802839,-34.673534770636024
119.847,286.5217127536472,-661.4236429269902,-34.698547409973315
119.933,286.7566529694815,-662.0297200879527,-34.741752812354775
119.971,286.8306349806718,-662.2333963708223,-34.75501873802921
120.06,286.96771164485347,-662.623099477172,-34.77938117238318
120.149,287.14889444898864,-663.173512881055,-34.81381990039273
120.198,287.21586465284787,-663.3815641751207,-34.82769563829581
120.282,287.36493688696737,-663.8360767628235,-34.858844075093145
120.32,287.5036899718135,-664.2779603814419,-34.88687221867633
120.409,287.6119225787692,-664.6377381522587,-34.90726126951148
120.447,287.7247029079384,-665.0250665220016,-34.92810053908997
120.489,287.82214565005876,-665.3690941635627,-34.94644607915558
120.577,287.9568307490697,-665.8637317194796,-34.973204820748606
120.618,288.0595076677925,-666.2561510765008,-34.994317025499356
120.706,288.16025430691366,-666.6439365455057,-35.01485709934457
120.749,288.2707675409236,-667.0815053960432,-35.034634258865765
120.901,288.34867246170285,-667.4104525503963,-35.047456289829654
120.941,288.48523244882483,-668.0257951311346,-35.06987859766386
120.985,288.5510205839489,-668.3185781945984,-35.07960886865345
121.077,288.62547404206435,-668.640735224203,-35.08899043846881
121.166,288.7918184272007,-669.3338256498795,-35.11021894229032
121.204,288.8403159446916,-669.5373845475382,-35.11861957646053
121.293,288.9442152659118,-669.9950635947187,-35.14159057810764
121.332,289.0091205912811,-670.3573086266354,-35.16547015935686
121.429,289.0320929988941,-670.5094415505172,-35.17721221505974
121.473,289.08130558474244,-670.8476518902062,-35.20725012507887
121.56,289.1170841071412,-671.1163232133341,-35.234692573870234
121.603,289.13044629204313,-671.2229295413463,-35.24651939150681
121.747,289.1559619018169,-671.4279751759098,-35.27058518720469
121.786,289.1723536265562,-671.5697865451683,-35.28753923654364
121.829,289.19574551293596,-671.777033895418,-35.310624935151935
121.868,289.20419019860157,-671.8583667337291,-35.31807359479461
121.959,289.2188040872869,-671.9830370481495,-35.32731712403813
122.047,289.2282432465454,-672.0363482786097,-35.3300578467792
122.086,289.23974851587474,-672.0828493213072,-35.33218729634655
122.174,289.25031494262026,-672.1248605644023,-35.33437966756293
122.26,289.26796108760766,-672.1901401488154,-35.338190760939
122.299,289.28074151643466,-672.2350632510439,-35.340999502856164
122.347,289.29630614911855,-672.290577653021,-35.344523696691596
122.436,289.30351760950157,-672.3160824244927,-35.34612483511137
122.475,289.31338951109257,-672.350671341655,-35.348414147731944
122.627,289.3232084972413,-672.3840101403808,-35.351039993449064
122.671,289.3267182555582,-672.3955577725654,-35.35214665204484
122.713,289.3334978857055,-672.4171180584059,-35.35469081331527
122.813,289.3398909484049,-672.4391200333066,-35.35807848358843
122.856,289.3438403037468,-672.4540280165509,-35.36072655292452
122.897,289.3476351776335,-672.468166620752,-35.36306376236246
123.091,289.35805615846573,-672.5065503971442,-35.36830958174224
123.134,289.372561884325,-672.560131317355,-35.37428630484874
123.261,289.3835995487098,-672.6010177612914,-35.378337365406196
123.303,289.40728988184196,-672.6900540466827,-35.38651708803877
123.344,289.42594115375414,-672.7614425424371,-35.3930332404681
123.385,289.44042522111005,-672.8171914451526,-35.39822093996247
123.43,289.4715058961072,-672.9381980287753,-35.41019680090241
123.472,289.4998577232585,-673.0498160805276,-35.42240920971082
123.515,289.5143651168508,-673.1069765896767,-35.42900751650251
123.558,289.5579849123229,-673.2789446102713,-35.449911340246615
123.654,289.58858644214536,-673.3987543787177,-35.46524350651768
123.695,289.60665603819956,-673.4693011376812,-35.474527102210004
123.787,289.6554418937104,-673.6592789006619,-35.50022672870173
123.88,289.70032610797455,-673.8327272375399,-35.52426588866149
123.922,289.7226353265897,-673.9185896514466,-35.53626578217637
124.021,289.7827961910476,-674.1494955283524,-35.5686630260758
124.155,289.8154011922761,-674.2741834919444,-35.58606770171917
124.194,289.89403408890576,-674.5767491342881,-35.6285497817141
124.234,289.9298202066798,-674.7146454420364,-35.647907313141445
124.273,289.99022745457023,-674.9454958463938,-35.68075466893583
124.313,290.05447186740884,-675.1914457153362,-35.71568484058312
124.457,290.10059129191256,-675.3655074081928,-35.74086129735838
124.5,290.18074351841994,-675.6624220004109,-35.784076950023376
124.54,290.2354353312573,-675.8625049061583,-35.81323529582204
124.633,290.30071595039385,-676.100797127171,-35.848322082548066
124.726,290.36785594567505,-676.3470496401012,-35.884359152858764
124.765,290.4518813201762,-676.6558728239556,-35.92924676079389
124.853,290.5262030143705,-676.9280988651642,-35.96921825568012
124.893,290.5860991377574,-677.149308888172,-36.002431458281166
124.932,290.6766319141013,-677.4836229547416,-36.0539273165989
125.069,290.750799923157,-677.7554098757289,-36.096091064737664
125.116,290.8300959125908,-678.0430844715441,-36.139828399728344
125.155,290.88979898366097,-678.2564780823554,-36.17202991879455
125.243,291.00536234188996,-678.6688008548855,-36.235099196196416
125.334,291.10393368659334,-679.0195776245755,-36.28884667163919
125.426,291.20880803226,-679.389953500304,-36.34453698707631
125.467,291.224032420753,-679.4430560567046,-36.35233972000509
125.507,291.38112296679753,-679.9894580961553,-36.429138642616834
125.595,291.4873538606128,-680.3587065106142,-36.478946899913524
125.637,291.5420949171121,-680.5480411484606,-36.50432030297776
125.677,291.67226314917866,-680.9914789506666,-36.562279617264835
125.725,291.7860129863872,-681.3780596755344,-36.61234169219662
125.865,291.8804692448815,-681.6982441105977,-36.654171033812446
125.959,292.003589726873,-682.1120752585622,-36.709737737396324
126.001,292.1084078773555,-682.4598562465626,-36.75655368142898
126.042,292.2156941851598,-682.8138781257359,-36.803369881642595
126.082,292.3472688094026,-683.2456475147734,-36.85924741718247
126.178,292.4475545562966,-683.5711741261723,-36.90088813731427
126.219,292.5591621529068,-683.9305943630515,-36.94679664482146
126.267,292.673863204962,-684.2998614236789,-36.99491542698371
126.364,292.81299852752727,-684.7433157493181,-37.054371994344876
126.429,292.9319913123741,-685.1177179420646,-37.10714745395086
126.521,293.07110038212124,-685.5530778545601,-37.17164646110402
126.562,293.19940523936157,-685.9547167141832,-37.233346261911095
126.658,293.2843058799991,-686.2199910253726,-37.27486515721486
126.749,293.3995853924549,-686.5814375672153,-37.33136358128456
126.791,293.56455902282187,-687.0956447217102,-37.410259249152034
126.881,293.64875817698413,-687.3549102056276,-37.44810989273262
126.921,293.83720965269947,-687.9294582949503,-37.52738988499428
127.011,293.90188808055836,-688.1259071899307,-37.55309458035046
127.054,294.04093379849496,-688.5488453379617,-37.60692101161561
127.204,294.18031938837277,-688.9755387413365,-37.66119937606578
127.244,294.3145275062171,-689.3886892157246,-37.71425563641117
127.285,294.39287388790274,-689.630692439865,-37.745948501795056
127.327,294.5491887088525,-690.1088158544391,-37.80837028822407
127.374,294.6714909831172,-690.4758757632262,-37.85371997499814
127.517,294.75794849224746,-690.7340748674651,-37.883919691046316
127.556,294.90234866181083,-691.1661871789798,-37.93066178511856
127.648,295.053861397909,-691.6220193620062,-37.9767139801649
127.689,295.1886613561799,-692.0310299667084,-38.0179313236718
127.73,295.28963898349735,-692.3372711678311,-38.04968636515326
127.818,295.4405946009243,-692.793020854894,-38.09948184831359
127.906,295.55396286330205,-693.1300409551543,-38.13828731251297
127.943,295.6832105798672,-693.4894085595148,-38.17934891073509
128.03,295.856780786284,-693.9303301682503,-38.228520724731425
128.073,295.9948570292884,-694.2524816756629,-38.263028447552784
128.113,296.1506228323373,-694.5977866061587,-38.29894501358973
128.251,296.37642185398215,-695.0786469771946,-38.34858889020873
128.299,296.5040781662799,-695.3388444566705,-38.37558360087124
128.34,296.68164617403,-695.6864650721607,-38.4123996035114
128.48,296.9506902156598,-696.1863518468297,-38.46733377990307
128.519,297.09660429582397,-696.4450977569916,-38.496780220214475
128.569,297.3386448431772,-696.8571795823395,-38.54516380253148
128.618,297.544095734316,-697.1905439479675,-38.58738424355039
128.712,297.7591620170806,-697.5471015076378,-38.63754810693021
128.753,298.0070487196788,-697.9783685330556,-38.70654156833996
128.799,298.26366438185005,-698.4228214588327,-38.786923964481446
128.891,298.42852184752826,-698.7095936959365,-38.84444416700626
128.981,298.67356645504333,-699.1378801700217,-38.93782063882696
129.023,298.87693941276734,-699.4929678480163,-39.02083688968156
129.115,299.07603538965543,-699.8407799745232,-39.10700604140277
129.157,299.31427969065555,-700.2554693769357,-39.21630338094889
129.202,299.55213307831764,-700.6689592954382,-39.33108636051884
129.293,299.7331287496896,-700.9854717061934,-39.42083115461429
129.382,299.9213344041684,-701.3188183413429,-39.51485991529006
129.421,300.0996376464657,-701.637566606517,-39.603490952243135
129.464,300.3076519672867,-702.0124686204815,-39.7046402691941
129.554,300.4851663454581,-702.3350498555167,-39.78738182727909
129.649,300.7003504566503,-702.7272293446817,-39.88030295140288
129.692,300.86880479336867,-703.0345596817011,-39.94734605602781
129.793,301.0468518198553,-703.3594479739087,-40.01376859900233
129.856,301.21768589785574,-703.6737678306242,-40.07363097093173
129.907,301.43331247960964,-704.0727902090862,-40.14229208035391
129.95,301.61935495545663,-704.4177395180894,-40.19640533745854
130.047,301.85302461965426,-704.8521419665108,-40.26064611136081
130.138,302.0310996610103,-705.1824181673601,-40.30701598980488
130.18,302.26177990132055,-705.6048546446356,-40.362158641443955
130.226,302.5088301381819,-706.054003107407,-40.41728719534291
130.32,302.6613934015981,-706.3323040539376,-40.449820295934785
130.416,302.8925390612859,-706.7554147961331,-40.4980516465327
130.479,303.07308469575776,-707.0847487606898,-40.538159552981654
130.54,303.2565537836758,-707.4189991372522,-40.582365045587835
130.587,303.48985449894514,-707.8429171092586,-40.64412049257248
130.631,303.7038511299339,-708.2297891317204,-40.705668696477744
130.719,303.89445052595823,-708.5743374671501,-40.76373476891433
130.809,304.13781861355653,-709.015973869131,-40.84140615786572
130.851,304.3859579887052,-709.4708535641038,-40.92863248865905
130.992,304.6122631255393,-709.8936168071696,-41.01814059201644
131.033,304.7743728754218,-710.2006728699146,-41.088250028511595
131.073,305.00915934111805,-710.6487390702,-41.196670749089435
131.121,305.19958322385355,-711.0124260293528,-41.28682204937439
131.209,305.3787537631056,-711.3557049585606,-41.37195058299517
131.251,305.57923808922754,-711.7455596805021,-41.466424955419825
131.346,305.74332199742025,-712.0690099558628,-41.54426525074649
131.441,305.9111887470601,-712.4010860568359,-41.62324903752881
131.482,306.1217660667908,-712.822786972149,-41.72148672089713
131.524,306.27942903604435,-713.1417227617858,-41.793729279046886
131.617,306.4443907918684,-713.4777065666958,-41.866910008695015
131.657,306.639853671524,-713.8714780150701,-41.945247304905934
131.802,306.7917486083582,-714.1778019747017,-41.99805259947635
131.843,306.9571948893596,-714.5123017584102,-42.04822313002285
131.892,307.1629788492664,-714.9237666090817,-42.103469155126106
131.936,307.32354684609345,-715.2423286298729,-42.142958310906124
131.984,307.53660554868316,-715.6651876224705,-42.19319462729379
132.087,307.7244148944324,-716.0383983482794,-42.238284757324664
132.183,307.89941470136165,-716.3858100777977,-42.282381869185144
132.225,308.1265869414917,-716.8374093175644,-42.34317334312311
132.264,308.3188971300218,-717.219119672071,-42.397050478212805
132.411,308.49829233753985,-717.574838794403,-42.449671716562705
132.45,308.7245990756545,-718.0251120626586,-42.52062319070501
132.49,308.9174148745236,-718.4097673961944,-42.58468583549882
132.588,309.09486733833955,-718.7644276621259,-42.6459094700142
132.627,309.30979096363086,-719.2054847662982,-42.72571043906726
132.667,309.49208450909765,-719.5912937546284,-42.798787406148676
132.807,309.68686387578407,-720.0065680238738,-42.87791096720798
132.846,309.82528482838404,-720.303733951053,-42.93411134261521
132.885,310.06015472410314,-720.8160071831138,-43.02883322167014
133.021,310.1796968717175,-721.0817896141863,-43.07649228697005
133.06,310.3675959061672,-721.5035294035121,-43.15091025455064
133.149,310.5254154418474,-721.863695596906,-43.21279708456268
133.192,310.70351577305354,-722.277689079222,-43.28073293070162
133.233,310.82800162955704,-722.5714480078453,-43.32581532053484
133.323,311.06987026383683,-723.1535629824531,-43.40815449374503
133.362,311.18814529522615,-723.4321331462422,-43.4444050508169
133.457,311.35061838551655,-723.8126645377856,-43.49158784853944
133.549,311.6073273777956,-724.4130703485736,-43.56575285101485
133.643,311.702751736388,-724.6392621887153,-43.59295478110283
133.684,311.8749732698659,-725.0519325068735,-43.641164642609056
133.725,312.10226542166663,-725.6023027735965,-43.70528454546917
133.765,312.2167473241648,-725.8815291703908,-43.738760399787395
133.907,312.39147408627974,-726.3110226857383,-43.79443876528478
133.948,312.5972165941027,-726.8232122120492,-43.87057025808542
134.041,312.68189606234876,-727.0343245745034,-43.90508495792494
134.084,312.86664399267755,-727.4949128182707,-43.983557648110775
134.182,313.0137781663264,-727.861536601916,-44.04798540680315
134.222,313.1900871576387,-728.2966574948362,-44.12634216479228
134.263,313.3458146051015,-728.6772430054194,-44.19948628749097
134.31,313.5361218581249,-729.1377710280794,-44.29319068543106
134.458,313.7461457115777,-729.6486631419468,-44.400298055517624
134.498,313.8291397300837,-729.8504155618674,-44.44390055651468
134.538,314.0057425857769,-730.2733817046843,-44.53703909799907
134.729,314.1677318402191,-730.6609229108263,-44.62191500500438
134.772,314.28322678803875,-730.9351872797373,-44.68056485194512
134.814,314.50566317525914,-731.4586701708338,-44.78928091028786
134.855,314.607177427947,-731.6965439743065,-44.83637933857341
134.897,314.75048739191766,-732.03465326123,-44.898727777729505
134.941,314.94303075054756,-732.4886888965877,-44.976772665139606
135.036,315.102868810821,-732.8634396406381,-45.038391093385826
135.077,315.17856270274154,-733.0410986642936,-45.066657161757746
135.12,315.36818254949316,-733.4919531531925,-45.133498716256156
135.264,315.5312967076443,-733.8858613964725,-45.186624183927734
135.307,315.60941082583344,-734.076182058849,-45.21127098178522
135.403,315.8021722846345,-734.5473792914914,-45.27094170239161
135.445,315.94210379539356,-734.8890272372745,-45.314242587539354
135.488,316.0454088087924,-735.1376245683086,-45.34687360238502
135.583,316.2507282592027,-735.6253062983503,-45.414074438245734
135.624,316.4289160139185,-736.0440327176362,-45.47521244637966
135.671,316.6117580529885,-736.4762933082706,-45.539052322725354
135.816,316.720268956093,-736.7360590589215,-45.577802195698155
135.856,316.8944476468746,-737.1568299972614,-45.64161978440296
135.902,317.0544514912473,-737.5431440288381,-45.70218586589306
135.993,317.2000769297571,-737.8884670730221,-45.75912389302323
136.033,317.3427010822244,-738.2257142862018,-45.81743555293241
136.171,317.5130229522248,-738.6267527202622,-45.89032932034428
136.21,317.64645566349304,-738.940715369059,-45.94915196107877
136.3,317.7912522662162,-739.2833326326024,-46.01339524193287
136.34,317.96603489722827,-739.7028334869287,-46.09230751977475
136.43,318.1252989085227,-740.0906730081443,-46.166584628081296
136.47,318.24625692128916,-740.3874785532234,-46.224136430736905
136.513,318.4218439820621,-740.8206484251009,-46.30819937321087
136.604,318.5571599548773,-741.1530044506297,-46.37118406569817
136.705,318.70048449694,-741.5042682946059,-46.4359835454257
136.904,318.8755154312287,-741.9319822729001,-46.51276634494002
136.946,319.03424047485623,-742.3204734165748,-46.58037531087467
136.988,319.20546262647287,-742.7452967891005,-46.65451690838279
137.031,319.35591607374346,-743.1216246992662,-46.72182639080853
137.073,319.4872235846755,-743.452476805325,-46.78211196140467
137.118,319.65945653874604,-743.8837741233177,-46.860999144557354
137.16,319.8135139746537,-744.2642189022866,-46.92962030078405
137.203,319.95519716865215,-744.611353718101,-46.99077685863949
137.298,320.13638289754937,-745.0536996971847,-47.06599520134671
137.341,320.2903450039893,-745.4298531801704,-47.12783758467356
137.39,320.4587825385575,-745.8445458620533,-47.19546293628372
137.539,320.6092684197423,-746.2179770080238,-47.25574696416879
137.58,320.74539941724333,-746.555336471434,-47.30940673587901
137.621,320.9395695624538,-747.0330751802894,-47.38392407693863
137.716,321.06179028482774,-747.3329079283707,-47.42948935378229
137.758,321.2576219246201,-747.8116403256907,-47.50037217565125
137.799,321.40238810629285,-748.1645280010316,-47.55149473115358
137.892,321.55030704653603,-748.52562257829,-47.60360190399524
137.933,321.7255695706193,-748.957070333416,-47.66541597692196
137.979,321.862009284242,-749.2949259630564,-47.712702315205036
138.127,322.0080596547092,-749.6531767618205,-47.76187251447584
138.167,322.22770261658036,-750.1929718749611,-47.832668218216554
138.213,322.3430948170419,-750.4773804041314,-47.86762303558248
138.254,322.49472857085544,-750.8512670117457,-47.91227434605503
138.347,322.6640917240437,-751.2672772520393,-47.96200973603732
138.441,322.7956754311226,-751.5910874920622,-48.001291443802074
138.49,322.95053620573987,-751.9734533224272,-48.04805089940288
138.539,323.09569684851715,-752.3315650748825,-48.09260037956955
138.631,323.2250241893361,-752.6480030636751,-48.132992443164824
138.724,323.3660298388635,-752.9930034767483,-48.177939330306515
138.771,323.54866519638244,-753.4420871035579,-48.23752580959808
138.872,323.6854360742847,-753.7765565340106,-48.28307769486673
138.916,323.8319057752498,-754.1316678494346,-48.33238567638841
138.965,323.9974359854782,-754.5317018873847,-48.388726851009665
139.007,324.1344754653058,-754.8624387847508,-48.43576982003202
139.151,324.2785293333217,-755.2085433730568,-48.485664898957396
139.193,324.44074446933803,-755.5995678183319,-48.542111966457924
139.285,324.60035309531827,-755.9848414193209,-48.597085549482415
139.328,324.73965203224327,-756.3229682779513,-48.64368963230578
139.37,324.8984349396107,-756.7085632572894,-48.693663885198646
139.417,325.0332194777987,-757.0363429355302,-48.73320527486652
139.518,325.1747200343699,-757.3784428715303,-48.77196603020718
139.563,325.3790107538026,-757.8713505962288,-48.82471843311572
139.663,325.5105104245415,-758.1916402112275,-48.85715580097627
139.71,325.62649866723643,-758.475753434225,-48.88421105467512
139.754,325.8384315084778,-758.9949183711393,-48.92928699385999
139.853,325.9306546015545,-759.2547015904421,-48.97879893550049
139.896,326.04162363627086,-759.6138677836234,-49.08732002111998
140.044,326.1693349242325,-760.0403488157473,-49.260246143992845
140.085,326.23678041509874,-760.2765180484176,-49.3916705291237
140.127,326.31013940129685,-760.5227659856157,-49.53520240948836
140.221,326.426901076296,-760.8348122160511,-49.73855126910695
140.262,326.4891185326938,-760.9934931129179,-49.83975470147851
140.303,326.584815000645,-761.2458005486312,-49.98974015507491
140.397,326.6709961795613,-761.4779210518093,-50.115924157444624
140.438,326.73909909039804,-761.7498514373548,-50.2612804725394
140.531,326.7760128562755,-761.915627455085,-50.33996065305735
140.574,326.80475556060776,-762.0827069969312,-50.41434877037949
140.667,326.84091789080253,-762.3223462878537,-50.50254080575564
140.709,326.8562081020448,-762.4070457430025,-50.52904182538316
140.856,326.8842051063853,-762.5336992481242,-50.571097673216684
140.9,326.90333276538877,-762.5457805519414,-50.59050977852047
140.993,326.91590967038303,-762.5520642726757,-50.58912276322218
141.038,326.93440417434283,-762.5590798346977,-50.56830480604867
141.081,326.9488129914116,-762.5628409379342,-50.53656793252031
141.122,326.9678652232929,-762.5657261569703,-50.475612939760026
141.217,326.9740125303556,-762.5661874724917,-50.45181811370452
141.258,326.9907135374253,-762.5663805414076,-50.376472062478
141.356,326.9694782491416,-762.5486782850418,-50.313914813009546
141.398,326.9485790357965,-762.5278950511861,-50.254632814075364
141.495,326.93292461667323,-762.5133241562769,-50.22152828873084
141.589,326.91076100464545,-762.4952337436697,-50.18073070569346
141.632,326.8796612417845,-762.4746782124525,-50.13618474997486
141.676,326.8622678990254,-762.460067531407,-50.12168730399134
141.77,326.84524360765636,-762.4388597665862,-50.11870384522297
141.824,326.82581856796156,-762.4161417438463,-50.13091975692305
141.866,326.81222948543586,-762.401940072976,-50.141779902711505
141.98,326.80129259484625,-762.3896573154527,-50.1533674791101
142.043,326.8201045287275,-762.3742366090543,-50.1806444397086
142.086,326.8513734336475,-762.3669606190977,-50.19734406813575
142.183,326.86671231792866,-762.3663530334629,-50.19973837281873
142.226,326.90559403498787,-762.3728477449321,-50.18977852516798
142.268,326.93787903914557,-762.3838654679375,-50.168847924967906
142.36,326.9511129730867,-762.3891369664641,-50.160235921847914
142.405,326.9679968078769,-762.3983703622138,-50.138480626560124
142.498,326.96467653129264,-762.403613745189,-50.123465981554205
142.595,326.9592014370284,-762.4136540049427,-50.10084104554801
142.637,326.95995307711195,-762.4187322213886,-50.08986410663954
142.739,326.97335746634445,-762.4234698360027,-50.07671442343633
142.783,326.98943507132105,-762.4294087549424,-50.06986233549662
142.879,326.9986676352819,-762.4364535748456,-50.06786653844847
142.925,327.005847506446,-762.4426962512224,-50.0668642320515
142.98,327.0258375042583,-762.4516846141129,-50.07152240398085
143.024,327.0426905155979,-762.4488849510107,-50.07617786695863
143.166,327.05939562489624,-762.4448004667256,-50.080771011654974
143.207,327.07901455469266,-762.439182651431,-50.08640590913831
143.299,327.0924352663066,-762.4352476003121,-50.09130318836287
143.339,327.1046144574027,-762.4321536445883,-50.09757033900871
143.382,327.1175235775795,-762.4299812280304,-50.10643399437231
143.473,327.1265161102117,-762.4296606097078,-50.114650357357846
143.566,327.13467231103084,-762.4303414749993,-50.12387353147352
143.606,327.14150184984203,-762.4311623346284,-50.13264555382369
143.697,327.1513397495057,-762.4318692513001,-50.14579393308753
143.738,327.15976354468194,-762.431251994781,-50.15616120150014
143.83,327.1657185585234,-762.4290183041311,-50.16403505898825
143.871,327.1725334796904,-762.4245702139577,-50.17221215320126
143.936,327.1796820677861,-762.4176556115943,-50.177396956490156
144.037,327.1867507041326,-762.4084977903943,-50.17913751329013
144.13,327.1971133538294,-762.3985929558432,-50.18281571177067
144.173,327.21431901629944,-762.381759064684,-50.18337782572445
144.218,327.2232534970807,-762.3683984469865,-50.18748432181752
144.323,327.22555198062537,-762.3638121964965,-50.192622387599954
144.368,327.2278436236513,-762.3577553206159,-50.20354021987799
144.464,327.2295553096666,-762.3531671522181,-50.21144072491916
144.509,327.23082003460235,-762.3493615003787,-50.218162960813856
144.551,327.2320417424513,-762.3441658417589,-50.22647637622276
144.592,327.2264636260824,-762.331908346057,-50.23284709145844
144.743,327.223349305262,-762.3230151241702,-50.233809451381546
144.785,327.2264312907827,-762.3211245404269,-50.23360821363593
144.828,327.2315499104779,-762.3234362676129,-50.2310136813814
144.87,327.2317190221017,-762.3272647922741,-50.22574909075388
144.92,327.23093855092543,-762.332452948258,-50.21679056262377
145.016,327.2226939638478,-762.3269152912873,-50.20235861121415
145.059,327.21252561026904,-762.3259574208852,-50.192988734055575
145.149,327.2034600006655,-762.3256456347216,-50.185301505484404
145.194,327.19221327536326,-762.3251752672322,-50.17541481733923
145.336,327.1854230055759,-762.3248838941038,-50.169092917792
145.376,327.1778053814921,-762.3255195157415,-50.160661583897365
145.417,327.17321918959533,-762.326016362236,-50.15519814951074
145.458,327.16796104406114,-762.3267432472664,-50.14848783651729
145.6,327.16435561079027,-762.3276292390249,-50.14220906515607
145.64,327.16120302345803,-762.3283494585812,-50.13637656549571
145.731,327.15893025831474,-762.3278452007581,-50.13110665055984
145.771,327.15663508844483,-762.3248492938504,-50.122708100993634
145.811,327.1554585132798,-762.3181580735811,-50.111894532056965
145.855,327.15544192206795,-762.3074796900873,-50.09905334567361
145.947,327.1571845718135,-762.2941165463678,-50.08487372649108
146.038,327.16126014963106,-762.2733743744923,-50.064995068632356
146.155,327.1667897880907,-762.2491145131623,-50.04505908924773
146.21,327.1741363015096,-762.2222227399603,-50.0243680675606
146.251,327.18223754516936,-762.1954185362681,-50.00493275018482
146.292,327.1971397364614,-762.1496922272952,-49.975160000372966
146.383,327.2098676433068,-762.1104643680671,-49.95184359961223
146.475,327.2214189689323,-762.0733303913219,-49.9313188465066
146.524,327.2418535618434,-762.0082715302202,-49.89788235430933
146.577,327.2565167585229,-761.9561263279439,-49.873660468805156
146.661,327.27401055627814,-761.8906392948543,-49.844952891742594
146.747,327.2902844658143,-761.8246672484859,-49.81814506664563
146.785,327.3039977140643,-761.7625640163021,-49.7940302955879
146.879,327.31773621086757,-761.6913558329907,-49.76789558972075
146.966,327.3290869751886,-761.6278795549838,-49.745650227376245
147.004,327.3429064996758,-761.5343028136265,-49.71440003681596
147.041,327.35023778332334,-761.4731084961594,-49.694574546450895
147.179,327.35753410734526,-761.4038814086904,-49.67279371689159
147.217,327.36544419567025,-761.3026062679319,-49.64207107440541
147.305,327.36771723449885,-761.2119679121826,-49.615045632406805
147.46,327.35672878793775,-761.1524781564465,-49.59606963762593
147.498,327.32408915007227,-761.0627281578577,-49.567403870394116
147.537,327.28766908959443,-760.9885517844054,-49.543904024470805
147.575,327.26847654186173,-760.9616719841215,-49.53431589943136
147.692,327.24077644440445,-760.9367264295608,-49.522412902105884
147.751,327.22729606389,-760.924410780617,-49.51378140748875
147.848,327.21355469398685,-760.9100858631815,-49.50133196247219
147.886,327.20887238563824,-760.888343478253,-49.494593257457666
147.934,327.21047009252584,-760.8730048305918,-49.490058929242025
147.976,327.21391165875286,-760.8668520112169,-49.488208636037655
148.158,327.2216773418754,-760.8610367298465,-49.48606087806553
148.196,327.22951102376214,-760.8615118002917,-49.487897721027366
148.233,327.23490967293276,-760.8626010724176,-49.49174199251564
148.271,327.2393629437607,-760.8628793479382,-49.49875697657973
148.309,327.2413498110915,-760.8618500039678,-49.50730229837467
148.42,327.24164603239166,-760.8605716834782,-49.51313513194947
148.46,327.2401817053383,-760.8575002104899,-49.52308419710016
148.499,327.2377141087747,-760.854968662928,-49.52933482255975
148.539,327.2354919105303,-760.8550344136163,-49.53460382295549
148.676,327.23593448322043,-760.8623969523062,-49.53859097913261
148.723,327.2393504631301,-760.8776123210315,-49.542305788632405
148.769,327.2484013682277,-760.9064255151603,-49.54682712550152
148.815,327.2593374398801,-760.9362488727525,-49.550354945705635
148.902,327.27446029573497,-760.9716235796932,-49.55402488772489
148.99,327.2954356340366,-761.0140427573028,-49.55908115945067
149.029,327.3169324225819,-761.0578483550622,-49.56378578769977
149.113,327.3493323491693,-761.1280008908222,-49.580016329195814
149.16,327.36322505495167,-761.1620927508387,-49.59419729771787
149.246,327.3799497236573,-761.2074980696266,-49.611724254775595
149.331,327.3956245071544,-761.2596616975392,-49.629480048287576
149.37,327.4039267660087,-761.2944819054438,-49.64077871861849
149.416,327.4093982548366,-761.3363347751988,-49.6519832518527
149.503,327.40949298855776,-761.3569723062448,-49.65569620352244
149.548,327.4064823810982,-761.3768134767406,-49.657216148813916
149.635,327.40339256863587,-761.3884116609997,-49.65611535985113
149.733,327.40158877464927,-761.3981453126237,-49.65342145780329
149.773,327.4017908631156,-761.401270692971,-49.65185211309404
149.815,327.40224389176217,-761.4046263123212,-49.64989683509026
149.907,327.40294682969807,-761.4087183892915,-49.6476625676745
150.0,327.40333385411645,-761.410493644718,-49.646800555533275
150.04,327.40441590207956,-761.4133067919242,-49.64595404299138
150.132,327.40585450800125,-761.4157335839475,-49.64576424054292
150.225,327.4077498594876,-761.4182246475978,-49.64603280741187
150.267,327.4098678671877,-761.4204663231721,-49.64677766351298
150.367,327.41255406386006,-761.4228084719642,-49.64805019602477
150.414,327.4158269346827,-761.4252472419413,-49.649944353666456
150.529,327.4189816779619,-761.4272923978525,-49.65201988285412
150.572,327.4234768278099,-761.4296603589441,-49.65544849251836
150.613,327.4257351866977,-761.430460592714,-49.65745106638428
150.656,327.42855070660386,-761.4313057724193,-49.66012598707931
150.798,327.4324565781405,-761.432137840547,-49.66409655902976
150.84,327.4349246059532,-761.4324036559666,-49.666718199826676
150.881,327.43752339757157,-761.4326684622405,-49.66963648278568
150.922,327.44056634449714,-761.43282953108,-49.67308604049953
151.014,327.44273694243867,-761.4329117239743,-49.675644590524485
151.075,327.44523444927444,-761.4330151925782,-49.67865468266564
151.168,327.4478050508381,-761.4331094934893,-49.68183782673009
151.209,327.4489724808208,-761.4330988365591,-49.68317318502892
151.316,327.45017145160375,-761.4332479882505,-49.684734485073875
151.379,327.4514483162517,-761.4334745114292,-49.686423518109564
151.443,327.45200304490226,-761.4335342829528,-49.686986875922855
151.504,327.45232966767,-761.4338398880307,-49.68751126938332
151.547,327.45062039534594,-761.4278117900909,-49.68524894524745
151.588,327.4459843338673,-761.4103078886357,-49.67840000410496
151.734,327.43927017501926,-761.3841305601336,-49.668085698007474
151.774,327.4292371243462,-761.3448101513028,-49.65333057341792
151.816,327.41935411272465,-761.3010371059403,-49.63803442657343
151.857,327.4106531522825,-761.2587543561742,-49.62408582240977
151.997,327.40179254018165,-761.2124091989178,-49.609529637941876
152.036,327.38750976936615,-761.159267305115,-49.591928609851664
152.124,327.37060366741656,-761.106380049256,-49.57348931215358
152.262,327.3440838035298,-761.0276216523994,-49.545325174411005
152.301,327.329332849176,-760.984166438419,-49.52996097492263
152.342,327.30741716844545,-760.9208821803727,-49.508093562788474
152.381,327.2719211427907,-760.8214063452381,-49.477548294885764
152.472,327.2533349894381,-760.7684500411698,-49.46417349217154
152.56,327.2238030083231,-760.6807841795702,-49.44631801132715
152.598,327.1964671631014,-760.5940651716776,-49.43366100980484
152.645,327.1756355351465,-760.4980823222332,-49.418225452793536
152.78,327.15779738777996,-760.3765336763631,-49.3879540662104
152.819,327.1421479338311,-760.2585304773573,-49.352124522495785
152.905,327.1184442836825,-760.1444392146288,-49.32753575658427
152.992,327.0915300845284,-760.0024316329582,-49.303244699405695
153.031,327.0636157604744,-759.8565944689225,-49.27800378485608
153.07,327.0409165334699,-759.7260311523268,-49.24839030400108
153.108,327.00834661769494,-759.5402714824712,-49.19860821704253
153.204,326.9722983659193,-759.3428482426807,-49.13858111711653
153.293,326.9379917779555,-759.1644628917217,-49.079282841825375
153.331,326.8969498445265,-758.9603320994937,-49.00667477463418
153.375,326.8512324169376,-758.7278462014947,-48.92218825331429
153.511,326.80667947925565,-758.4968414159242,-48.85514062307749
153.55,326.76880754077933,-758.3107461044132,-48.81375315339528
153.595,326.72776310008817,-758.128107519009,-48.78375774988956
153.641,326.67787099498884,-757.9236212146211,-48.76649279025327
153.733,326.6637134487894,-757.8651335567151,-48.76535445711892
153.779,326.63952086053007,-757.7638728191062,-48.76886567193293
153.825,326.6217362759536,-757.6861018651027,-48.776060477643796
153.964,326.6086209952873,-757.6249874065329,-48.78609781115375
154.051,326.60215757420997,-757.5924005110297,-48.795898645292766
154.097,326.5986747941294,-757.571181996969,-48.81018166661397
154.142,326.5980282520411,-757.5610675097741,-48.82612579947357
154.278,326.5978116305995,-757.5521585816409,-48.84428338057171
154.317,326.59753898093754,-757.5481671830271,-48.8495705111406
154.355,326.59658728563244,-757.5387220087948,-48.855402627567514
154.443,326.595328760232,-757.5270177989196,-48.85610098570686
154.481,326.59393097257924,-757.5150678675856,-48.84961218932892
154.568,326.59089320911045,-757.4926964374906,-48.82468159553679
154.655,326.59137213728957,-757.4843219167836,-48.80726316156722
154.694,326.5951634436199,-757.4847396310705,-48.78824683699304
154.78,326.6066402723365,-757.5062589597345,-48.77202330089665
154.824,326.62238865013296,-757.5387612013657,-48.765830148158955
154.911,326.64393135290766,-757.5856313993498,-48.76515932589291
155.095,326.6766150358512,-757.6578658244354,-48.77058905245502
155.133,326.70059882840235,-757.7105790393434,-48.77676087490926
155.172,326.74854253211834,-757.8139384689453,-48.79100142445742
155.211,326.7939089917151,-757.9087674546079,-48.80477284016524
155.249,326.8263071379939,-757.9743692097304,-48.814170384356544
155.288,326.88229375395764,-758.0838597114686,-48.8292174349304
155.375,326.9468668335041,-758.2045524463756,-48.844796463377236
155.42,326.98984431743156,-758.2821177558986,-48.854260634140815
155.507,327.0660905966266,-758.4146697129204,-48.869569994572146
155.594,327.1523532054968,-758.5594877724608,-48.88485117581189
155.681,327.23076407788596,-758.6870812200926,-48.89707045677483
155.719,327.3316052877552,-758.8449435543234,-48.91125046612484
155.757,327.41910004988586,-758.9766289355309,-48.92263554998664
155.844,327.52262402543727,-759.125924142198,-48.93540106284553
155.887,327.6260043725911,-759.2684145951199,-48.95283412097581
156.023,327.747314081312,-759.4341960666053,-48.97243034832309
156.061,327.85773844087066,-759.5767289130313,-48.98726235301433
156.099,327.97909821366227,-759.7245215974815,-49.00111633380857
156.193,328.1456757977322,-759.9145742951172,-49.01809825426892
156.232,328.2955419223907,-760.077070934107,-49.03348285381321
156.273,328.380304634654,-760.1668787929912,-49.044014317952076
156.409,328.6643246916033,-760.4552423726651,-49.08173314446515
156.496,328.782911809323,-760.5705732341314,-49.09843442801832
156.534,328.98894960802807,-760.7652012599324,-49.12827984271769
156.578,329.16845117411884,-760.9287880328985,-49.154615999962346
156.618,329.33520278742776,-761.0765284269739,-49.17990831502715
156.857,329.53761153913155,-761.2385708834897,-49.20238097866269
156.896,329.73493208305405,-761.3837672128765,-49.222283348252404
156.934,329.7727371085857,-761.410369542454,-49.2259633789468
156.972,330.115487414217,-761.6390066459024,-49.25849041437482
157.011,330.23911059501427,-761.789630093275,-49.29957193103644
157.049,330.30838781420516,-761.8847808120388,-49.34889515924567
157.183,330.3961010578748,-761.9665555676938,-49.39223263189615
157.222,330.53195152918966,-762.0649150206546,-49.439865022982644
157.261,330.68864092614217,-762.1555744401812,-49.47599879006896
157.349,330.82021430139923,-762.2203157635818,-49.49518606478608
157.387,331.018098943734,-762.306249761988,-49.51017219256573
157.475,331.17870065639784,-762.3698833800808,-49.51191432102331
157.562,331.3695723989906,-762.4399675417884,-49.50284349193572
157.605,331.6032512838531,-762.5200017276745,-49.47714846151575
157.838,331.79356776180043,-762.580959357735,-49.44642949746202
157.876,331.9692232526045,-762.62496656572,-49.41576611366912
157.915,332.1870386218286,-762.6584101592724,-49.382786338527524
157.953,332.42685713636763,-762.6868434566317,-49.35757969478664
157.991,332.64304260513336,-762.7069521424519,-49.34571258374194
158.029,332.8611563222036,-762.7216688206664,-49.343328721952616
158.072,333.08075428498785,-762.7300097727874,-49.34835987195396
158.123,333.32305774636416,-762.7315124066259,-49.358832109245384
158.265,333.54057602834405,-762.7260713905729,-49.369634276847876
158.305,333.7842111314226,-762.7118290526281,-49.38077616567898
158.395,334.04691587860304,-762.6867269809958,-49.39000906776374
158.435,334.3415960932014,-762.6469903925831,-49.395705220201705
158.527,334.538374481304,-762.612736182004,-49.395921139766244
158.567,334.7902626699994,-762.5598446286582,-49.39131830812687
158.659,335.07046111679153,-762.4926612037837,-49.37928464696756
158.703,335.24893410970105,-762.4444141453017,-49.36769176660346
158.793,335.41414392762465,-762.3959314666279,-49.35434579819997
158.833,335.5523164763006,-762.3523961828877,-49.34146431970737
158.931,335.77141282590753,-762.2789436829314,-49.31845873025679
158.976,335.8995721428179,-762.23356332723,-49.30377031667939
159.066,336.0261658831183,-762.1872631610437,-49.28874908406692
159.107,336.14707283154655,-762.1407406687225,-49.2742644227157
159.148,336.22775211513874,-762.1090408196457,-49.264807934479734
159.289,336.3213282238482,-762.0722918012622,-49.25443781800578
159.329,336.370940713703,-762.0553266270667,-49.24971254553162
159.37,336.4146269707029,-762.040504704932,-49.24586159841044
159.461,336.470181939418,-762.0155704069634,-49.24012513667202
159.501,336.50594626836164,-761.9991084185691,-49.23615897770219
159.59,336.54104399670746,-761.9833463922149,-49.232152179178115
159.63,336.5863080342884,-761.9651201266155,-49.2269996546641
159.67,336.60699948846377,-761.9579538630504,-49.22461398743343
159.81,336.62577962414986,-761.9522245669574,-49.22240674965275
159.85,336.6352509653131,-761.9491733609269,-49.221148346316966
159.947,336.63693654429005,-761.9477210643566,-49.2207182758558
159.986,336.6325997658888,-761.9461964699273,-49.22075555772494
160.028,336.6209936141353,-761.9465608850536,-49.22165302798493
160.17,336.608747308332,-761.9498995370158,-49.2230201667046
160.209,336.59264483748154,-761.9557115082324,-49.22496839323958
160.249,336.56454759192445,-761.9667615671432,-49.22828372597672
160.392,336.54214914233773,-761.9761429934099,-49.23079932089877
160.432,336.5158200825865,-761.9879926005799,-49.23367640066692
160.473,336.4866724936959,-762.0028164371962,-49.236935075286
160.564,336.44696554124897,-762.0271602409895,-49.24165097496365
160.604,336.41667916819074,-762.0495480957935,-49.24555961577869
160.696,336.3771156904839,-762.0814305098262,-49.250721066728545
160.737,336.3377782701326,-762.1124755484616,-49.25556194957625
160.777,336.29981463895786,-762.1414849851693,-49.26006429864526
160.875,336.2451146404066,-762.1751362781077,-49.26574446847707
160.967,336.18302298769845,-762.199397348866,-49.27075146672257
161.059,336.108635596831,-762.2229322649746,-49.276351431208525
161.099,336.0584922875661,-762.2388902471678,-49.28026412266951
161.14,335.9823306409604,-762.2629257288243,-49.28625338052274
161.232,335.8944870516164,-762.2881199487173,-49.29294434663461
161.323,335.7915328067571,-762.3119367196937,-49.300100759784925
161.367,335.69655318059006,-762.3269112454494,-49.30570899954097
161.461,335.6125763875423,-762.3338928833355,-49.30975145407791
161.501,335.55507120868,-762.3375723592602,-49.312282591833196
161.543,335.41812329511345,-762.3471397749316,-49.31835899307521
161.636,335.30875655828265,-762.3580897603247,-49.32362087568225
161.683,335.2331280062896,-762.3739241568985,-49.328367884496004
161.724,335.0946099946818,-762.4209911719597,-49.33953482306953
161.814,335.00085776976215,-762.4642640299962,-49.34860199534535
161.902,334.90553694607775,-762.5121046435523,-49.357992801754506
161.942,334.78932180610326,-762.5731810161327,-49.36889234701425
162.084,334.66930098134105,-762.6407594533333,-49.37979072465424
162.124,334.54240836624444,-762.7219953042709,-49.39158198445068
162.164,334.454010475736,-762.7861246496891,-49.400106203684004
162.256,334.362011873774,-762.8593427339865,-49.409255183943685
162.445,334.2364339258328,-762.9605918998413,-49.42145681997471
162.486,334.14656975341165,-763.0311285018649,-49.42976676093991
162.527,334.0476776291755,-763.1063692612023,-49.43854178144824
162.567,333.9296514493424,-763.1938217456368,-49.4487925148195
162.607,333.80080573476954,-763.2826311501975,-49.4592628783825
162.648,333.65365831027805,-763.3598134697683,-49.46798607790055
162.688,333.51383595227367,-763.4163189045405,-49.47385039469617
162.829,333.35946841675513,-763.4641666338009,-49.478126451041874
162.871,333.2248716078585,-763.4950602915059,-49.48038603151002
162.913,333.0544126886865,-763.5246169049618,-49.481981481536025
163.012,332.91728650799655,-763.5427196149417,-49.4825551066495
163.075,332.73803761240583,-763.5588694144909,-49.48244737658581
163.138,332.542714696602,-763.5662702445434,-49.480974713499904
163.241,332.36709091107,-763.5647058277748,-49.47883219662958
163.282,332.249598730353,-763.56876966439,-49.47796149355895
163.322,332.04152056667687,-763.5963909472482,-49.478555636600845
163.412,331.8590906138834,-763.6363359275704,-49.480536633819725
163.501,331.73806130603947,-763.6690779011348,-49.48213545904457
163.543,331.5177412947552,-763.7398717970867,-49.48536580853096
163.633,331.36559747203694,-763.801574146283,-49.49437993822596
163.674,331.33448028534383,-763.8129487537761,-49.524506992784666
163.764,331.2792465763454,-763.835128767292,-49.5640381857113
163.855,331.23294327999866,-763.8576385502433,-49.58153345355055
163.945,331.1838654523327,-763.8871390957938,-49.58571424639962
163.984,331.13891435088743,-763.9185988820235,-49.57960524043256
164.024,331.0887242121995,-763.9555846820282,-49.56641300590985
164.113,331.02730148458306,-763.9795428680194,-49.56199102830601
164.154,330.98244046990203,-763.9886773570879,-49.560051179439995
164.194,330.96430068936513,-763.9905159399431,-49.5598924977582
164.238,330.9350136665721,-763.9932495330213,-49.56223726487519
164.385,330.93380166319605,-763.9955928186037,-49.56473462894485
164.475,330.9343879632798,-763.9968178316913,-49.567121515706845
164.515,330.9344009914202,-763.9983858384348,-49.56916935800518
164.556,330.9342929700414,-763.9997636142916,-49.570410570850015
164.648,330.93414420802037,-764.0009636276642,-49.57121340798773
164.689,330.934049797844,-764.0015488769321,-49.57139039685654
164.795,330.93391706342084,-764.0017974965191,-49.5711333896686
164.836,330.93384832959464,-764.001738037417,-49.57058855818076
164.975,330.9338599277427,-764.0013719435065,-49.569986322565626
165.016,330.93377743988094,-764.001172731808,-49.56904031640204
165.055,330.9337280725406,-764.0011532092915,-49.56872913880301
165.096,330.9337395064684,-764.0009735028692,-49.5683021722341
165.142,330.9337495594854,-764.0007457605476,-49.56808565412217
165.232,330.9338080201028,-764.0005691131918,-49.568015343068566
165.323,330.9338672120623,-764.0005716229158,-49.56809780796249
165.415,330.93379114801195,-764.000896110561,-49.56827667023157
165.456,330.9336661765517,-764.001704590366,-49.568560903305524
165.546,330.93335480611734,-764.0033315274569,-49.56894662467084
165.585,330.9327907578789,-764.0058087780718,-49.569413436892034
165.626,330.93255058566996,-764.006834572801,-49.5695625055302
165.717,330.93229542822746,-764.0079706371382,-49.56970833628833
165.762,330.9322272793216,-764.0082298390672,-49.56971385865643
165.809,330.9322477867877,-764.0083806159591,-49.56967924642521
165.95,330.932223668743,-764.0084398325138,-49.56966165863156
165.99,330.93219573999886,-764.0085476325779,-49.56962143110519
166.03,330.9322543362309,-764.008466034103,-49.56955775011215
166.121,330.93227251342614,-764.0083645453357,-49.56951849511893
166.216,330.93241020179073,-764.0077506852836,-49.56940495075537
166.257,330.9325074148034,-764.0073603373947,-49.56933890608241
166.301,330.93273598703195,-764.0064885179827,-49.56921990864771
166.4,330.9330060479569,-764.0053834964967,-49.56910114993917
166.452,330.9334748041182,-764.0047402590819,-49.56904684372313
166.543,330.93346138138463,-764.0043789204552,-49.568992090333154
166.584,330.93346933273176,-764.0044283249725,-49.56897865737574
166.675,330.9332830832486,-764.0050895100167,-49.56898980609003
166.765,330.9332011930698,-764.0054038205753,-49.56897377002872
166.807,330.93299613500085,-764.006205295432,-49.56897397871626
166.848,330.9328798573733,-764.006583639764,-49.56893813621832
166.938,330.9326444901188,-764.0075187517263,-49.56896648851841
166.978,330.93255972238876,-764.0078692221092,-49.56896875179359
167.069,330.9324401280918,-764.0082635005111,-49.568968834999225
167.115,330.9322138351441,-764.0092382269391,-49.569094211753
167.258,330.93208022572514,-764.0097151551577,-49.569152855578295
167.299,330.93189656706153,-764.0104441861869,-49.56925128739658
167.339,330.9318741543158,-764.0106647505305,-49.56928345471806
167.38,330.9316203537361,-764.0116650613888,-49.569428000777236
167.474,330.9314348835548,-764.012387279224,-49.569511730298416
167.514,330.9312266146012,-764.0131246822027,-49.569593948070064
167.656,330.931122033364,-764.0138055230752,-49.56966287108412
167.696,330.9309175547222,-764.0144395018701,-49.56971550239433
167.786,330.93077441837113,-764.0151047704856,-49.56979292226367
167.826,330.9306357894424,-764.0156244766276,-49.56983082325155
167.917,330.9304505863039,-764.0164621333105,-49.56990268618648
167.958,330.93027294330085,-764.0170950953725,-49.56996685917545
168.049,330.9301365998059,-764.0176006748497,-49.56999973201425
168.14,330.9299546094129,-764.0182978856391,-49.57005341577849
168.18,330.9298120398152,-764.0189975398081,-49.570135142829315
168.221,330.92966207230677,-764.019500263563,-49.57016482729193
168.269,330.92946652479526,-764.0201985263225,-49.57022290900426
168.411,330.92929767580915,-764.0209903196192,-49.57031445725232
168.451,330.92920160843823,-764.0214164305695,-49.57036627557477
168.492,330.92926499089134,-764.0217480019759,-49.5704042557353
168.631,330.9297766685977,-764.0211374946075,-49.570393129649744
168.671,330.93029720919753,-764.0206931869462,-49.57041558782362
168.716,330.9311348797413,-764.0200041527194,-49.57046113758258
168.81,330.9317502784913,-764.019488055736,-49.570463025038976
168.856,330.93250448345964,-764.019025295931,-49.57044540643693
168.95,330.9331376435025,-764.0185957246109,-49.570382001430346
168.991,330.9340764771854,-764.017928641976,-49.570194576946676
169.03,330.93446726472706,-764.017582545747,-49.57005795295038
169.121,330.9349865165954,-764.0171536652183,-49.569889354414045
169.162,330.9359066989517,-764.0164170019845,-49.569608881058116
169.308,330.93646138101644,-764.0160211856289,-49.56944233118867
169.349,330.93723887445014,-764.0154251541695,-49.5692146058376
169.39,330.93802353434154,-764.0147245103195,-49.56897064351165
169.482,330.93866763764765,-764.0142565270759,-49.56881953472515
169.53,330.93956009694307,-764.0136156627431,-49.56864363948006
169.571,330.9473183935751,-764.0109054019321,-49.56797275415437
169.665,330.9589155098722,-764.0075981423029,-49.56693251621283
169.756,330.98729592061886,-763.9983426148905,-49.56354067313015
169.848,331.02328421869106,-763.9851406886115,-49.5581058315729
169.888,331.0478829967886,-763.9778552393956,-49.55326926910186
169.977,331.0974819039591,-763.961569415557,-49.54377970155565
170.264,331.16643310422603,-763.9407810165384,-49.528783550581124
170.307,331.2219592708532,-763.9217216810565,-49.51714076262232
170.347,331.28547495708426,-763.8980337230732,-49.50500288980328
170.387,331.3861886077723,-763.8575366647285,-49.48923325528392
170.427,331.4600410510287,-763.8256173804734,-49.48047017658058
170.468,331.5631365940412,-763.7781046193162,-49.47153394507836
170.509,331.6671385575702,-763.7274112824591,-49.465578167514025
170.548,331.7579484356653,-763.681346969144,-49.46227365422044
170.588,331.88239001008037,-763.6153400323096,-49.45962174366218
170.627,332.02267132007717,-763.5376858387987,-49.45797421011508
170.718,332.12897081107826,-763.4770487624788,-49.456699920849246
170.758,332.2796780485268,-763.3879329685229,-49.45417378635244
170.897,332.47862784242557,-763.2644524947456,-49.448987573158945
170.937,332.58273654239247,-763.1970963813098,-49.4453699083918
170.977,332.7317751957155,-763.0974890672402,-49.43894420411624
171.067,332.96229459759485,-762.9357963697037,-49.42623547222388
171.107,333.08077621081316,-762.8490652083428,-49.41819880048166
171.147,333.2455270120315,-762.7236999373144,-49.405258380638145
171.188,333.4363761022123,-762.570854030424,-49.387911184962434
171.328,333.6602461638449,-762.3821612671165,-49.36455641594898
171.368,333.8354493480668,-762.2259626283296,-49.34425124539348
171.458,334.11645258658586,-761.9569453036041,-49.308847399825936
171.499,334.2481338883373,-761.8225670578632,-49.29130310733814
171.54,334.4749049311524,-761.5777029406381,-49.25972464920682
171.641,334.6902662141457,-761.3294137720525,-49.22771354309958
171.679,334.8406928530936,-761.1442507772263,-49.20376393003903
171.811,335.06129771686517,-760.8503720916102,-49.16501896754187
171.849,335.28826975698695,-760.5191700833313,-49.12046030186872
171.888,335.41808692496613,-760.316308481798,-49.09278564006621
172.022,335.6353106102037,-759.9498851069213,-49.0425038013754
172.06,335.8210099036122,-759.6048556199598,-48.99545050489877
172.098,335.9209123497858,-759.4036288867497,-48.96811390867987
172.299,336.1027813508598,-759.0026346402559,-48.913614101777796
172.343,336.27490869150984,-758.5619203955245,-48.85399891358804
172.388,336.38607209010354,-758.2249381652435,-48.80903438820906
172.426,336.4925532560901,-757.8399538546614,-48.75830078866181
172.464,336.5676785804336,-757.507525058508,-48.71575244377084
172.503,336.6609877310991,-756.9803447019964,-48.6517473675396
172.541,336.71404624771577,-756.5704378696546,-48.604643512915686
172.627,336.7338726200337,-756.3834196800079,-48.58340346044844
172.762,336.7933323578344,-755.6675976056295,-48.49957315141819
172.8,336.81720614649595,-755.2388694788937,-48.4444362769749
172.838,336.83649615683896,-754.7095302838911,-48.369316875858885
172.877,336.8449395289776,-754.3086856646378,-48.30555594005551
173.012,336.8514432947628,-753.8824447667397,-48.23267673658199
173.053,336.8557556904407,-753.3712657913865,-48.144171327821255
173.141,336.8513357516505,-752.9601600121381,-48.061743404012134
173.227,336.8460464587952,-752.7749637547404,-48.02170957252372
173.265,336.7895296426833,-752.0227647483642,-47.84350372405737
173.305,336.71105313374585,-751.6092702395277,-47.7426932279659
173.391,336.56021268813765,-751.0956370355385,-47.62052618436155
173.483,336.4083535994243,-750.6765467354403,-47.52569560865999
173.569,336.2370316128198,-750.2820477047328,-47.44219089328118
173.611,336.03532553715877,-749.8906951805096,-47.36706465877427
173.696,335.79604328468355,-749.4696103088418,-47.30049066031938
173.733,335.61960240072955,-749.1624842341298,-47.26351462915255
173.779,335.43394938779596,-748.8501671481648,-47.22814740189682
173.914,335.2141221723733,-748.4957761069219,-47.18892283982734
173.953,335.03617526925154,-748.2241829969414,-47.15764017399226
173.991,334.84528840411406,-747.958993294909,-47.127472839622214
174.075,334.6114039512759,-747.6779123870044,-47.09709229163252
174.112,334.3914811678901,-747.4500377830968,-47.073967157221546
174.196,334.1866784558262,-747.2610024828911,-47.05602864060768
174.281,333.9889467520315,-747.0907891854868,-47.0402247472428
174.366,333.7891115411138,-746.9188763803623,-47.02409308814032
174.403,333.5676868652383,-746.7016655161461,-47.00255475893101
174.488,333.42476499485304,-746.5508291684773,-46.987114631418876
174.668,333.27322033610056,-746.3891503446978,-46.97013126289164
174.705,333.15796933615906,-746.2634144814414,-46.956513358545294
174.742,333.01809358473804,-746.1026046614933,-46.93850656943624
174.779,332.9409861172554,-746.0072241807571,-46.927568844251596
174.863,332.8570450818763,-745.8959559737002,-46.91461939936289
174.904,332.7840782192143,-745.7923307612573,-46.90242217053691
174.942,332.7417605937645,-745.7312968276017,-46.895298597119165
175.033,332.70024809544555,-745.6720103073613,-46.88856775947107
175.08,332.6631705088803,-745.6291702898486,-46.884077857757404
175.164,332.6332461097871,-745.6065291415769,-46.881854272552346
175.249,332.5923919455704,-745.5790716769427,-46.87909826494547
175.286,332.55611225706957,-745.5534655344022,-46.87629141298015
175.376,332.53003217104447,-745.5343883630298,-46.8740130642999
175.421,332.51280782615584,-745.521199543528,-46.87229863412597
175.507,332.49649789902026,-745.5082068056787,-46.870444794680566
175.593,332.4916389140025,-745.5031740781128,-46.8695955176172
175.63,332.49306485509436,-745.5009474540567,-46.869172380192424
175.719,332.50370371590066,-745.500299403976,-46.86901917728568
175.762,332.51514824385066,-745.5014150976273,-46.86920212704672
175.85,332.5352615431733,-745.504416931567,-46.86970559470075
175.938,332.56232963140314,-745.5141622598564,-46.87100196950473
175.977,332.58480397295205,-745.5260994545755,-46.87244898505571
176.063,332.61783619883965,-745.5453056413492,-46.87461866668917
176.151,332.65803001479765,-745.5687121936757,-46.87703008492298
176.19,332.68975207563113,-745.5880873354123,-46.87895289974074
176.277,332.73546858426494,-745.6179484540654,-46.881896767068554
176.315,332.78114808605585,-745.6511203834702,-46.8851093040048
176.401,332.8319746768396,-745.6940052116989,-46.889118138212154
176.439,332.87939330884365,-745.7407529338977,-46.89336363831592
176.526,332.92882576458965,-745.7909257245739,-46.89771352842422
176.564,332.97894169420994,-745.840361135073,-46.901819570442
176.65,333.0274131170265,-745.8838386945594,-46.90529945608341
176.751,333.11349626696926,-745.9372940741324,-46.90911226012395
176.79,333.1785539186412,-745.9678426201546,-46.91114900427738
176.884,333.2693231557291,-746.0085815927276,-46.914078957671336
176.929,333.3637614544242,-746.0507812685015,-46.91735954218069
177.015,333.4829810329082,-746.1002639183853,-46.92129081622443
177.054,333.55217223877685,-746.1257528414114,-46.92332559949398
177.099,333.7021584943427,-746.1715617545249,-46.92686864947859
177.183,333.7955201843438,-746.1931657150477,-46.92838508817408
177.268,333.92071407183914,-746.218211002643,-46.930017472117015
177.353,334.05475968149176,-746.2470562704294,-46.932018797967885
177.39,334.1568525970121,-746.2714798463896,-46.93380203907566
177.524,334.2955863950094,-746.3075488082654,-46.936551479192985
177.563,334.44395612032343,-746.3653122166321,-46.941619804108825
177.602,334.5561977875168,-746.4231944145392,-46.947285477647654
177.689,334.68866771896376,-746.5059765904697,-46.95580658957812
177.728,334.79849820235836,-746.5843368888835,-46.963986745155296
177.829,334.9002348025046,-746.6620204139903,-46.97219577387489
177.869,335.02819102321973,-746.766329735751,-46.98338858112584
177.961,335.11577848364516,-746.8442191280756,-46.991909962469606
178.052,335.24240110317487,-746.9680513554886,-47.005496911900934
178.091,335.3540094020576,-747.0893663891167,-47.01860239165836
178.181,335.43178326165884,-747.1770477060273,-47.028059360813984
178.221,335.57150857799155,-747.3293757588197,-47.044148511705316
178.319,335.6712867536294,-747.4225947632044,-47.053471218151515
178.406,335.8349930036129,-747.545589632599,-47.06513666730433
178.445,335.94834853192884,-747.615995866819,-47.07231461238166
178.483,336.104654518114,-747.6964034789572,-47.081280067811974
178.571,336.2305121159509,-747.7518736789668,-47.088172787843405
178.659,336.4121599996672,-747.8229899527497,-47.098125690725226
178.697,336.5555692038154,-747.8725204200346,-47.10619295141208
178.785,336.6861976481961,-747.9122467908543,-47.11347014765647
178.824,336.9169904347982,-747.9698010714732,-47.12612089773552
178.961,337.06300562462775,-748.0022009078102,-47.13368761788786
178.999,337.23996165477047,-748.042534045083,-47.142684434240834
179.038,337.4160356662686,-748.0844447874413,-47.15130349417785
179.082,337.60116984650506,-748.1404728631934,-47.161103257559205
179.174,337.7646293990159,-748.2075002620946,-47.171379738538974
179.22,337.92450855827957,-748.2866761026924,-47.182280921520544
179.357,338.0878058152541,-748.382267281325,-47.194160349862955
179.396,338.246293051469,-748.4908193653653,-47.20662851346515
179.441,338.36166099944967,-748.5803281790896,-47.21664812592371
179.58,338.48143857806906,-748.6830084401158,-47.22820941037884
179.621,338.60729868074463,-748.8025155659461,-47.2419183480452
179.662,338.7370558057414,-748.9395933979872,-47.2582237156675
179.753,338.8341664847568,-749.0521210301615,-47.27209676667343
179.793,338.9434042720742,-749.1917636487548,-47.28998278077944
179.834,339.02102691644154,-749.3024754379204,-47.305174535590595
179.927,339.1279852362204,-749.4415308857743,-47.325814225966326
180.016,339.26468814438175,-749.5822229026849,-47.348698219536914
180.057,339.3717210968741,-749.6746077927311,-47.36464959099112
180.156,339.4917267431479,-749.7666560761112,-47.38092423759383
180.196,339.68638076559165,-749.9075540344659,-47.405905918758435
180.287,339.77936097421195,-749.9716227594902,-47.41704686237051
180.329,339.91166715868974,-750.0568799749825,-47.431663443066896
180.379,340.1043731567303,-750.1673178437258,-47.450367434948646
180.469,340.23951530991496,-750.2364774239942,-47.461519183446626
180.562,340.41333008927114,-750.3199001639861,-47.47391162020273
180.603,340.57798709854114,-750.4016086368675,-47.485111877458905
180.644,340.7180828886273,-750.4746231176127,-47.49455703161692
180.734,340.8621922237319,-750.5648014491237,-47.506308133863286
180.825,341.0646517372212,-750.7191151985139,-47.527193191981894
180.865,341.1564054327074,-750.8003439552307,-47.53858566354489
180.956,341.27451347301053,-750.915366398401,-47.55505753006793
181.048,341.4025947621061,-751.0553573656881,-47.57587572840691
181.088,341.51359701827556,-751.1916483102804,-47.59712170624226
181.128,341.6050711469236,-751.3159628569673,-47.61722161360865
181.22,341.68877540847313,-751.4402070685951,-47.637954269423574
181.26,341.78789824399894,-751.6024929365299,-47.66506424002256
181.301,341.8567418944801,-751.7255847134102,-47.68546521518567
181.479,341.94303676325967,-751.8946850928139,-47.71312126438369
181.518,341.9974072350701,-752.011046714887,-47.731863196113636
181.558,342.0574414231312,-752.1227360173802,-47.749387838257235
181.611,342.14500767723655,-752.2589282939001,-47.77005979315612
181.708,342.2182493178814,-752.3589361485456,-47.784673349297066
181.754,342.27934400720494,-752.4342613565656,-47.79523077603989
181.845,342.34442522367226,-752.5076391210503,-47.805023495865385
181.937,342.40536322525713,-752.5740488181925,-47.813434555512
181.977,342.44090969391004,-752.6136940282129,-47.818277534120625
182.019,342.4870196823565,-752.6658031997118,-47.82447830034653
182.109,342.52105795084753,-752.7044695657073,-47.828971771411716
182.153,342.5421070008877,-752.7280050344764,-47.83165405866589
182.366,342.55743153483604,-752.7445743048469,-47.83350957133729
182.408,342.56348000673347,-752.7502891908763,-47.834081050887846
182.45,342.56032993821304,-752.7455444558884,-47.833447702778926
182.492,342.546926757149,-752.7312013074569,-47.831753576415394
182.535,342.5202559613619,-752.7077049804326,-47.829091169953756
182.577,342.4874170517717,-752.6832190877112,-47.8265100040752
182.621,342.43980843013617,-752.6529632167887,-47.82361213081907
182.721,342.3804370458522,-752.6179463825418,-47.82029507259438
182.762,342.3169165820883,-752.581115729681,-47.816736282498084
182.855,342.2364623560686,-752.5356025778801,-47.81222344661404
182.947,342.1641493938521,-752.4959618763745,-47.808144472207005
182.989,342.0514670311991,-752.4364565345717,-47.80187095938345
183.04,341.9047268006748,-752.3633388266591,-47.79388628603601
183.131,341.8298710988885,-752.3281919564898,-47.789988151067575
183.223,341.68791901367047,-752.2649348049534,-47.78300646623609
183.265,341.53654871335914,-752.2024311062291,-47.77625920818366
183.357,341.3804908224914,-752.1437419258413,-47.769940864019304
183.4,341.20257171636945,-752.0827915402801,-47.76270713246254
183.497,341.0411300018209,-752.032152290987,-47.75593316216401
183.54,340.8533019485179,-751.9801520699612,-47.74901394949961
183.583,340.64984782925046,-751.9317723635181,-47.74290905211484
183.682,340.4695189466651,-751.894372586226,-47.73803903949624
183.728,340.2601860918166,-751.8578688611317,-47.73291956735443
183.831,340.031467604295,-751.8295502785659,-47.72990389083674
183.886,339.72812053421455,-751.8088728637337,-47.732343025162265
183.936,339.5571802952619,-751.8004997283385,-47.732691945851116
183.979,339.3539016746294,-751.7961770254243,-47.732962936464446
184.092,339.0116778301254,-751.805141841551,-47.73459250997627
184.139,338.86908209590933,-751.8165890895457,-47.73648654781039
184.182,338.57202367094635,-751.8536185722314,-47.74315177297257
184.277,338.2591976124381,-751.9103770542163,-47.754221056327935
184.32,338.0732319413579,-751.9538118435,-47.76284797347779
184.421,337.817628707443,-752.0239921532349,-47.77641534495609
184.521,337.59519965026027,-752.0952099588542,-47.78980475134324
184.566,337.3066054625193,-752.2067794538024,-47.81177164950128
184.61,337.0548980895721,-752.3205712327352,-47.83676587134045
184.706,336.6647895493951,-752.5296645328693,-47.8864992328119
184.749,336.533405579755,-752.610643040932,-47.906084531664874
184.846,336.30675933330906,-752.7643463453386,-47.943308089074435
184.897,335.96347303806374,-753.0390365370919,-48.00922852216229
184.942,335.7789601627286,-753.2144781024965,-48.05136722163314
185.136,335.65613462314207,-753.343095821008,-48.08171424585379
185.181,335.3696157680742,-753.6845988813685,-48.163929045256225
185.225,335.202897932366,-753.907213049769,-48.219391117571604
185.289,335.08731692226866,-754.0710044425165,-48.26061077336709
185.353,334.8957794004697,-754.3549697029431,-48.332193042495874
185.413,334.72477927105734,-754.6281593421174,-48.39987816102979
185.468,334.6209185047001,-754.8020460889451,-48.441204883197884
185.513,334.4345499583469,-755.1246875062379,-48.51203294827161
185.558,334.34071948647784,-755.2979155389534,-48.54553285163735
185.704,334.1949006206652,-755.5830975078293,-48.59424362471384
185.746,334.03703159510076,-755.9407811719997,-48.64816800907971
185.789,333.94910688572713,-756.199365752251,-48.68593710582496
185.882,333.8946944218068,-756.3925190076512,-48.71358951523712
185.926,333.81748819916584,-756.7311700291486,-48.76010951414423
185.968,333.77501050630747,-756.9846331100778,-48.7940059096461
186.009,333.7419514415141,-757.2654983699869,-48.8299056529645
186.107,333.72227917341763,-757.5532696419547,-48.864985276307664
186.201,333.7202020326689,-758.0752294544985,-48.92420287884448
186.251,333.72719043316044,-758.2419702178375,-48.942830204474944
186.297,333.75562849877895,-758.6765472396336,-48.990975421787596
186.393,333.77956545283286,-758.9968365129947,-49.02548531987816
186.458,333.79791641445973,-759.2258829786425,-49.04919606646615
186.516,333.8406714232464,-759.6833997164912,-49.094148185641984
186.566,333.875107233544,-760.0079744502847,-49.1246818297505
186.715,333.9049168160219,-760.2479402712506,-49.14668401867266
186.757,333.96111904827177,-760.7184475374133,-49.189283616551165
186.8,334.01242319194887,-761.120323082555,-49.22692580415003
186.893,334.0382064633412,-761.3075833150895,-49.244752748637495
186.943,334.1140598117771,-761.816043038302,-49.29475303575168
186.987,334.1801352861961,-762.2304331468746,-49.337336299223125
187.078,334.22317088213026,-762.4893029921886,-49.36468016080232
187.128,334.3212480964134,-763.0681650199805,-49.42706164875284
187.211,334.3845305065639,-763.4302648940075,-49.466969765845874
187.253,334.43209520136844,-763.6964833394918,-49.49675007958501
187.349,334.5267445703055,-764.2122892922442,-49.55471861519891
187.392,334.5900636251266,-764.5493132128779,-49.59230497199917
187.488,334.63488999803127,-764.7828604101248,-49.61874563707494
187.531,334.7022723757433,-765.1213099649048,-49.65832433683431
187.576,334.7758816222723,-765.4814079800489,-49.70117185613401
187.724,334.84289019190743,-765.8087874672815,-49.739593143470756
187.766,334.9143745819667,-766.154394470561,-49.779055213990944
187.808,335.02924896761306,-766.6929821753521,-49.838817910581895
187.901,335.07062016720255,-766.8839945111487,-49.85915925228073
187.943,335.15658066021183,-767.2790158649117,-49.89988309114199
188.047,335.2396236512026,-767.6570715716465,-49.93814088171854
188.095,335.3140028945121,-767.9908801235656,-49.97279660491563
188.144,335.42999937018556,-768.5007008299912,-50.02867900821576
188.289,335.50898445922786,-768.8452445375488,-50.06738420709837
188.33,335.55201127553335,-769.0305610867034,-50.088122965777075
188.371,335.6885090363264,-769.6126120565134,-50.15314196835692
188.414,335.7714446843909,-769.9592706469342,-50.19198185847699
188.507,335.81687627301477,-770.1470412053336,-50.213109993099124
188.55,335.9459351599201,-770.6773649256462,-50.27341379506464
188.646,336.00996759873436,-770.9403841470822,-50.30414416830786
188.69,336.11535261654626,-771.3654320266238,-50.35662499084032
188.782,336.2268016086884,-771.8080311818767,-50.41511048388526
188.824,336.3098063527128,-772.1348302452233,-50.46113337018875
188.875,336.4057470219047,-772.5054702969796,-50.5154463260634
188.974,336.5357196151034,-772.9994508865611,-50.58972315269369
189.017,336.64988631203045,-773.4247409328485,-50.65529716137161
189.113,336.7044816224212,-773.626707615674,-50.686886321219845
189.21,336.813137357036,-774.029698916545,-50.75106734943682
189.253,336.958141107938,-774.5611369069139,-50.83809160956815
189.308,337.0198177308758,-774.7865680074966,-50.87575758511946
189.35,337.1647669363258,-775.3116479363723,-50.963683048582254
189.442,337.2655949754156,-775.6658950906564,-51.02082442573146
189.533,337.32251534852713,-775.8572576007718,-51.05094954860124
189.573,337.50938488913835,-776.4294544146798,-51.13916081165928
189.664,337.6330886743893,-776.767604214724,-51.190151168385455
189.755,337.78886126351085,-777.1694538394875,-51.248658467997814
189.796,337.8949835818463,-777.4344330802501,-51.28519574512893
189.89,337.99385532935844,-777.6749875594819,-51.31640183846673
189.932,338.1549519066911,-778.0534176058462,-51.362106142107166
189.974,338.3584917108415,-778.5020950644728,-51.410509223170834
190.065,338.5398073185223,-778.8784210170044,-51.44731879089147
190.112,338.6289626059089,-779.0573261668679,-51.46413118448294
190.211,338.76711977898856,-779.3278654201791,-51.489123281031596
190.306,339.0471463103862,-779.8817391470002,-51.54166264976624
190.353,339.1317040904395,-780.0613186399955,-51.5595373021377
190.402,339.3484805179068,-780.5191099419606,-51.60724325978106
190.5,339.463859532868,-780.7605554663079,-51.634165517035456
190.542,339.678636797849,-781.2077747923639,-51.6881292510526
190.641,339.79876259833816,-781.458714564434,-51.72225058863438
190.683,339.9643128626068,-781.8052582808683,-51.773793205643244
190.727,340.13261165854556,-782.1578456735944,-51.83029490400912
190.768,340.2661401315132,-782.4381611754591,-51.87626288371143
190.864,340.4024225273706,-782.7226709830506,-51.92209004958539
190.964,340.57155695433397,-783.074532522829,-51.976836356231445
191.005,340.65243137871346,-783.2426940595136,-52.002104279787545
191.132,340.865748252726,-783.6858851023285,-52.06939893541551
191.173,341.00910541554424,-783.9854488779583,-52.11860422045487
191.266,341.13308338747436,-784.2457181881186,-52.164475760062544
191.307,341.313569430033,-784.6277801995542,-52.237978297631514
191.509,341.4577822868989,-784.9357908857893,-52.30076013134999
191.556,341.56854677428635,-785.1706110944745,-52.348791560419954
191.602,341.7430129732316,-785.5387324263073,-52.4221441982653
191.65,341.9111453879025,-785.8938327294267,-52.48981771037694
191.695,342.06189971381,-786.2132964780685,-52.5478339149883
191.738,342.2367104895609,-786.5852083982963,-52.61373979184145
191.779,342.3177622823143,-786.7566669629069,-52.64367442688763
191.822,342.52992742753383,-787.203809137634,-52.72260477798784
191.918,342.71174912840445,-787.5857537795924,-52.79235516774264
191.962,342.7988200945507,-787.7683198559212,-52.82610640656981
192.007,343.0155987912839,-788.2234682471313,-52.91165363361608
192.104,343.15537984547825,-788.5199975302927,-52.967990765768775
192.146,343.3053635270262,-788.8390948287229,-53.02942811238182
192.242,343.43911337143686,-789.1228322410489,-53.08527684867386
192.403,343.69386801567157,-789.6585266170156,-53.19225635304571
192.446,343.76346671792453,-789.8032830882721,-53.22097160370589
192.49,343.9536731035299,-790.1963756618463,-53.298086430762964
192.533,344.13670802161147,-790.5758390145594,-53.368968052735454
192.574,344.28843532492954,-790.8915659491953,-53.42459606596674
192.672,344.45604615648745,-791.2384747431585,-53.482056712619624
192.72,344.60859315727885,-791.5608707315648,-53.53306937717184
192.761,344.7239147957009,-791.8077952489041,-53.57086116509686
192.913,344.8815846255331,-792.1463792461647,-53.62176108675499
192.955,345.04319164835147,-792.4895419330397,-53.67108380858855
192.998,345.2168289562414,-792.854557977352,-53.72084716281938
193.041,345.320630788808,-793.0734547952824,-53.749601479467856
193.088,345.4909212172254,-793.4383293984627,-53.794176016210656
193.227,345.6654178164215,-793.8178960083768,-53.83641983466015
193.291,345.7706700816334,-794.0506216306101,-53.86157509204941
193.355,345.9939469069765,-794.5495200790016,-53.91642834103732
193.398,346.1362261107905,-794.8663692835233,-53.95333831248581
193.45,346.2681955124163,-795.1553079746469,-53.989803758630615
193.5,346.42605101490324,-795.4953660812351,-54.03396005333144
193.594,346.6244370275641,-795.9189326748442,-54.0897184878815
193.64,346.78914329525253,-796.2723949035376,-54.1356476763425
193.771,346.9545665638135,-796.6326142000481,-54.183426447981674
193.815,347.15288575112805,-797.0709406565295,-54.24358585214344
193.861,347.3157504460394,-797.43624384847,-54.296249539069606
193.958,347.4809914424284,-797.80415551371,-54.353727319742234
194.023,347.5732800001648,-798.0074987029125,-54.38692469452741
194.086,347.8392559853563,-798.5848811042985,-54.48198714522016
194.129,348.00547222808007,-798.9459369941932,-54.5398089250117
194.169,348.12918995448933,-799.2156642835878,-54.58346352673601
194.277,348.3601767431489,-799.7203042793526,-54.666562050463426
194.369,348.4991635264739,-800.0264065630577,-54.718252996097476
194.412,348.66046490247663,-800.3855579231108,-54.78136469760045
194.453,348.80950735678357,-800.7197058876945,-54.84285141077015
194.496,348.9445540561121,-801.0193804732231,-54.897732768490414
194.643,349.10358923429874,-801.3706855265971,-54.960051974295425
194.685,349.2359611523176,-801.6639457809309,-55.01026060955343
194.778,349.3768211231427,-801.9768050752408,-55.062683100701804
194.819,349.55656256863017,-802.3746984830988,-55.12794995896735
194.866,349.7077765463898,-802.7083080583011,-55.180708281946636
194.959,349.8559781990766,-803.0362727585161,-55.232138930892916
195.009,350.04111988292306,-803.4477569317419,-55.297613045371634
195.102,350.1879633011375,-803.7748420654193,-55.34945027420093
195.143,350.3644194710374,-804.1679367026526,-55.411642690212204
195.238,350.54383414413735,-804.5682878988678,-55.47541901521845
195.28,350.6578822659745,-804.8227534546805,-55.51638461125742
195.322,350.85726629014476,-805.266361178107,-55.58830153566811
195.461,351.02634884598586,-805.6413163412902,-55.64895557388377
195.503,351.14029064314093,-805.8929987241344,-55.68965776908885
195.546,351.3271811729998,-806.3050239641857,-55.755346168632286
195.643,351.53860166850234,-806.7721243551796,-55.8282117413072
195.736,351.6860766914481,-807.0993413669138,-55.87884115316581
195.778,351.843956662837,-807.4500009627295,-55.93285258548207
195.82,352.0081061682946,-807.8132910188928,-55.989374468679216
195.913,352.2034437604175,-808.2436429080707,-56.05797408573403
195.954,352.356276922434,-808.578485934723,-56.112021571718685
196.097,352.5577460642487,-809.019772881203,-56.18351596705202
196.138,352.7049436170761,-809.345860787378,-56.23561612049019
196.178,352.8606281374871,-809.6939879713614,-56.29117089311086
196.22,353.05846333486306,-810.1393742451662,-56.362155272678194
196.316,353.2313600189507,-810.5278321054171,-56.42497956633969
196.357,353.3887588312738,-810.8787663847964,-56.483466327452106
196.397,353.57807518122945,-811.2981150584052,-56.554988580767315
196.54,353.73312141249386,-811.6415857536828,-56.61411957526826
196.582,353.92198864188254,-812.0603832841449,-56.68464832551922
196.675,354.10845459526763,-812.4779749224842,-56.75388889677424
196.722,354.23142225421395,-812.7558815838385,-56.802247379453604
196.819,354.4488247541712,-813.2478644172841,-56.892286539152906
196.86,354.6171892740745,-813.6234610140717,-56.96610115358874
196.951,354.7445441621775,-813.9065154479971,-57.0257093061349
196.991,354.9741427974075,-814.4161712580631,-57.14097581576192
197.081,355.152322160111,-814.8096605490744,-57.23291159958228
197.124,355.33651852389863,-815.2205743109876,-57.32783304690366
197.217,355.48649810850327,-815.559632934009,-57.406787969560924
197.258,355.6318621230465,-815.891138569657,-57.4845094355984
197.35,355.78602472490223,-816.2384036490618,-57.56713527435596
197.391,355.9240536440321,-816.5439306250659,-57.63892472553556
197.432,356.0919112700275,-816.9129249523921,-57.72548432365983
197.525,356.23000092066076,-817.2103840287842,-57.79545172725477
197.568,356.34473902449764,-817.4535683213433,-57.85143998449087
197.66,356.5468113081473,-817.887771735571,-57.94450340454307
197.705,356.67916093784663,-818.1799818400438,-58.00206356890112
197.8,356.81898929823086,-818.492725086985,-58.06042525220306
197.89,356.9756928104638,-818.8493437739119,-58.1225224577625
197.933,357.10340193452356,-819.1413877733811,-58.1675573697903
197.972,357.26805430395893,-819.5189757216414,-58.21955910143987
198.11,357.42840880081417,-819.883974484395,-58.26655240847987
198.154,357.56681252340286,-820.1955110264611,-58.306108812821094
198.245,357.7434756581958,-820.5905416503546,-58.354557532986064
198.287,357.9519008289643,-821.0602329009262,-58.411682597693584
198.329,358.061176391318,-821.3102754955693,-58.44443004118443
198.377,358.23710959881817,-821.7171192097403,-58.500711925829535
198.47,358.41708273444743,-822.134526841025,-58.56186909736806
198.614,358.5282583421074,-822.3943713048886,-58.60241027871257
198.655,358.72876459691076,-822.8657270631265,-58.68213789431991
198.695,358.88230322883,-823.2266282135907,-58.74711020723777
198.738,359.01896960121394,-823.5471581117226,-58.80676438497153
198.827,359.1907835129349,-823.9499221560105,-58.884439036769095
198.867,359.34000849083253,-824.2999822544807,-58.95434959629051
198.964,359.48272051329815,-824.6336199570595,-59.02232871909507
199.013,359.6612222862185,-825.0457351374754,-59.1089110108868
199.105,359.8400303549634,-825.4561686562038,-59.1969906198421
199.195,360.0107811185407,-825.8443589843807,-59.279711153625215
199.234,360.16234240149026,-826.1869234290331,-59.35168307311875
199.275,360.2925304455754,-826.4816095055697,-59.41170624627944
199.413,360.47929121615647,-826.9073205896871,-59.49352808030824
199.453,360.61921053348124,-827.232393270845,-59.55368570623568
199.492,360.78768113347735,-827.6257165997748,-59.62657680083868
199.536,360.9498000361468,-828.0048448620105,-59.69697261930503
199.629,361.0701989975463,-828.2808377607423,-59.747058618126005
199.669,361.2278561710608,-828.6381638879056,-59.81008402647217
199.81,361.42766372793506,-829.0903635714584,-59.8863219817128
199.85,361.6155732282778,-829.5182064584365,-59.954745809950964
199.94,361.807529004062,-829.9628604749422,-60.02710761558535
199.979,361.92659485423997,-830.239114093041,-60.074472289619905
200.018,362.1462266354211,-830.7528019973275,-60.16681853982419
200.107,362.2862456124618,-831.0747656073606,-60.22855491211931
200.195,362.46979219299794,-831.4965714509822,-60.31479980018827
200.234,362.6699730119614,-831.9515837309109,-60.41329876635018
200.379,362.862512305652,-832.3777301050012,-60.51115906370882
200.421,363.05618303280073,-832.803842715392,-60.61357374811536
200.461,363.22337738414456,-833.1710051318588,-60.703199882153854
200.559,363.35961464671,-833.4673804728804,-60.77616891162927
200.6,363.5568917950789,-833.8976433973102,-60.88433480879252
200.643,363.7043578769959,-834.2219612965628,-60.966815771412655
200.712,363.8839277352246,-834.6235270014735,-61.06542599642273
200.809,364.0459223088263,-834.9915432301059,-61.150879725513164
200.873,364.1953772877855,-835.3352601112114,-61.22823715866201
200.913,364.3491413748943,-835.6910966527477,-61.3015080003575
201.008,364.51272430326446,-836.0756866076313,-61.37276321476992
201.05,364.65773244791603,-836.4207377346756,-61.431167823212945
201.143,364.83690863458685,-836.8403565194369,-61.498723035018656
201.187,365.00483059412136,-837.2223964599417,-61.55562755839691
201.28,365.1643151960551,-837.5888840961834,-61.6053842161358
201.321,365.38778526721916,-838.1147023144856,-61.67375820866323
201.431,365.5042772029658,-838.3920625443333,-61.7077216692079
201.469,365.69249062859177,-838.844089821065,-61.75902946505448
201.56,365.89241536135285,-839.3260981783981,-61.81337583693977
201.6,366.0114181813176,-839.6064363467192,-61.84817318518145
201.706,366.1533913294424,-839.9282626596914,-61.88987698373609
201.747,366.35099724951635,-840.3618963775131,-61.94671172571708
201.787,366.471823418683,-840.6277301892084,-61.98058485312163
201.894,366.64194262005265,-841.0086790735007,-62.026746600029185
201.936,366.79086678753583,-841.3481648449633,-62.06585387328488
202.028,366.9237202831923,-841.6592219280839,-62.10239916260372
202.069,367.0885284905835,-842.050873782373,-62.150735326486256
202.157,367.2362470461948,-842.3977204009539,-62.198428424970075
202.197,367.40021216511747,-842.7710031228003,-62.25376128753618
202.337,367.55770519838643,-843.1212919986327,-62.30701090379648
202.375,367.7854735646778,-843.6229748936505,-62.38335070917066
202.414,367.9033517727486,-843.8857185068263,-62.424091878026616
202.507,368.06259305836613,-844.2475331539097,-62.48618222037862
202.547,368.23829813400226,-844.6572362261976,-62.56800523731562
202.646,368.411128002298,-845.0632851808854,-62.662359167138106
202.737,368.5658928972417,-845.4241021448205,-62.7581562150047
202.777,368.80262345867783,-845.9679429997192,-62.91632581633411
202.868,368.88618536288215,-846.1594594313946,-62.97364655120094
202.91,369.0662317035823,-846.5662578702058,-63.097348983171116
202.951,369.24322686117966,-846.968652634812,-63.223928349157006
203.044,369.3478831360037,-847.2124062516025,-63.30374495771753
203.084,369.489038212567,-847.543716283602,-63.41567732683552
203.176,369.64753260143175,-847.9164931378301,-63.54493171236362
203.317,369.7311496407604,-848.1133265364864,-63.614046520231
203.36,369.8466952766927,-848.3830660139039,-63.70864807992842
203.403,370.01187932736343,-848.7620967234407,-63.836156835103054
203.445,370.0961111104202,-848.9566124012603,-63.89755824523763
203.589,370.231612575077,-849.2736490957813,-63.99078191525689
203.635,370.3938326816117,-849.6663148692855,-64.09289295220611
203.677,370.47778631188885,-849.8707005980311,-64.14131621499757
203.72,370.5942312414152,-850.1546451829184,-64.2040765035992
203.76,370.7822122760487,-850.6150990869362,-64.29856900308789
203.851,370.85069210499194,-850.7830118809203,-64.3313029091916
203.944,370.92843777624864,-850.972344311798,-64.36748843642982
204.039,371.1490104926993,-851.5034138455331,-64.46568762736649
204.079,371.2644682716836,-851.7797896923862,-64.51440281729691
204.173,371.41380829821213,-852.1369477587164,-64.57480780212666
204.219,371.59403782495406,-852.5729717431236,-64.6421903665825
204.269,371.6679078130207,-852.7554293713641,-64.66856723985671
204.415,371.8252604410775,-853.1526408619688,-64.72582065406914
204.456,371.98884342848186,-853.5683939339036,-64.78533546212606
204.495,372.1516362204456,-853.976456874091,-64.84541368903984
204.588,372.25777783035136,-854.2390590560897,-64.88597776641012
204.628,372.465291413636,-854.74508444174,-64.9670400243291
204.669,372.58010471114244,-855.0211903440186,-65.01188631652036
204.756,372.7668805067799,-855.4657471544266,-65.08309183980157
204.8,372.959453700565,-855.9258583545783,-65.1579506018295
204.852,373.1405409396939,-856.370438582063,-65.23405192704189
204.959,373.2514014426664,-856.6426842231668,-65.28220577544357
205.047,373.4124446934593,-857.0432267346575,-65.35573195133549
205.087,373.6110345089337,-857.536058312588,-65.45243441879649
205.175,373.74625309471605,-857.8674227553082,-65.52121116976218
205.222,373.95187686603487,-858.3578762263031,-65.62666429725425
205.31,374.0630302742593,-858.6195143882426,-65.68429242422394
205.352,374.2120154980113,-858.9651364365285,-65.7598273962193
205.444,374.4483001326694,-859.5161817084776,-65.87526649409364
205.485,374.55870922643413,-859.7732984412937,-65.92668767092613
205.622,374.70546260637207,-860.1239728594701,-65.99708862102739
205.663,374.882566388291,-860.5567040599778,-66.08661130308735
205.704,375.0400779479491,-860.9473478790264,-66.17278025010506
205.794,375.1565623130674,-861.2400190877253,-66.24099657520935
205.834,375.34723156035193,-861.7149252618443,-66.35436551029159
205.877,375.4463730488984,-861.9549355266745,-66.40842250641964
205.976,375.5809638464809,-862.2759846637516,-66.47761257954517
206.069,375.7756334744143,-862.7368406491397,-66.57230503384648
206.112,375.8749517685772,-862.9738732740326,-66.61942837605727
206.161,376.0329688672209,-863.3537611174462,-66.69443426424056
206.255,376.2345033669385,-863.8515973711725,-66.79796251251827
206.298,376.35770203151617,-864.1596807749993,-66.86597779684655
206.403,376.4496530481649,-864.3895568849537,-66.91854819993483
206.496,376.61207788477356,-864.7894888822044,-67.01041789342315
206.54,376.76211722271273,-865.1570638443054,-67.09374344766195
206.584,376.85611396586745,-865.387518555568,-67.14497027981076
206.68,377.0216001287283,-865.7927578034379,-67.23281576939843
206.723,377.1552876730806,-866.120853124602,-67.30153318616493
206.772,377.2857239894584,-866.4423666043073,-67.36761279302709
206.874,377.3972845500251,-866.7174927442824,-67.42377592589247
206.952,377.62750713445575,-867.2796238038738,-67.54147207775753
206.993,377.7452841728213,-867.5644965150668,-67.60379120264196
207.036,377.84744857092994,-867.8097992286911,-67.6587578257961
207.168,378.00599408604126,-868.1791140106296,-67.7435017255653
207.208,378.1511941755167,-868.5061126163732,-67.81954496240616
207.25,378.3867703085756,-869.0356750703737,-67.94051652097329
207.393,378.49257027671723,-869.271355186007,-67.99315383021752
207.435,378.6402422701543,-869.5974430123248,-68.0651094003228
207.482,378.87590637230267,-870.1009231660862,-68.17784540368785
207.573,379.03332515319596,-870.425243355408,-68.25288060304217
207.615,379.12252141663816,-870.6056081063844,-68.29508070920184
207.713,379.39391309409393,-871.1490451651109,-68.42046577451146
207.757,379.51752766110206,-871.3957731692246,-68.47462035037893
207.803,379.7703556489993,-871.9059415885523,-68.58275204585573
207.847,379.93220322063473,-872.2467908689114,-68.6522334809776
207.965,380.0222961365156,-872.4381637403409,-68.69045394750827
208.008,380.19523784284604,-872.803835296518,-68.76402729884438
208.053,380.42128018244364,-873.273733910605,-68.86068219296658
208.098,380.6596440301886,-873.7731210182312,-68.95966553249917
208.208,380.8798114518559,-874.2335817579499,-69.04603491342897
208.273,381.0555341333541,-874.5985572269334,-69.11583850908494
208.373,381.2354084578946,-874.975245275098,-69.18912708085253
208.412,381.3323769490449,-875.1818957625842,-69.22903429901186
208.503,381.61878717664456,-875.7918145727213,-69.34674463527426
208.542,381.7894079281041,-876.1601483713072,-69.41481979614593
208.633,381.90987139328536,-876.4243035401872,-69.46045231445811
208.672,382.14973715423844,-876.9508824483651,-69.54467953440695
208.712,382.30612289531757,-877.2912735690115,-69.59804324946577
208.864,382.50832518064334,-877.7282601677339,-69.66705901868966
208.931,382.70445403241047,-878.1563328231449,-69.7350353700179
208.982,382.88741942019857,-878.5597302773335,-69.79799054257484
209.02,382.97195681027927,-878.7498612282611,-69.82665181452467
209.114,383.19414913128094,-879.2569783367612,-69.89917937479134
209.161,383.34861405794084,-879.6149954686871,-69.94713028583016
209.216,383.4646878618613,-879.8830068663789,-69.98248059912925
209.356,383.7103518140723,-880.4477958885009,-70.05836861595037
209.4,383.9044497901947,-880.89364196544,-70.12167490702342
209.44,384.1064779628874,-881.3568099675492,-70.1904454848829
209.54,384.2288266536748,-881.6358196472542,-70.23265709354666
209.582,384.3499917418693,-881.9122541435374,-70.27482774288143
209.625,384.623294344763,-882.5372275411577,-70.37245384504001
209.67,384.7687947625137,-882.8713859835109,-70.42583151867694
209.809,384.8840366118073,-883.1384528653174,-70.46941429425607
209.849,385.0405267821047,-883.5031498707638,-70.53166455641707
209.888,385.26539850134486,-884.0296817539671,-70.6266493910777
209.986,385.4565817902434,-884.4735905148194,-70.70993544639754
210.032,385.5450886725227,-884.6763328202454,-70.74841408610149
210.173,385.8085487879223,-885.2734800261824,-70.86142989198589
210.213,386.00415180583775,-885.7105511801783,-70.94062759903534
210.305,386.1941686893897,-886.136759505574,-71.01450388874571
210.347,386.3049268870825,-886.3876319571109,-71.05626218867161
210.389,386.5023135317926,-886.8378240979293,-71.12562895766854
210.478,386.59740175541185,-887.057391724526,-71.1569335251682
210.522,386.7572778204111,-887.4341137789909,-71.20920804910122
210.566,386.9318308180076,-887.8485752624965,-71.25786728612422
210.66,387.0642246596809,-888.1627348034788,-71.2865803327046
210.754,387.1883545014158,-888.4622836914865,-71.3089790626762
210.794,387.31789344719994,-888.7779337306997,-71.33126613472695
210.885,387.47897955485314,-889.1590056268332,-71.35328031406596
210.93,387.6389932509605,-889.5363188287547,-71.36777697253433
211.01,387.77726401270024,-889.8761244637034,-71.37812531642919
211.099,387.916130039946,-890.2304235787126,-71.389566773919
211.141,388.0709273120274,-890.6319710231712,-71.39938042356755
211.285,388.20639597052354,-890.9938547668798,-71.40465871074434
211.324,388.3755943887744,-891.4550384711499,-71.4144446274426
211.365,388.5184330178314,-891.8470002875002,-71.43149765975642
211.455,388.6569860764817,-892.2197142849852,-71.452064563112
211.495,388.8349831480814,-892.6859855389417,-71.48381666333978
211.61,388.98162260041215,-893.0622322403698,-71.51452762126371
211.659,389.1569880615272,-893.5063080195366,-71.55662993970202
211.7,389.34970985804966,-893.9829034611454,-71.60920647308569
211.752,389.4610349612654,-894.2600048242994,-71.64669115648258
211.792,389.63017012346756,-894.6919022257905,-71.71161090596223
211.886,389.81322807844913,-895.1649605744675,-71.79010567589398
211.93,389.91898053778857,-895.4341759012439,-71.8396143810258
212.025,390.1082336289512,-895.9091704002082,-71.9319828504257
212.067,390.2535314917145,-896.2744547374591,-72.0026579650567
212.112,390.41801246970317,-896.6550772649402,-72.07088206266695
212.206,390.5731394645593,-896.9949054828676,-72.12912750602163
212.249,390.7560716275645,-897.395340270305,-72.1919798712002
212.391,390.8994952748147,-897.7168592452174,-72.2345798234424
212.432,391.0352275469624,-898.0503747655968,-72.27943334391398
212.475,391.2146986124469,-898.5066593039261,-72.34129080340779
212.574,391.3438027951811,-898.8459361856577,-72.38594584098752
212.615,391.4684225938337,-899.1831990908344,-72.4274258003191
212.655,391.63239230942963,-899.6201379304475,-72.47293048432323
212.801,391.7591196409347,-899.9412735638092,-72.5048573082102
212.841,391.92359515605136,-900.3596463122794,-72.54383226808972
212.937,392.0682097541802,-900.7357420494591,-72.57328950962511
212.985,392.20987268084195,-901.1221165237804,-72.60688041917592
213.075,392.394474035112,-901.6236119461801,-72.65209789502637
213.12,392.506293232345,-901.9331408373095,-72.67921300417458
213.17,392.65071756788086,-902.3437992040857,-72.71374985340356
213.263,392.808786255638,-902.7839004376123,-72.75079195939844
213.359,392.9489373989204,-903.1676224770845,-72.78585317413228
213.402,393.10003076767373,-903.5786167650513,-72.82273368776396
213.443,393.2646652334432,-904.014912469819,-72.86120422414933
213.537,393.4056013080591,-904.3775560921504,-72.89494398210496
213.579,393.59001122362815,-904.8476227972207,-72.94177139310455
213.62,393.73562298128377,-905.2135088743546,-72.98077919184828
213.765,393.9011734542504,-905.6271394061561,-73.02938610419079
213.806,394.0635774036292,-906.036673008178,-73.08244707588568
213.846,394.2043895533451,-906.3879216331694,-73.1295867663984
213.937,394.3960899869076,-906.8489525275749,-73.19013489468477
213.983,394.53187442959353,-907.1720913267525,-73.23268389372686
214.029,394.6853287742065,-907.5325762599068,-73.2799163332806
214.122,394.8773215466508,-907.9718566216272,-73.33857542909283
214.234,395.0560084442569,-908.3761372742266,-73.39598731617315
214.28,395.2122916557918,-908.7320198523443,-73.44980995301898
214.326,395.3926228082487,-909.1687706627507,-73.521091587277
214.366,395.5541289762431,-909.576423328771,-73.59481296013018
214.508,395.69489379236245,-909.9496317509429,-73.67188664799937
214.554,395.85458620525503,-910.3883832247791,-73.77465496981728
214.643,395.9847123199189,-910.75187239072,-73.8694334255078
214.683,396.1561493467515,-911.2409158483601,-74.00890891023232
214.723,396.2627995134646,-911.5466765984581,-74.10090271583334
214.814,396.3956174828412,-911.9282485369819,-74.21724758417275
214.915,396.5556371129521,-912.3933583244489,-74.35798587090261
214.956,396.6744173673791,-912.7538309594689,-74.46690316558067
214.997,396.79228902962996,-913.1143871842369,-74.57318197163255
215.123,396.8958350422404,-913.4350207934108,-74.66342463335042
215.174,397.0165984414323,-913.815143091033,-74.76354840955526
215.267,397.1264650302105,-914.1611266445003,-74.84569571759187
215.315,397.2260904332783,-914.4673090432915,-74.90811041310445
215.353,397.35460261576736,-914.8571822038201,-74.9723721993588
215.445,397.4489537542627,-915.1454209365049,-75.00693746131162
215.487,397.5465269182039,-915.4528616743045,-75.03244144281473
215.53,397.6585508391791,-915.8223350969179,-75.04919476257095
215.673,397.76877007256223,-916.17297696497,-75.05406096693605
215.714,397.87433885430085,-916.4988528994452,-75.0527790163585
215.802,398.00801237605515,-916.9093805445904,-75.05220062350418
215.841,398.12812112442475,-917.2973104348422,-75.05800528601617
215.88,398.23600699986196,-917.6595954191155,-75.06860915553443
215.968,398.3585382004086,-918.1379629527419,-75.09712445129225
216.007,398.4464327064036,-918.5810080303664,-75.1450949022148
216.103,398.51838497880203,-918.9858333193636,-75.20519433556154
216.194,398.60057232378296,-919.4879816743685,-75.30023815425778
216.281,398.65666009239715,-919.8570428025098,-75.38406153704562
216.319,398.72192447284954,-920.309043426436,-75.49640597530612
216.405,398.77592558221403,-920.7092173720533,-75.60544744480552
216.445,398.82259636514164,-921.1017332348162,-75.72393192825757
216.491,398.8585722195404,-921.433880242241,-75.83311586098898
216.586,398.8963818176626,-921.8794230171926,-75.99082308452711
216.626,398.9203615752822,-922.1571624563838,-76.09153949782677
216.729,398.95025392335947,-922.4573547848441,-76.20064914638039
216.776,398.9772393337013,-922.7250091981549,-76.29627654809804
216.816,399.0217953656996,-923.1554405633839,-76.4427672104083
216.959,399.06010075454094,-923.485172376757,-76.55108548323227
217.0,399.11161255524127,-923.8916098784409,-76.68180916382966
217.091,399.15545913177107,-924.2127603107765,-76.78177591033489
217.129,399.2135740422691,-924.6051665967585,-76.90060323049471
217.168,399.2754996711128,-925.0036683616947,-77.0191283706256
217.308,399.3232355606772,-925.3074849453469,-77.10829443932778
217.348,399.39158048975764,-925.7479681659997,-77.23411879941932
217.389,399.4634975762498,-926.1991458744161,-77.35993068195557
217.433,399.5020534967243,-926.4284399081469,-77.42402387884647
217.527,399.5694600257212,-926.7954630273026,-77.52627302497075
217.566,399.6224346196175,-927.0607963082642,-77.59968291849725
217.706,399.7034046313902,-927.465688457514,-77.71511828856688
217.747,399.7807466174426,-927.8448741038032,-77.82619672864115
217.837,399.84913756208,-928.1819199659736,-77.92607699482119
217.877,399.923495870624,-928.5601612109153,-78.03652475731383
217.974,399.9993117388986,-928.9625355823622,-78.14809089838184
218.022,400.0846250824605,-929.4342038802856,-78.27395071706587
218.064,400.1425771416055,-929.7342415054067,-78.35139500032432
218.153,400.20517342314594,-930.0442923518376,-78.42872448100871
218.193,400.2870377418915,-930.4355452172049,-78.52238755424787
218.279,400.3496982474985,-930.7325493002766,-78.59213891498638
218.318,400.41262975761674,-931.0308552956724,-78.66206384147256
218.46,400.491272856078,-931.4237636241935,-78.748044262733
218.501,400.5438270710012,-931.6957113141547,-78.80255495098675
218.542,400.61503220522656,-932.0541538720187,-78.86911740651078
218.634,400.7016809650838,-932.4441674814268,-78.93349459405198
218.675,400.77153243630846,-932.7366687875785,-78.97332289847395
218.715,400.84625380750435,-933.0551980522198,-79.0081456153373
218.855,400.9537102615409,-933.5112859728159,-79.05090637188385
218.894,401.02667812700486,-933.8198680133538,-79.0777996077145
218.934,401.1122493643783,-934.2071386454587,-79.1033616837737
219.072,401.18733367942497,-934.5626640017568,-79.11837715588894
219.111,401.25987186601856,-934.8873738189881,-79.1270317206014
219.199,401.3590123582688,-935.2954399677342,-79.13260788697329
219.24,401.46825248981713,-935.752945246279,-79.13621220950546
219.329,401.55304873031207,-936.1068477739566,-79.13984939955606
219.37,401.6709054444097,-936.561035357626,-79.15078180457874
219.463,401.8034728379515,-937.0641024843096,-79.16698670010481
219.505,401.91464348732666,-937.520625049073,-79.17830053334956
219.596,402.0117160522946,-937.92039195631,-79.19007024830091
219.637,402.1243079020488,-938.3574114752697,-79.2115716929573
219.738,402.2909167570012,-938.9818688002377,-79.26202387723731
219.778,402.3486898645061,-939.1944292068822,-79.28308155504516
219.82,402.5318242369884,-939.8411949667786,-79.35933550479052
219.96,402.6432957196249,-940.232826280933,-79.40961521686603
220.0,402.72606639891774,-940.5269236958558,-79.4488978572324
220.089,402.89545372748796,-941.1365894499157,-79.53942533889335
220.132,402.94932489674864,-941.3279225330264,-79.57113084475844
220.171,403.0512461239002,-941.6986182478822,-79.63796259392643
220.307,403.1665253448741,-942.1338877878032,-79.72505592120166
220.347,403.2297315519295,-942.3805642846049,-79.77792095993641
220.386,403.2915116880376,-942.6178434759158,-79.83224329995227
220.425,403.34208184973625,-942.8138994224396,-79.87981424169601
220.566,403.39597590838775,-943.0190664848006,-79.93121119362172
220.613,403.43627103347865,-943.1687668534743,-79.96871170510087
220.702,403.485011825415,-943.3441409251715,-80.01167312186573
220.742,403.5259817427005,-943.4904099327013,-80.04570299103113
220.836,403.5637976713986,-943.622504053613,-80.0739114074945
220.877,403.59094102749947,-943.7152164891824,-80.09123942195595
220.917,403.61237005508764,-943.7837173859541,-80.10130912648816
221.006,403.6208942171489,-943.8130516853676,-80.10494040479881
221.046,403.6526194072184,-943.914207700321,-80.11582981485475
221.19,403.6796552232171,-944.0045894132678,-80.12507069430092
221.23,403.6952985327572,-944.0617307357996,-80.13266747454304
221.32,403.73059084801673,-944.1877454515197,-80.15325538629389
221.36,403.7534089419471,-944.2684811426979,-80.16925873119612
221.403,403.7742710608991,-944.3411678219787,-80.18516723875518
221.54,403.8032252445529,-944.4401537809312,-80.20841901822757
221.58,403.82618217849677,-944.5218018205001,-80.22855083322298
221.619,403.84984149237516,-944.6111445725417,-80.25088013909277
221.669,403.8756466848033,-944.7176279572707,-80.27722044009488
221.806,403.89782849774764,-944.8271048206673,-80.30345276377125
221.845,403.92130515876397,-944.9636917919349,-80.33432516283591
221.885,403.9337240646787,-945.0388024031274,-80.35040446021293
221.974,403.95593183245717,-945.1691679507035,-80.37881095889105
222.112,403.9868928192193,-945.3398264656057,-80.41772471076393
222.152,404.00463870617125,-945.4352221316976,-80.44057555215562
222.197,404.03857046484154,-945.6212402136722,-80.48610736826123
222.24,404.06928490989657,-945.7996581131829,-80.52969818572825
222.28,404.08690525259726,-945.9078869830339,-80.55622335243334
222.326,404.12143781495564,-946.1180577640464,-80.60661534885224
222.42,404.1469889693476,-946.2872964133009,-80.64630644743147
222.507,404.17346399756195,-946.4826727267167,-80.691479958135
222.596,404.19314357928295,-946.6460230132277,-80.72896848465172
222.636,404.2162040080974,-946.8666220029746,-80.78048000924667
222.773,404.2346105372562,-947.0713299110731,-80.82941884027298
222.812,404.2503449449689,-947.2867996792332,-80.88192740471203
222.901,404.25708058050225,-947.3951751979866,-80.90865333238054
222.94,404.27487649500677,-947.7230402453025,-80.99148220234736
222.979,404.2890661705795,-947.9735463160798,-81.05885677171057
223.021,404.2961374467203,-948.0940481097766,-81.09311646741799
223.16,404.3160697205891,-948.4388535842178,-81.19702461302234
223.199,404.3383385571825,-948.6982165327379,-81.27842479916092
223.239,404.37004768067345,-948.9782897929994,-81.36476838434453
223.28,404.39633477248105,-949.1937946349603,-81.42847795647083
223.376,404.41825788344283,-949.3606011748631,-81.47583465313238
223.467,404.47759709459956,-949.7859777225428,-81.59397917614137
223.505,404.5040449254032,-949.9718825971727,-81.64547854524005
223.64,404.54518988928953,-950.2641557032001,-81.72660740301524
223.679,404.5693844013859,-950.4447773147872,-81.77689066714555
223.768,404.62495718652826,-950.8413015840724,-81.8920324387521
223.808,404.66862295381077,-951.1397547309108,-81.98378180799375
223.851,404.68991493733597,-951.2775740701411,-82.0280872077621
223.991,404.75873670958475,-951.692039497672,-82.1687257502557
224.029,404.81452514327526,-951.9942715810275,-82.27569551129204
224.119,404.868674695076,-952.3112852691258,-82.39069582988662
224.158,404.9101057213735,-952.5556177640715,-82.48199155946344
224.196,404.9648585631669,-952.9124059559597,-82.61841022045576
224.239,404.99111976286963,-953.0929777728527,-82.68753730964761
224.329,405.0369644104237,-953.4281704400647,-82.81166610065691
224.419,405.06814945032636,-953.6909571289799,-82.90334642290236
224.459,405.10810684834206,-954.1072171290203,-83.04357836187171
224.649,405.1273874483527,-954.372458120078,-83.13223221848557
224.688,405.14107944580746,-954.6365835192003,-83.2204669457148
224.727,405.14711853001944,-954.7836344173553,-83.26993552868004
224.766,405.1595709766964,-955.2753763516209,-83.43916649735348
224.811,405.1712819651859,-955.5550578278394,-83.54090680440703
224.952,405.1904921932669,-955.9101265457502,-83.67146285548307
224.993,405.2086472787772,-956.2095895941208,-83.77956525446609
225.033,405.2338889671114,-956.5582489933207,-83.90220372405764
225.075,405.2616061790724,-956.9182390917792,-84.02550095029437
225.17,405.28743044744795,-957.2351585647342,-84.13301068656193
225.26,405.314091610059,-957.5476256599658,-84.23923119656263
225.299,405.3526578314853,-957.964098564236,-84.38291905047402
225.346,405.3834268632319,-958.283269267954,-84.49537239175902
225.435,405.41473065678895,-958.5980458355625,-84.6078849812294
225.523,405.45292610403374,-958.9682459235743,-84.74066365337501
225.611,405.4929779197589,-959.3305163607276,-84.86910015476423
225.657,405.5268260118173,-959.6356697829752,-84.97400424574425
225.697,405.5790228158082,-960.0904942902216,-85.12242622253615
225.792,405.6109011667011,-960.360174078969,-85.20491791294637
225.831,405.65401376233274,-960.7260828703029,-85.31011185501274
225.93,405.69869130720406,-961.1422213531143,-85.41865333453762
225.968,405.7204279956484,-961.3715580833816,-85.4710739024705
226.105,405.756983706127,-961.7929405193887,-85.55251274265402
226.146,405.7872177463389,-962.1733329886739,-85.61010587999158
226.185,405.8084914536672,-962.456632745725,-85.64378823290457
226.225,405.8332474762957,-962.8243565976926,-85.67711732351285
226.328,405.84808517226486,-963.2562600616334,-85.71293486705059
226.376,405.85789426681265,-963.5135566274395,-85.7384154169219
226.515,405.88768631036396,-963.9914740239531,-85.79435111714855
226.554,405.899166399642,-964.1951126068358,-85.82081804723191
226.594,405.93557468711936,-964.8663596975583,-85.91728698043403
226.635,405.9554148447805,-965.2700834726801,-85.9812446247297
226.726,405.96936526201887,-965.5695628304662,-86.03172666451502
226.816,405.9967309448566,-966.2332571456404,-86.15150579592785
226.855,406.0073185611483,-966.5532067913964,-86.21375191573787
226.943,406.01996389910494,-966.9805797394404,-86.30135159440033
227.033,406.0314669703416,-967.7803677955455,-86.47854389461679
227.074,406.0308070369636,-968.214496971407,-86.58313798659412
227.17,406.02895248762616,-968.5320248100487,-86.66377491343519
227.259,406.02484726774316,-969.1991555990368,-86.84106352598673
227.299,406.028165996584,-969.6210665064916,-86.95615351997105
227.436,406.0375584305821,-970.0732231196087,-87.0816386015095
227.474,406.06422756917686,-970.6619976512144,-87.24546173174184
227.514,406.1067654531392,-971.172516334294,-87.38791154689744
227.701,406.14067009113666,-971.493029773713,-87.47827740629236
227.74,406.22379980440417,-972.1282594712112,-87.65814803707946
227.78,406.3098298868522,-972.6722178056643,-87.81465712296387
227.819,406.3541527038161,-972.9233482713167,-87.88890444097478
227.859,406.50126648731214,-973.6669376227153,-88.11509367156447
228.003,406.636079333825,-974.2432410418714,-88.29869056255791
228.094,406.7502969231115,-974.6752609505587,-88.44164608740732
228.133,406.95518594134023,-975.3789326486115,-88.68517914896285
228.172,407.1050834558285,-975.8164053364563,-88.87732967473215
228.309,407.242231206367,-976.2080447313009,-89.0448958660105
228.348,407.43526242309713,-976.7486638087922,-89.26735428139006
228.485,407.652581594116,-977.3262307520133,-89.49274141909262
228.525,407.8390430367517,-977.803643709777,-89.66620111433735
228.564,407.9632064842627,-978.1133143985272,-89.77047326045664
228.604,408.1942739698132,-978.6708519426958,-89.94066450948878
228.645,408.29012230414014,-978.8974992312378,-90.00380416529134
228.688,408.5809555062819,-979.5691393243346,-90.17069841614637
228.73,408.79485976951105,-980.0477292943741,-90.27141360285162
228.828,409.0049066627757,-980.5173072208055,-90.35347934125451
228.877,409.2098045200004,-980.9774889351535,-90.41724903816475
228.921,409.39104082380095,-981.3847098794864,-90.45948574722576
229.021,409.5252902805892,-981.686429532474,-90.48256028774631
229.17,409.76767176688895,-982.2313515059827,-90.50520168504812
229.21,409.9714590971463,-982.6897061912244,-90.50658465227383
229.249,410.15320669438745,-983.0986610670006,-90.49338674676005
229.288,410.41000633600135,-983.6856813348846,-90.455964261828
229.328,410.6276756195613,-984.163184796293,-90.41958565804924
229.47,410.78704774941593,-984.4307147935921,-90.40243391828301
229.51,411.14467955790974,-984.8886008511198,-90.3826693002041
229.55,411.3459699131763,-985.0977172417741,-90.37988833820395
229.598,411.6112589362839,-985.3398596523496,-90.38804842861089
229.649,412.0023732061916,-985.6476686895066,-90.4312468739808
229.741,412.3452795567433,-985.8892805911107,-90.48075430622771
229.783,412.5031225356942,-985.9936274734711,-90.50225513140441
229.921,412.9475082244113,-986.2669367657509,-90.55586929640788
229.961,413.32587818315585,-986.4896476604684,-90.59023754551629
230.0,413.50589122442625,-986.5996556804223,-90.60368500035065
230.041,414.0089176033798,-986.9252907785037,-90.62833524573983
230.228,414.1891876744715,-987.0415267310907,-90.63096376604233
230.267,414.68930286434863,-987.337588312066,-90.62209750637624
230.306,415.01082235157446,-987.4659795403638,-90.60840944993879
230.354,415.3537775591892,-987.5541810952266,-90.58849908181054
230.442,415.7055743462454,-987.598754791095,-90.56567112900058
230.486,415.9970447422541,-987.6158546159879,-90.54778069007267
230.525,416.3934217064334,-987.6345455520969,-90.52592722373828
230.618,416.6760409684564,-987.6503775715075,-90.51264022408247
230.66,416.9656517870444,-987.6647886452336,-90.50026184165768
230.799,417.3018484025488,-987.6742633371698,-90.48620180253124
230.889,417.6644921153814,-987.6866014300638,-90.47239366587542
230.929,417.97289968876385,-987.702320271173,-90.46544466148424
230.971,418.3374046789221,-987.717126983716,-90.45907269883952
231.01,418.72628608998707,-987.7347412431079,-90.45243205529187
231.101,419.07113358360255,-987.7494217342496,-90.44453418570299
231.147,419.47741309616185,-987.7653333077983,-90.43127659728867
231.194,419.94180999624086,-987.7835543988,-90.4106438399935
231.333,420.2430379017268,-987.7926929908748,-90.39528301452157
231.372,420.6422216436754,-987.8097607717682,-90.3782684682111
231.461,421.0867447790346,-987.8274632458142,-90.36073388238464
231.504,421.42371421065826,-987.8378539443672,-90.34857426357223
231.597,421.72024873141504,-987.8447041958237,-90.33796620689185
231.69,422.11626789059017,-987.8525696851269,-90.32234048280134
231.729,422.4222851762048,-987.8589358591455,-90.30721603783343
231.824,422.6964459401918,-987.8650908364368,-90.29009797445525
231.963,423.06731240749207,-987.8756632601395,-90.25971710787604
232.003,423.34565290380095,-987.8927168444419,-90.23675441370057
232.188,423.76326936794055,-987.9208259899676,-90.20216799778552
232.229,424.1365485602032,-987.9497141981354,-90.17206468813941
232.297,424.4275203637186,-987.9722906369141,-90.14920835937181
232.357,424.8331090609235,-988.0041479848504,-90.11712278867981
232.397,425.34291867988054,-988.0456986093308,-90.07400093066076
232.436,425.6018658374438,-988.0669363345556,-90.05132107068374
232.476,426.1127045759446,-988.1140407529699,-90.01395177495095
232.518,426.5969641061301,-988.1557825108043,-89.98525903723197
232.614,426.9629920321509,-988.1837618556337,-89.96716970413945
232.658,427.44135384797437,-988.2191940839301,-89.95708502230661
232.702,427.93391451805945,-988.2457655727585,-89.95950059565007
232.741,428.3708065840116,-988.2588531274769,-89.96960790006642
232.783,428.82947056118866,-988.26232680737,-89.98755715711769
232.874,429.2696278766382,-988.2493649560868,-90.01174212105514
232.971,429.59676503725916,-988.2249871450456,-90.03361335762332
233.066,429.9922048708564,-988.1757850536936,-90.0623016187223
233.11,430.334948550788,-988.1147228996093,-90.08693836627384
233.149,430.6972769202011,-988.0340999311593,-90.10957767784873
233.191,431.07867370144015,-987.9328190188292,-90.12751934885273
233.282,431.4911945887116,-987.8041781436314,-90.1373988821831
233.322,431.7805243880921,-987.7005697429662,-90.1379500813918
233.513,432.10015868323507,-987.5694373706764,-90.13238849019933
233.552,432.4891928146107,-987.3817148314508,-90.11642216842438
233.694,432.8161993571226,-987.1961067875702,-90.09455160581763
233.749,433.15826022441377,-986.9721778712372,-90.06156962226675
233.79,433.4502589495106,-986.7543413054389,-90.0239834225925
233.832,433.7168576587768,-986.534580608574,-89.98251526267643
233.873,434.0393006413752,-986.2495787704553,-89.92343227760097
233.914,434.3015330331391,-986.0036374271333,-89.86854325284884
233.955,434.54430903514736,-985.763301901569,-89.811842912933
233.996,434.83728751965384,-985.448694240626,-89.73189477821626
234.097,435.05368558975204,-985.1928609666381,-89.6612440270087
234.158,435.3051776474359,-984.8564555272167,-89.561445136506
234.198,435.45983494569566,-984.6213544736885,-89.48862624561451
234.24,435.64909667370694,-984.2932516112562,-89.38510970886063
234.434,435.82844428561305,-983.9170991728454,-89.26764274738673
234.477,435.95848738168803,-983.5816744953836,-89.16536334621242
234.648,436.0901904907447,-983.1757942534275,-89.04252542332762
234.689,436.17538061313985,-982.8688115952972,-88.94939774484664
234.731,436.263898712563,-982.5051450711925,-88.83759144078056
234.771,436.3499178059189,-982.0857771580418,-88.70603390509712
234.862,436.40436291413045,-981.7497209021086,-88.5993835602398
234.928,436.4516048849505,-981.3643237509655,-88.47635191017474
234.994,436.49373402147216,-980.8536321049074,-88.31122190888686
235.046,436.5070301338936,-980.611106650825,-88.23153588574593
235.138,436.5144091746405,-980.442401841559,-88.17540918662792
235.178,436.527471244142,-979.9953956060212,-88.02367253704836
235.221,436.52302256041514,-979.4563315119041,-87.83846580677192
235.282,436.46280748612253,-979.0297448137432,-87.69720460133067
235.344,436.35610087629686,-978.6287981067738,-87.56928157752026
235.404,436.2473413114675,-978.3300027789949,-87.47783312254927
235.442,436.1174195111133,-978.0338361820535,-87.39050430637798
235.481,435.93881588902104,-977.6791476830061,-87.28965741276454
235.57,435.8324659184542,-977.4851662479689,-87.23563089386568
235.613,435.63918069995856,-977.1544288203869,-87.14518570346496
235.709,435.4504948653532,-976.8559794554342,-87.06550925937489
235.803,435.2633273348451,-976.5834697583588,-86.99421610843439
235.849,435.0697946009926,-976.3243933322776,-86.92606980618308
235.893,434.8332738767418,-976.0379873049282,-86.84954625708627
235.987,434.5805771243075,-975.7702754755032,-86.77773522114956
236.036,434.3074951159822,-975.5153914596704,-86.70883636310833
236.178,434.01319575650973,-975.2778421402201,-86.64532072260573
236.218,433.72364408082126,-975.0776834745592,-86.59383270172077
236.312,433.3991303214831,-974.8776943753095,-86.54584290958587
236.369,433.08041319710264,-974.7057117337424,-86.51013177955576
236.409,432.69333215317135,-974.5233791066679,-86.47864860757142
236.499,432.3976467758963,-974.3989424164812,-86.46065645295897
236.589,431.9982891330343,-974.2593215540817,-86.44917096153188
236.629,431.6347653622679,-974.1460951776124,-86.45049139053884
236.67,431.177041191131,-974.0131125748736,-86.46308313736876
236.733,430.7776892244924,-973.9090402196754,-86.48501508721205
236.837,430.44947704579664,-973.8284676943459,-86.51060359724818
236.887,429.98796053825333,-973.7202667012502,-86.55355050690383
236.931,429.62882357680326,-973.6414524844062,-86.59126719715078
236.98,429.2008941304727,-973.5550466653272,-86.63969000584967
237.072,428.80943419854316,-973.4837801575593,-86.69307508381229
237.116,428.42454874477005,-973.4126314348914,-86.75024026843425
237.256,428.01713411419456,-973.3384024136428,-86.81252773071907
237.345,427.7341459119223,-973.287323805206,-86.85511487289773
237.386,427.34475002468025,-973.219849428948,-86.90978601497761
237.426,426.964837227981,-973.1566860796355,-86.95500459763088
237.516,426.6903703130627,-973.1105722578199,-86.98128607070333
237.604,426.2584276287482,-973.0353881511584,-87.01107631276244
237.645,425.9538037383726,-972.9701919194671,-87.02279833448404
237.688,425.62065799807306,-972.8811742764115,-87.02535901741999
237.728,425.25664196806906,-972.7581519358616,-87.01230855513955
237.82,424.9377520954753,-972.6327843231462,-86.99046190074438
237.869,424.5976798160699,-972.4882570649623,-86.95977921843564
237.911,424.2060578844356,-972.3100629228754,-86.91587975897488
238.105,423.8618563273835,-972.1430298732362,-86.86812276223594
238.146,423.43928689508687,-971.920620546821,-86.79711800101683
238.186,423.0924507594499,-971.7100325728809,-86.72581241399018
238.275,422.75867673490546,-971.4845305553766,-86.64853615840622
238.315,422.3418816014356,-971.192387892343,-86.55173734785689
238.355,422.07764140948484,-970.9980531134498,-86.48884612727801
238.395,421.71840856450774,-970.730252858414,-86.40470891613381
238.536,421.3498793065129,-970.4442721630292,-86.31722332639652
238.576,421.04404923741436,-970.2042810988015,-86.24568670315824
238.618,420.60811118686416,-969.8562009112247,-86.14418670469439
238.76,420.29650985114944,-969.6001987885393,-86.07099688519082
238.801,419.9860640512304,-969.338417504767,-85.99748945518616
238.841,419.55264317580026,-968.9654521095196,-85.89342917918947
239.027,419.2308382460144,-968.6840910688677,-85.8166036836829
239.066,418.79594288526414,-968.2971931196147,-85.71385978799577
239.106,418.3757291887781,-967.9165540072881,-85.61512492366205
239.145,418.2440275541163,-967.7959819869515,-85.58387969499194
239.184,417.8937070942029,-967.4715926012561,-85.49941697894053
239.223,417.58988088892323,-967.1859326275213,-85.42460323774645
239.314,417.2747360970652,-966.885779736261,-85.34538806901031
239.404,416.899247690278,-966.523702962689,-85.2467786952302
239.444,416.73704194448396,-966.3671905914432,-85.20230820827561
239.534,416.4351709983032,-966.0737892179121,-85.1161670805709
239.575,416.1588342614907,-965.8013442003128,-85.03579371106349
239.665,415.91424552301334,-965.5578160612934,-84.9654907016386
239.713,415.53490483579435,-965.1757711747827,-84.86033839692527
239.898,415.14408344440994,-964.7708825894119,-84.76027107677902
239.988,415.01784105641946,-964.6364130126705,-84.72973746113564
240.027,414.6125303988026,-964.1952489083808,-84.638242213316
240.066,414.30732946668934,-963.8556932665755,-84.57478951704269
240.105,414.0577278019958,-963.5745775220505,-84.52743177144362
240.154,413.7313943549243,-963.2017053547373,-84.4722835912583
240.202,413.45354055387463,-962.8803679987338,-84.43307386927734
240.245,413.14678156923435,-962.5187553121596,-84.40047796838229
240.336,412.8247607104404,-962.1323096162926,-84.37864849104602
240.478,412.45511667239134,-961.6793468220983,-84.36627510470402
240.521,412.2941922225601,-961.4782193494045,-84.36344046559378
240.563,412.0422436182447,-961.1580324596866,-84.36182554489886
240.605,411.672974260962,-960.6769615656088,-84.36213301079755
240.646,411.62292939333736,-960.6203534284213,-84.36630773132384
240.741,411.62153705503374,-960.6230245232606,-84.37197884824121
240.838,411.62487984457914,-960.6258151419584,-84.37878395220253
240.882,411.6267512671883,-960.6270260582241,-84.3807483539033
240.979,411.63261859512596,-960.6296858705795,-84.3882449258466
241.024,411.63522356596764,-960.6308452428327,-84.39164066827573
241.121,411.6365013936953,-960.6314005916984,-84.39330012489052
241.164,411.6388290321487,-960.6318815851787,-84.39755833631511
241.206,411.64043581174906,-960.6319486008363,-84.4011155878764
241.249,411.64175654081714,-960.6318448288098,-84.40447773542246
241.347,411.64274844180585,-960.6315351816586,-84.40760397134471
241.439,411.64364496056703,-960.6311593465479,-84.41063253108899
241.479,411.64453991435676,-960.6306745828545,-84.41409065291634
241.572,411.6451819309376,-960.6302900384835,-84.41678266812374
241.615,411.6459655916083,-960.6298527726062,-84.42003828208584
241.756,411.64645822519174,-960.6296049908314,-84.42209954014618
241.797,411.6471833633582,-960.6292710247432,-84.42510882788014
241.837,411.64790049971975,-960.6289970142589,-84.4279013230933
241.926,411.6487524885233,-960.6286561342633,-84.43123583024118
241.966,411.6492250684802,-960.628450376862,-84.43273509267732
242.055,411.64985492771143,-960.6280400066111,-84.43484691524537
242.151,411.6504832354009,-960.6274783194664,-84.43688531605108
242.192,411.6511132085209,-960.6267822334025,-84.43902647795392
242.231,411.6519578458377,-960.6255620781903,-84.44175407543747
242.371,411.6522105320989,-960.6250520132064,-84.44256595053008
242.412,411.652923478479,-960.6236748921266,-84.44494919824751
242.453,411.6534374181764,-960.6226199583804,-84.44660329343748
242.552,411.6539905771641,-960.6213588875967,-84.44842985834555
242.592,411.6545763423439,-960.620023447102,-84.4503177946849
242.685,411.6553662530568,-960.6182833449636,-84.45278221518942
242.725,411.65596702226935,-960.6168929440313,-84.45463050567434
242.818,411.6562238349099,-960.6161985671946,-84.4553399409582
242.909,411.6570360020744,-960.6144554408571,-84.45767824715557
242.95,411.65761718583707,-960.6131646881361,-84.45934407605739
242.993,411.6578805012111,-960.6125007727518,-84.46002591404277
243.135,411.65838257118696,-960.6114398244916,-84.46136392174247
243.176,411.6592310465154,-960.6096968026576,-84.46370905899283
243.221,411.6594904649263,-960.609080559628,-84.46435863790236
243.263,411.6603104521224,-960.607422546324,-84.4664902404287
243.306,411.6608070462517,-960.6064630558342,-84.46786765335048
243.406,411.66105014828804,-960.6059011134206,-84.46845707267602
243.453,411.6617657030282,-960.6045265476839,-84.47035187449222
243.545,411.6620688775322,-960.6038221861062,-84.47110749404186
243.644,411.6625086685661,-960.6029649109972,-84.47228727417712
243.686,411.6631533141235,-960.6017087035647,-84.47395756922958
243.728,411.6633683864432,-960.6012077033033,-84.47450615147682
243.827,411.66386655002566,-960.600228728487,-84.4758476840845
243.919,411.66449966988205,-960.5990108840225,-84.47749784844575
243.96,411.66469167309214,-960.5985557397556,-84.47798123554162
244.058,411.6654166320973,-960.5971378420656,-84.47991249626534
244.11,411.6656937356848,-960.5965692043449,-84.4805789482603
244.208,411.6659416021677,-960.5959930499587,-84.48121726884932
244.25,411.6662996526053,-960.5953000890987,-84.4821736236787
244.291,411.6668195662919,-960.594289676784,-84.48351213143007
244.389,411.6672465191903,-960.5934163343516,-84.48464415033072
244.432,411.6674678044873,-960.5929147521404,-84.48519600449094
244.526,411.6679481099368,-960.5920137988271,-84.48642804637677
244.628,411.6681095907837,-960.5916498850794,-84.48684988601508
244.673,411.66844613619253,-960.5909835861661,-84.48772983773142
244.717,411.66894076963206,-960.5900753196689,-84.48899430706558
244.759,411.6693274253528,-960.5892881199467,-84.49000333078601
244.803,411.6694787094073,-960.5889485201288,-84.49038334878435
244.91,411.6697510880826,-960.5884211613982,-84.49105417460453
244.954,411.6700316920254,-960.5878428642216,-84.49179972986866
245.0,411.6703443015415,-960.5872278324135,-84.49263281601986
245.097,411.67074861424817,-960.5864678553932,-84.49367537023835
245.19,411.67103468659974,-960.5858975023083,-84.49443979979009
245.231,411.67116539471704,-960.5855994457921,-84.4947753640347
245.272,411.67155056810293,-960.58486978784,-84.49574365617161
245.37,411.67185406157273,-960.5842447652591,-84.49655181761989
245.464,411.6719813097285,-960.5839617017416,-84.49687744261132
245.504,411.6723709722268,-960.5832086749432,-84.49784270814018
245.544,411.6724471650016,-960.5830360511208,-84.49804527203173
245.69,411.67288149814135,-960.5822264342779,-84.49920455070549
245.73,411.6730609243443,-960.5818840829253,-84.49962181785452
245.772,411.6732038276492,-960.5815573230565,-84.4999967161362
245.875,411.6735916090014,-960.5808349957466,-84.50097597968517
245.921,411.6737307137362,-960.5805613873022,-84.50133137381937
245.968,411.67386091402614,-960.5802591883025,-84.50167785023382
246.067,411.67412047564204,-960.5797442995945,-84.50233942892112
246.163,411.674389989573,-960.5792559583604,-84.50297205069592
246.207,411.6746328921261,-960.5787782103753,-84.50359169961172
246.312,411.67472268657104,-960.5785765514541,-84.50382350797946
246.373,411.67501062415954,-960.5780477014381,-84.50453422599696
246.427,411.6750923404179,-960.5778581683926,-84.50475161810067
246.469,411.6753107741331,-960.57742303768,-84.50531941547928
246.561,411.67549073263166,-960.5770926976625,-84.50575792078251
246.602,411.6757540725768,-960.5765884429452,-84.50642345046055
246.643,411.67583006574375,-960.5764154520406,-84.50662544970282
246.787,411.6760676811994,-960.5759756730673,-84.50719102810666
246.828,411.6762586364534,-960.575601107172,-84.50768887885175
246.877,411.6763320524583,-960.5754384175393,-84.50788562260277
246.924,411.676560558321,-960.5750269518638,-84.5084315851106
247.022,411.6767153965044,-960.5747271128104,-84.50883737050589
247.116,411.67691543388247,-960.5743415976901,-84.50937759039596
247.158,411.6770187977678,-960.5741443269025,-84.5095660150144
247.203,411.6771773611408,-960.5738277394958,-84.50998675689158
247.479,411.6773096641965,-960.5735789848875,-84.51035800810024
247.519,411.67743847842667,-960.573336936138,-84.51060277548856
247.558,411.67758768244727,-960.5730414628184,-84.51099915132681
247.598,411.6777510892616,-960.5727417186594,-84.51144141261705
247.64,411.6778422594863,-960.5725686667423,-84.51159213009436
247.68,411.6779884278743,-960.5722837078546,-84.51197593382892
247.72,411.6780461840908,-960.5721591465968,-84.5121288880012
247.761,411.6782305433227,-960.5718166714755,-84.51256218600236
247.801,411.6783496928,-960.5715903145974,-84.51287099595044
247.96,411.6784910211735,-960.5713298609028,-84.51325133353066
248.004,411.67856987176344,-960.5711819152821,-84.51337820274205
248.046,411.6786979754422,-960.570935470959,-84.5137043517301
248.143,411.67882905401757,-960.570691878601,-84.51406790233602
248.186,411.6789259103821,-960.570492823932,-84.5142497218934
248.229,411.6790223505959,-960.5703231101962,-84.51447851000626
248.272,411.67914967810515,-960.570084283228,-84.51477578608109
248.42,411.67923299514257,-960.5699136721166,-84.51497987485192
248.464,411.6793514458377,-960.5696971446556,-84.51526060888978
248.506,411.67944813233464,-960.5695286973902,-84.51547909017614
248.553,411.6795268012572,-960.5693677240986,-84.51567524302635
248.65,411.67962737060566,-960.5691895772292,-84.51590340901942
248.698,411.6797131768988,-960.5690323758544,-84.51614908787286
248.795,411.6798041555083,-960.5688689366503,-84.51629672719719
248.844,411.67991645056486,-960.5686505775066,-84.51658718795147
248.898,411.68000752812395,-960.5684889492342,-84.51683664053098
249.038,411.6800720702364,-960.5683608878161,-84.51692181351831
249.078,411.6801721307466,-960.568177141154,-84.51717058946264
249.167,411.6802750709312,-960.5679973620895,-84.51744527010669
249.208,411.68034353719725,-960.5678664477343,-84.51755645597848
249.251,411.6804326648702,-960.5677116237115,-84.51775060542673
249.348,411.68050623957106,-960.5675751290987,-84.51796936447926
249.39,411.68058908224555,-960.567418794853,-84.51808032259225
249.486,411.6806735805078,-960.5672573813154,-84.5183073118676
249.527,411.68075232663,-960.5671252821342,-84.51847418014779
249.619,411.68081419275643,-960.5670092685867,-84.51859720526761
249.661,411.6808469087277,-960.5669407706324,-84.51869973513448
249.754,411.68097995017087,-960.5667228645559,-84.51897538329132
249.846,411.6810447087843,-960.5666040651963,-84.51911546261437
249.888,411.6811198023157,-960.5664707880472,-84.51929132514414
249.932,411.6812011159617,-960.5663197157927,-84.51945267009091
250.023,411.68124715656495,-960.5662327393111,-84.51955822589713
250.065,411.6813178498305,-960.5661008971742,-84.51973233732866
250.158,411.6813926817157,-960.5659746300391,-84.51988281858235
250.201,411.6814326653574,-960.5658977135524,-84.51996103188401
250.243,411.6815028065352,-960.5657726534074,-84.5201258486124
250.387,411.6815671069919,-960.5656665008939,-84.52029843752848
250.48,411.681620836348,-960.5655627832144,-84.52037673349616
250.521,411.6816886468861,-960.5654510340385,-84.52051443545389
250.562,411.68176615004256,-960.5653213915066,-84.52065997307812
250.674,411.6818050643104,-960.5652390758169,-84.52075021485018
250.715,411.68186709672204,-960.5651375907539,-84.52087289527407
250.755,411.6819296979061,-960.5650285942012,-84.52105617353226
250.847,411.6819702336435,-960.5649450929,-84.52111307510347
250.941,411.68201485799335,-960.5648725165681,-84.52120239134467
250.984,411.68203210612864,-960.5648335223598,-84.52126614869809
251.025,411.6821115078757,-960.564695624705,-84.52140670444675
251.082,411.6821668347205,-960.5646093016461,-84.5215093197641
251.125,411.6822246293548,-960.5645141666749,-84.52167488195806
251.229,411.6822642443882,-960.5644381308925,-84.52171685212107
251.276,411.68231014680913,-960.5643679482897,-84.52179486830335
251.38,411.68236989130685,-960.5642677553991,-84.52191932681814
251.43,411.6823965450594,-960.5642084572407,-84.52198891878675
251.52,411.68244383286236,-960.5641333472308,-84.52207421904541
251.568,411.6824936440436,-960.5640507723668,-84.52222202472768
251.615,411.68252581079673,-960.5639880149215,-84.5222471315725
251.755,411.6825715137276,-960.5639112288268,-84.52234955715932
251.798,411.6826201010601,-960.5638363024202,-84.52243608277917
251.839,411.682640832499,-960.5637950014401,-84.5224771421602
251.881,411.6826887341547,-960.5637191229612,-84.52257084891
251.976,411.68273747208315,-960.5636426730384,-84.52261621173363
252.027,411.68276061586386,-960.5635981341426,-84.5226735457627
252.12,411.6827924219967,-960.5635469623057,-84.52274932735611
252.162,411.68283588928136,-960.5634792684243,-84.52276526909998
252.252,411.6828526156554,-960.563449432349,-84.52280934401148
252.344,411.68288413255584,-960.5634051585251,-84.5228804099566
252.383,411.6829256544956,-960.5633514074804,-84.5229457142201
252.473,411.68295430427816,-960.5633051775447,-84.5229804119823
252.514,411.6829844450598,-960.5632663909051,-84.52303300494043
252.605,411.68302643312745,-960.5632082151628,-84.52301455890398
252.65,411.6830357153141,-960.5631869757566,-84.52306721094573
252.772,411.68306384719205,-960.5631518111451,-84.5231309506778
252.812,411.68310739425465,-960.5630997257099,-84.52314021473444
252.855,411.6831278826762,-960.5630703971191,-84.52318954481746
252.896,411.68316909404894,-960.5630208347914,-84.52326643444741
252.985,411.6832080927411,-960.5629717825112,-84.52324977614131
253.078,411.6832252439905,-960.5629452296773,-84.52329577625818
253.17,411.683255509235,-960.5629078526536,-84.5233578134862
253.214,411.68329377374744,-960.5628604385951,-84.52334147929321
253.258,411.68330566956763,-960.5628384353885,-84.52338677344517
253.353,411.68333462826354,-960.5628034399846,-84.52343868005454
253.402,411.6833823303027,-960.5627482928871,-84.52351549233083
253.448,411.68343226290295,-960.5626890978788,-84.52359342807978
253.595,411.68349898016686,-960.5625992992024,-84.52373531627046
253.687,411.68355625106443,-960.5625153568639,-84.52384147199729
253.728,411.68360227167693,-960.5624366770243,-84.52393893082842
253.768,411.6836426850364,-960.562355861904,-84.52399586921905
253.83,411.6836667746984,-960.5622888429667,-84.52400063684189
253.872,411.68366871031753,-960.5622587103616,-84.52403564332957
254.009,411.6836898878906,-960.5622187104902,-84.52407229349802
254.062,411.68371583779185,-960.5621775278424,-84.52410973924304
254.103,411.6837291638476,-960.5621486005593,-84.5241502446097
254.149,411.68375750187266,-960.5621127146325,-84.52419059499556
254.191,411.6837892405679,-960.5620713544698,-84.5242415899342
254.282,411.6838019334454,-960.5620499051162,-84.52425252441554
254.371,411.68383050609236,-960.5620141351268,-84.52429902501854
254.417,411.6838583060248,-960.5619804336915,-84.52433158237886
254.51,411.68387197230754,-960.5619581908193,-84.52436576472951
254.554,411.6838968245356,-960.5619287561722,-84.52440125414535
254.649,411.6839232264677,-960.5618983507414,-84.5244225500117
254.695,411.68393617228935,-960.5618746551621,-84.52446891978775
254.738,411.6839612242934,-960.5618446380861,-84.52450044573351
254.841,411.6839865374202,-960.5618115320345,-84.52448539327929
254.881,411.68398822704603,-960.5618030222535,-84.52450938798597
254.924,411.68401284058905,-960.5617757273087,-84.52454999476487
255.02,411.68404073398904,-960.5617454775992,-84.52457781625378
255.115,411.6840578825118,-960.561722801569,-84.52460850678835
255.216,411.6840849602926,-960.5616929717371,-84.52463162500749
255.258,411.68411416537333,-960.5616594761991,-84.52465631465122
255.3,411.6841283117177,-960.5616369106488,-84.5246857903598
255.342,411.6841541494473,-960.5616058919048,-84.52471416604828
255.485,411.6841814726528,-960.5615724422369,-84.52473945406791
255.548,411.6841944089051,-960.5615496784242,-84.52477003946848
255.585,411.6842218969605,-960.5615151667654,-84.52480476738197
255.628,411.68425244359855,-960.5614807556916,-84.5248192356957
255.673,411.684263752309,-960.5614591835497,-84.52484406226034
255.814,411.6842242716166,-960.5614939271167,-84.52309841420913
255.904,411.6823403879022,-960.5626039536428,-84.5089716543477
255.944,411.6744078754655,-960.5621793554922,-84.48414490819573
255.984,411.6589746176247,-960.5556251152437,-84.45655913586614
256.024,411.630901207881,-960.5399443194954,-84.42129623000176
256.114,411.6038377050145,-960.5225582578072,-84.39605006710468
256.253,411.5706278973572,-960.4978691666367,-84.37296894973144
256.293,411.5372407276046,-960.4677175595148,-84.35885333576664
256.332,411.48611803901053,-960.4156602927793,-84.34898445177191
256.377,411.42181201988876,-960.343921697595,-84.34751376912374
256.466,411.36003165978923,-960.2722325731005,-84.35127090643823
256.559,411.2954670880089,-960.1967770751811,-84.35740611125601
256.597,411.22688828807907,-960.1159066262952,-84.36416441599272
256.637,411.1229555590845,-959.9945509436805,-84.37319644717104
256.745,411.05469641412833,-959.9174684717901,-84.377682436339
256.837,410.9475562340011,-959.7995559506933,-84.38271275709013
256.882,410.846942498669,-959.6923186725178,-84.3858804021832
256.925,410.74615612243963,-959.5878070819532,-84.38796105200379
257.015,410.6320883739735,-959.4704681567658,-84.38818093274352
257.066,410.4713975351531,-959.3092983459424,-84.38582945769866
257.16,410.34677628644647,-959.1877837733963,-84.38290161939898
257.249,410.2330597417571,-959.0774612232277,-84.3797634146344
257.29,410.0445216724755,-958.8985488457062,-84.37499032452985
257.382,409.90303227688423,-958.7679728203872,-84.37213963720205
257.429,409.74628746769474,-958.6259788795763,-84.36980599218094
257.471,409.60137506870956,-958.4974428227573,-84.36816268053263
257.565,409.39260784096757,-958.3197624390622,-84.36575804283996
257.607,409.21360462158134,-958.1737810105637,-84.3630306353358
257.7,409.0028543811635,-958.0086436930758,-84.35796697810304
257.744,408.82188948047747,-957.8719994253228,-84.35250441061243
257.839,408.5757417223274,-957.6888339923561,-84.34259263220827
257.882,408.41083294801325,-957.5685399549076,-84.33480957899388
257.975,408.1206435123704,-957.3589771177548,-84.31395747873125
258.086,407.9096997608341,-957.2078765188818,-84.29006154203222
258.148,407.65912277723316,-957.0316961507209,-84.25366505657752
258.191,407.448723573618,-956.8893559864521,-84.2184562551758
258.247,407.1770445948199,-956.7119966915327,-84.16564269138581
258.3,406.9317330725079,-956.5623410135576,-84.1136173228486
258.345,406.6574159430867,-956.4086237329844,-84.0518693883592
258.389,406.41038967147495,-956.2648247075887,-83.98509520509936
258.486,406.13440533423636,-956.0926719843932,-83.89663816129206
258.585,405.8572840249264,-955.9221647736514,-83.80003175494511
258.638,405.6032954671184,-955.7743668470591,-83.70796044903716
258.696,405.3445501066601,-955.637439667081,-83.6196898290674
258.793,405.01956264187515,-955.4768718866338,-83.520999694914
258.909,404.72176289208704,-955.3305156671548,-83.43741324985899
258.954,404.31330479581624,-955.1253907317296,-83.3286673724723
258.998,404.0060535013681,-954.9725635387622,-83.25143413481436
259.04,403.6721601256596,-954.8075228063007,-83.17225508111278
259.083,403.21968133652365,-954.5858237389645,-83.07813606808423
259.136,402.9440788444575,-954.4604196648438,-83.03291153363796
259.286,402.5158530191747,-954.2818125736395,-82.98130479645715
259.327,402.1360934099859,-954.1353750463984,-82.95489337828155
259.368,401.66890945137067,-953.9631883320769,-82.94293932036607
259.509,401.30447645887216,-953.835155524073,-82.94699804931582
259.55,400.77884984064565,-953.658208714856,-82.97223767508575
259.591,400.49017284103286,-953.5616499706542,-82.99441484008707
259.633,400.1515364001932,-953.4495595479964,-83.02619124351838
259.724,399.6867348848545,-953.2993613706741,-83.07557535230995
259.818,399.3934064713905,-953.2101119575408,-83.10977617584808
259.859,399.0826250592331,-953.1185530179642,-83.1499959813375
259.947,398.745157972235,-953.025737795728,-83.1964653618827
259.987,398.4047484483741,-952.9415550074015,-83.24390534284481
260.081,398.10895930130573,-952.8766022795395,-83.28573828718055
260.127,397.72845347592795,-952.8021118658186,-83.33874066680818
260.218,397.3987172594202,-952.7437175919588,-83.38166435002142
260.26,397.1052581693567,-952.6983454451363,-83.41641933363411
260.306,396.6835311079256,-952.6503996351817,-83.4637637506035
260.399,396.4206990751411,-952.632669791827,-83.49418238522202
260.491,396.135909124495,-952.6208730692485,-83.5277918923789
260.583,395.7169643664198,-952.6164324455841,-83.58104006384559
260.674,395.4500487859881,-952.6175596726146,-83.61747629480561
260.714,395.117022454345,-952.6216329994335,-83.66504802148404
260.753,394.6518076746342,-952.6340775825513,-83.7352618921588
260.797,394.4436717195932,-952.6416418169018,-83.76552565747613
260.944,394.10467900397776,-952.6542786196301,-83.80872409122321
260.986,393.7515239594587,-952.6695015471944,-83.8454490534669
261.029,393.3791621180187,-952.6885454827617,-83.87448455774677
261.123,393.08279466563545,-952.7056048084245,-83.8911943004536
261.164,392.68672268670684,-952.7597598159846,-83.92769016275588
261.207,392.4082479284548,-952.8353870572715,-83.9751703265162
261.256,392.16509681343564,-952.9181738232951,-84.02789268569319
261.359,391.82297461115036,-953.0423787013764,-84.1127210096513
261.404,391.61810054214857,-953.1186506467418,-84.1682069470915
261.547,391.3633769922518,-953.2149643578263,-84.24104234036355
261.588,391.0412132109175,-953.3429731257033,-84.33829773308952
261.629,390.8803063550789,-953.4116867208323,-84.38869383940607
261.677,390.6580705274815,-953.5103472965533,-84.45903817582018
261.723,390.41545755912284,-953.6235438030719,-84.53602102352221
261.867,390.21547072845124,-953.7232593041435,-84.59967710003684
261.908,389.9176941773942,-953.8835633998779,-84.69148900580785
262.051,389.79221208594765,-953.95773819035,-84.72875666996748
262.09,389.6088415106015,-954.0715365884098,-84.78183370773684
262.131,389.41626920208114,-954.1963878057769,-84.83650726401441
262.171,389.2427199949409,-954.3129346798016,-84.8854013780574
262.262,389.0533480050225,-954.4431871096283,-84.93711352604697
262.302,388.8251543026409,-954.6048555707623,-84.99784514538607
262.393,388.63257193434725,-954.7462571095257,-85.04879593580847
262.485,388.5084621014424,-954.8401006620287,-85.08212001964552
262.525,388.35020484365907,-954.9623290840051,-85.1257804871205
262.564,388.19424602110325,-955.0863786366923,-85.17053835747515
262.608,388.02822141119583,-955.2234797128285,-85.2203359529687
262.75,387.8827343707196,-955.3482168577789,-85.26524378762764
262.79,387.7423626657602,-955.4732037344885,-85.30914568903967
262.882,387.5692812277439,-955.6339283743526,-85.36447736860123
262.922,387.45231372078376,-955.746602898698,-85.40312254688479
263.017,387.2885279189719,-955.9106585770351,-85.45988844898926
263.058,387.1654099754125,-956.0389346475201,-85.50567471738646
263.099,387.0403050419736,-956.1735005239443,-85.55453893367701
263.185,386.86912039204185,-956.3625999224627,-85.62203944385112
263.269,386.79906573141795,-956.4418982251775,-85.64948339463263
263.355,386.6855272089772,-956.572292758047,-85.69375793642189
263.393,386.5156491079614,-956.7730419766203,-85.76042348849262
263.438,386.4518909146362,-956.8505673181843,-85.78569543034399
263.529,386.33402154120074,-956.9969148298924,-85.83267336968072
263.615,386.22209243990346,-957.1403653071402,-85.87766842623921
263.655,386.1367962768952,-957.2529995880042,-85.9122957822022
263.788,386.08797222421487,-957.3185633252164,-85.93222469674896
263.825,385.9429356197495,-957.5170218053437,-85.99308652506477
263.911,385.86688139582884,-957.62309723897,-86.02592383063069
263.949,385.77581333106673,-957.7526453362568,-86.06649120324738
263.996,385.68009506111287,-957.8965492718324,-86.11465346620116
264.081,385.6165353401491,-957.9966038121662,-86.15000660083302
264.166,385.5604797435132,-958.0878455988851,-86.18321955831965
264.203,385.4655870484212,-958.2490449916393,-86.24334535231708
264.349,385.43029082790656,-958.311615457061,-86.26730986545988
264.387,385.36794976133103,-958.4258586613273,-86.31188298659998
264.428,385.3011035168065,-958.5532377631465,-86.36223410624552
264.519,385.27262031048144,-958.608700280531,-86.38412016154228
264.56,385.20729594660054,-958.7390655110278,-86.43529854378227
264.602,385.16819148332013,-958.8182923922536,-86.46621771608272
264.702,385.13962139572124,-958.8769014613489,-86.48886158067893
264.795,385.10400541759907,-958.9510058187193,-86.51722312490779
264.837,385.0629441399456,-959.0378383784124,-86.55037396727079
264.931,385.04106334917014,-959.0855706376458,-86.56869579229914
264.975,385.0024574953252,-959.1727370109239,-86.60255744985801
265.02,384.97945694233124,-959.2258774765312,-86.62352386405752
265.165,384.95686533747426,-959.2794983405855,-86.64483953332336
265.207,384.9457159016763,-959.306227853815,-86.65553288862645
265.3,384.92380715803324,-959.3599913849932,-86.67708987314978
265.342,384.9115709235258,-959.3906750347218,-86.68937821522138
265.383,384.89981435997004,-959.4208293980389,-86.70142676778858
265.429,384.8941505921111,-959.4354365346629,-86.70729459689545
265.571,384.88955903250275,-959.4474094373264,-86.7121405777088
265.611,384.8846724825817,-959.4613979997329,-86.71787792309715
265.652,384.88396677945127,-959.4644955939168,-86.71925740597874
265.746,384.88536445582923,-959.4626235045087,-86.71867049441437
265.786,384.88864877059666,-959.4560962073759,-86.71618659553332
265.878,384.8961761405144,-959.4405118196682,-86.70993013651537
265.919,384.90825326282163,-959.4146605904276,-86.69920976854041
265.96,384.9154173790321,-959.3991750133903,-86.69265355408879
266.103,384.92729819284875,-959.3738338362745,-86.68171458360797
266.145,384.94675209758543,-959.3302505493722,-86.66329158103923
266.238,384.9731817533489,-959.2705627129744,-86.63909576084046
266.281,384.9959882934153,-959.2189096303349,-86.61868356546086
266.322,385.01922922833296,-959.1670154732882,-86.59833987163017
266.421,385.04437031219237,-959.1116136931998,-86.57666820753917
266.463,385.0749249764252,-959.0447577211855,-86.55050639216614
266.555,385.1051904657827,-958.979517403654,-86.52493125645276
266.648,385.1476496387934,-958.8899140217385,-86.4897555087635
266.694,385.186003282068,-958.812188244802,-86.45959196158469
266.74,385.2318035932215,-958.7221354920209,-86.42523686235967
266.832,385.2724141086178,-958.6442434969681,-86.395804679133
266.873,385.31887745406067,-958.5562649621926,-86.36294681678356
266.967,385.3675825516903,-958.4657887505463,-86.32940690060417
267.059,385.4136402663595,-958.3816612106649,-86.2982935518765
267.1,385.47578513559245,-958.2701124132376,-86.25696733521829
267.192,385.5411394446729,-958.1554618634622,-86.21418792420013
267.282,385.59750613781443,-958.0598015970382,-86.17863266227926
267.324,385.66888886425943,-957.9418150833847,-86.13534257147683
267.365,385.7096815681157,-957.8756201693616,-86.11131607467428
267.508,385.8291609715616,-957.6882684054463,-86.0438034215212
267.547,385.8841563516844,-957.6061440468966,-86.01444455569191
267.588,385.9749379030863,-957.4775596511291,-85.96967291476938
267.629,386.0550242238412,-957.3681896289938,-85.93281661823141
267.72,386.1457718608839,-957.2457870575996,-85.892800087397
267.767,386.24576313846956,-957.1120677466575,-85.85110703808414
267.86,386.3450265159714,-956.9818628818078,-85.81180583085433
267.906,386.44103138904865,-956.8587921088889,-85.77518783036703
268.008,386.55470728632764,-956.7168105783453,-85.73286558335116
268.05,386.602384384796,-956.6585534431183,-85.71532442051648
268.146,386.7721694449847,-956.456540186663,-85.65342468424603
268.188,386.88304476742576,-956.3288410819339,-85.61361468681315
268.281,386.9707655106383,-956.2303444417541,-85.58260958793574
268.328,387.11366133071044,-956.0739305758069,-85.53285801178407
268.419,387.2067447722877,-955.974161353592,-85.50009359753506
268.46,387.34965116896984,-955.8238399742672,-85.4485090157745
268.502,387.5241331422992,-955.6462581360304,-85.38389685633138
268.595,387.60693164674956,-955.5663862190752,-85.35365273908559
268.688,387.81354806499496,-955.3743836840614,-85.28057727190907
268.786,387.885814113691,-955.3098029069444,-85.25624410762128
268.828,388.12042653158994,-955.1073369494738,-85.18084208479308
268.87,388.2289686617869,-955.0173097019631,-85.14718766756954
268.962,388.40490655140087,-954.875878432148,-85.09380924099156
269.003,388.5757206144112,-954.7427856494604,-85.0429089362022
269.096,388.6930822847129,-954.6534708109835,-85.0083814769315
269.139,388.87561333721453,-954.5183133585099,-84.95545868224275
269.193,389.0254230361296,-954.4111297673685,-84.912801241056
269.286,389.1970772561265,-954.2917490293739,-84.86462473974382
269.329,389.3922615515197,-954.160404221934,-84.81077804318915
269.424,389.5579283823064,-954.0526452543,-84.76494043127514
269.466,389.77025666115617,-953.9187196877213,-84.70513164859608
269.559,389.9754571693974,-953.7939295592499,-84.64720937632757
269.601,390.2278061168188,-953.6480009880893,-84.57757727918954
269.694,390.42138629778105,-953.5432153509971,-84.52377026573413
269.787,390.5692404535845,-953.4675270736469,-84.48184862124066
269.827,390.8549807496879,-953.3323044742195,-84.39917005084334
269.919,390.99352084191776,-953.2708645463393,-84.35817841891111
270.011,391.274433871302,-953.1524397944622,-84.27306566375768
270.057,391.5921100787194,-953.0308088407378,-84.17642025547616
270.097,391.70879033251754,-952.991061202963,-84.14257148460717
270.188,392.0728182698948,-952.873105739608,-84.0396710377845
270.231,392.3326730329944,-952.7940798591912,-83.96953612605449
270.272,392.6065701714324,-952.7147048441219,-83.89929436505156
270.415,392.8641179939417,-952.6462722622291,-83.83688812613713
270.456,393.13891756033667,-952.5783084246068,-83.77274297234572
270.551,393.47643403668997,-952.5005715724938,-83.69893966940936
270.593,393.6868200185265,-952.4546890092009,-83.65740906796532
270.642,393.98050247112826,-952.3945582085667,-83.6050216002281
270.688,394.3447382023007,-952.3266230183741,-83.54835885716676
270.734,394.57124894630687,-952.288487563589,-83.51720207113243
270.876,394.9308842546816,-952.2337594349743,-83.47250787628934
270.969,395.1259273848233,-952.2094739069141,-83.44970126718954
271.011,395.54694481030833,-952.1649858374827,-83.39899771366697
271.053,395.8149049221085,-952.1457148847547,-83.36796197258201
271.099,396.05821118029854,-952.1319754206795,-83.34037428568558
271.245,396.39421827783076,-952.1146536283358,-83.30269427301243
271.286,396.79626222015594,-952.0955332110965,-83.25726457753916
271.328,396.98065367954325,-952.0862803552427,-83.23441555550397
271.371,397.3520637585476,-952.0657167706339,-83.18249404878088
271.42,397.5812575367771,-952.0530511127059,-83.14644467904026
271.566,397.87980381339366,-952.0384092924478,-83.09503205686644
271.613,398.14501300243023,-952.0327935680891,-83.04551144198791
271.659,398.4313753517691,-952.0461516864219,-82.99547763391269
271.751,398.7290305967512,-952.0752485656313,-82.9476971441972
271.792,399.10251955946455,-952.1224469839898,-82.89100063108947
271.884,399.3493947868817,-952.159579554789,-82.85637344529056
271.924,399.6683696467593,-952.2116257194075,-82.81233016890718
271.972,400.0146200949111,-952.2773605974123,-82.76535350679433
272.117,400.27070819245426,-952.3332399997774,-82.73431639555753
272.158,400.6068267271894,-952.4136226667855,-82.69922472965743
272.251,401.018216374987,-952.522023648913,-82.66479411255852
272.291,401.17753377552646,-952.5669588130709,-82.65430918963273
272.331,401.5373048705845,-952.6721398266445,-82.63537241298525
272.376,401.9088459783568,-952.7895137191155,-82.62206495067767
272.522,402.2489365172155,-952.9069412230111,-82.61719877420484
272.564,402.52132407243744,-953.0075122579731,-82.6209041980041
272.605,402.9290730900361,-953.1645560120361,-82.63823902161681
272.708,403.2766508504254,-953.306745174373,-82.66477185076798
272.749,403.4353036476387,-953.3755504103742,-82.6811802155741
272.842,403.83286456438464,-953.5520411229967,-82.73282950513004
272.891,404.0364609905562,-953.6475890393987,-82.7661764551051
272.945,404.30737888094404,-953.7786134412104,-82.81864670880918
273.04,404.6936961560162,-953.9747451430551,-82.90939726687742
273.085,404.9933141361363,-954.1369707222364,-82.99328901441004
273.185,405.1744408107871,-954.2414113154987,-83.05103763968816
273.278,405.4977859848574,-954.4364576057437,-83.16357276994188
273.319,405.75930068900726,-954.6036085793429,-83.25938497622207
273.411,405.8809221562307,-954.6817457554484,-83.302904446757
273.452,406.1776997514447,-954.872144154652,-83.40456350987864
273.493,406.41581001744817,-955.0260157554216,-83.48131341085627
273.586,406.63345812321745,-955.180074587409,-83.55147325487911
273.627,406.77755197663527,-955.2900456263087,-83.59808624828037
273.722,406.96832569923447,-955.4443020798301,-83.65863398218602
273.815,407.13921212577304,-955.5905803395781,-83.71314185723793
273.857,407.2633802389395,-955.7016089373552,-83.75441500393339
273.906,407.4556426065455,-955.8809942628037,-83.82144345988286
273.951,407.5828774430338,-956.0048211298056,-83.8678136077279
274.064,407.71274398359776,-956.1357945646681,-83.91516704750978
274.117,407.86332522815917,-956.2929798760141,-83.9689218711282
274.209,407.97830918606076,-956.4167691241051,-84.00906307844946
274.299,408.09159285628357,-956.5434371773972,-84.04862242270576
274.339,408.2039964342367,-956.6720048049106,-84.08743042138616
274.43,408.3369924382687,-956.8308495431445,-84.13263046584137
274.472,408.434785646984,-956.9551582197632,-84.16424220083059
274.564,408.5376307946275,-957.0926351958127,-84.19525931320021
274.605,408.65044406373147,-957.2497250628495,-84.22600376624109
274.651,408.7432175762685,-957.3856976458592,-84.24952918001128
274.794,408.85647948392716,-957.5571880553334,-84.27568395176309
274.835,408.9429054172872,-957.6907934298822,-84.29423688059137
274.875,409.03154874505117,-957.8316350396595,-84.31376803842318
274.967,409.131914711354,-957.9962760799032,-84.33752187773973
275.009,409.1995007495783,-958.1169599747333,-84.35668159585583
275.102,409.2808155846709,-958.269796009471,-84.38264896887614
275.195,409.3397767165926,-958.3825314801645,-84.40190227384721
275.337,409.42393012256696,-958.5461088396682,-84.42899589636761
275.378,409.4870298989955,-958.6718468753337,-84.44836504623623
275.419,409.56222529408524,-958.8255585194404,-84.46950876323046
275.465,409.6062861140427,-958.9184582148712,-84.48104784973395
275.506,409.67012534281344,-959.0586875502312,-84.4972798734376
275.798,409.7364235453995,-959.2115802521542,-84.51327130918253
275.837,409.78666586090793,-959.3325257648426,-84.52469423816763
275.879,409.83876673898783,-959.4652043181676,-84.53656806507712
275.919,409.8860898888137,-959.5896187452462,-84.54721932828778
275.959,409.9343319377315,-959.720587526323,-84.55844757985255
276.0,409.97598253102103,-959.8386281233533,-84.56909679334427
276.041,410.02566562130073,-959.982227758414,-84.58250034601718
276.082,410.0675802081943,-960.1057117946099,-84.59456187133338
276.122,410.1046608539128,-960.2181168976864,-84.60629739702102
276.163,410.14346734069284,-960.3369363833116,-84.61937939565843
276.204,410.1840093931199,-960.4653664718627,-84.6343521129391
276.348,410.21628731418457,-960.5729119531183,-84.6471090447177
276.395,410.24411825392315,-960.6669948763971,-84.65818292810133
276.487,410.2811949999692,-960.7960590226278,-84.67328055032988
276.528,410.3094370122752,-960.8983314649912,-84.68517230032472
276.569,410.3395232813958,-961.0102840863631,-84.6979363203883
276.661,410.3692080407594,-961.1243963574059,-84.7107941681706
276.709,410.3944061598872,-961.226133541354,-84.72233959977603
276.773,410.4245681483685,-961.3514990854496,-84.73663915053436
276.819,410.4482624512936,-961.4530551489954,-84.74837299855659
276.916,410.46643411833213,-961.5334429651002,-84.75765229872297
277.008,410.4884029352555,-961.6326712559076,-84.76882270329884
277.099,410.49993817169997,-961.6872002427853,-84.77490401888946
277.193,410.5283646042277,-961.823104777335,-84.78933114049295
277.235,410.5472972223224,-961.9191004834091,-84.79877497794456
277.277,410.5632554032345,-962.003505573623,-84.80662497871577
277.318,410.58063031781364,-962.1010362047482,-84.8154079023671
277.412,410.5951695742832,-962.1883181361069,-84.82342600573281
277.454,410.61147841769287,-962.2932564228336,-84.83443638114397
277.6,410.62081928127213,-962.3569895431195,-84.84202926178637
277.641,410.6306818823706,-962.4245574961745,-84.85076682452183
277.683,410.64386183475506,-962.518226560159,-84.86399226713883
277.776,410.6518120032413,-962.5765257540253,-84.87280041281628
277.818,410.663195060452,-962.6618610078106,-84.8862693688456
277.859,410.67178219782875,-962.726288852501,-84.89670634300995
277.902,410.6787732899747,-962.7823980819363,-84.90594184633352
278.005,410.6879265944066,-962.8567061000482,-84.91810518867214
278.05,410.69548111334643,-962.9191274718846,-84.92828957899297
278.095,410.7003113461873,-962.9606831298282,-84.93508572885139
278.238,410.70777818481406,-963.0227407403574,-84.9452032619597
278.281,410.71471632778497,-963.0737219027204,-84.95371623755233
278.325,410.7206675855409,-963.1158769636755,-84.96109409506579
278.371,410.72574680351386,-963.1485512336094,-84.96701689689087
278.514,410.73257009122347,-963.1916220251143,-84.97521032471775
278.555,410.7369002313569,-963.2182168820584,-84.98045350166444
278.649,410.74172169034887,-963.246866778297,-84.98615238894484
278.691,410.7464230653787,-963.2731775809558,-84.99134395671729
278.732,410.74988623307536,-963.293084523186,-84.99525464146978
278.823,410.75339008357764,-963.3106351630214,-84.99855149750016
278.864,410.7565704196337,-963.3242944048944,-85.00095558469798
278.964,410.7585526530744,-963.3318435752499,-85.00218681737869
279.057,410.7612777596367,-963.3386107598783,-85.00301678562266
279.098,410.7634242128471,-963.3397487333422,-85.00271928445318
279.19,410.7646421931652,-963.3377044827381,-85.0019500088103
279.23,410.76622023058223,-963.3297367394018,-84.99981804583251
279.273,410.7669857963094,-963.3241795834142,-84.99844480692684
279.367,410.7678757232999,-963.3063703499196,-84.99444968837787
279.459,410.7683459498162,-963.2878354798103,-84.99046103387047
279.5,410.7684884100978,-963.2646672581276,-84.98563560961776
279.548,410.7680348654784,-963.2395132973129,-84.98054871410557
279.689,410.767424021941,-963.2089475160398,-84.9744109539131
279.729,410.76604369949007,-963.1624856119681,-84.96522380734865
279.769,410.76420862294617,-963.1297134517741,-84.95881631352569
279.862,410.7624046763703,-963.0942256760728,-84.95177361000214
279.902,410.7595993518508,-963.0478817998518,-84.94261695074073
279.943,410.75616514761253,-963.0001565761362,-84.93329099021184
280.083,410.75249011852316,-962.9464630841616,-84.92317878126266
280.123,410.74863548219804,-962.8892930266712,-84.91298376423566
280.214,410.7445244517461,-962.8333072879027,-84.90358483633486
280.254,410.740998147047,-962.7832111088738,-84.89551622099407
280.295,410.7346231932049,-962.6991736826014,-84.88239993527571
280.345,410.7300269126878,-962.642141928525,-84.87380047909016
280.487,410.7246184959772,-962.5708983425022,-84.86331150317301
280.528,410.7196721615351,-962.5077452381078,-84.85420173939883
280.569,410.7117555121921,-962.420429845768,-84.84183342363934
280.712,410.7056237939895,-962.3538603652091,-84.83235872074346
280.753,410.69359459767065,-962.2344988305135,-84.8151522778266
280.793,410.6881166721799,-962.1858944723091,-84.80806339060331
