time_sec,x,y,z
0.258,0.446361150573658,-0.08225390851729386,0.056291100795897775
0.351,0.4593507088014506,-0.08211116905894979,0.056348891419546854
0.427,0.4690828042969022,-0.08201802062073883,0.05636943438689168
0.517,0.48109353932707233,-0.08189766545100437,0.05642039087304418
0.606,0.48709241647325374,-0.08184256273238297,0.056444301576875605
0.647,0.49739008691437697,-0.0817457423587029,0.05649891848367197
0.689,0.5121543436470583,-0.08160800520884343,0.05660053059400949
0.729,0.5184039266103523,-0.08155052246124565,0.05663163168496069
0.77,0.5319186203988502,-0.08142998675049648,0.05670842710242885
0.809,0.5439427271613668,-0.08132117561896894,0.05678669429574926
0.848,0.5506980008655226,-0.08126185722529596,0.05681824572701161
0.887,0.5640286843206674,-0.0811537954780263,0.05689286966854257
0.926,0.5739367945979177,-0.0810669868005924,0.056960669214450615
0.966,0.5859404567833872,-0.08097041965992992,0.05704014952325587
1.016,0.5975389809632248,-0.08087174252656806,0.05712470346660675
1.077,0.6091294058857186,-0.08077150708563607,0.057176388554597446
1.137,0.6193435414999668,-0.08069947247898704,0.057232372947578714
1.229,0.6310096237404582,-0.08060493940727138,0.057302208051182024
1.274,0.6423727392292791,-0.08051223697922348,0.0573491313377974
1.366,0.6532127280051734,-0.08044427155639858,0.057427062867045686
1.407,0.6679045281845746,-0.08033714560102899,0.057567013900096164
1.447,0.6801222802425728,-0.0802433723143763,0.05764315644178031
1.586,0.6890423614046699,-0.08017713562258441,0.05767944335189534
1.624,0.7042925029353568,-0.08009864224596354,0.05778136723706068
1.712,0.7162544966590632,-0.08005350366116819,0.05783929321628939
1.751,0.7275612761028134,-0.08002314945277834,0.05792776933111138
1.798,0.7433904113280618,-0.07997002326816097,0.058082380386979104
1.871,0.7516982372768541,-0.07993781797861395,0.0581393766559275
2.02,0.7644875742934027,-0.07990509766275539,0.058247075529982706
2.09,0.7808096278238761,-0.07985632413456445,0.05840344552164167
2.168,0.7869155164135593,-0.07984357918070067,0.05847352610614143
2.204,0.803793751229291,-0.07978429960773037,0.05860612458454645
2.238,0.8205998896631568,-0.07973734902854078,0.05874483181583995
2.281,0.8345604911497866,-0.07969533299777262,0.058834877250115825
2.362,0.8467989768066583,-0.07967019211780646,0.05894120103880529
2.439,0.8639606965772775,-0.07962780880279682,0.05910117833556833
2.478,0.8774845332368993,-0.07959069571045611,0.05918479779006558
2.533,0.887461537370426,-0.07956961531728143,0.0592626644651692
2.59,0.9052581697123313,-0.0795416037227414,0.05943331642990135
2.658,0.9194702425223171,-0.07953670292312498,0.05954575965705872
2.778,0.9292317208521983,-0.07954449562235388,0.059645272623452705
2.856,0.9476692512569469,-0.07957306248727206,0.05986024858927791
2.934,0.964932040900091,-0.07958552285016036,0.06003160515175371
2.971,0.9792535229649262,-0.07959984331720558,0.06019926711303791
3.048,0.9864698583234468,-0.07960760360808038,0.060297981247321164
3.092,1.0106177164063406,-0.07960286481653944,0.060483554646957094
3.176,1.0211919144852466,-0.07961043960902141,0.06056153931480862
3.221,1.0406813505233539,-0.07961953154177309,0.06072882060811624
3.303,1.0481705591978412,-0.07962628837540384,0.06079865662679845
3.39,1.071697483246528,-0.07963677822116337,0.06098096312372947
3.426,1.0830916379458833,-0.07965322366763064,0.06110976131710688
3.549,1.0957862284137618,-0.07966534462809363,0.06122410915605214
3.584,1.1233769979179489,-0.0797028926954004,0.061488686764941736
3.661,1.1402613110782678,-0.07972596987497499,0.06169655788855932
3.739,1.1482973271572434,-0.07974221838126554,0.06180429931099829
3.772,1.1738202812578085,-0.07978167497871934,0.062121561026403094
3.806,1.1907229795738927,-0.07981371132958769,0.06232563555496906
3.886,1.2083400226266976,-0.07984502353080739,0.06251039381523382
3.973,1.2184171032132873,-0.0798746382175597,0.06264287778197575
4.062,1.2406855418345206,-0.07991530950331215,0.06289375784593165
4.097,1.2532221736699163,-0.07994654093472722,0.0630429787991178
4.218,1.281073605976926,-0.07995392880648597,0.06333357099310688
4.253,1.2941651527128568,-0.07997214165186478,0.0634945763543906
4.296,1.3086935171441498,-0.07997749090518928,0.0636538852628904
4.423,1.3367006393891128,-0.07999289603632061,0.0639474280823692
4.468,1.3504007813636405,-0.0800105522206046,0.0641379957501994
4.507,1.3651878914649065,-0.0800162973913038,0.06431525837655672
4.605,1.3807652309302987,-0.08002108890835524,0.06448162881545794
4.678,1.4087487302868102,-0.0800568003712642,0.06483607375390599
4.756,1.432612873094765,-0.08006085306076202,0.0651209570992275
4.795,1.4432014146527343,-0.08007509974269689,0.06526064159412692
4.871,1.4779199193993835,-0.08009742490694785,0.06577094893442914
4.945,1.49679912018739,-0.08010364861917835,0.06602824354217784
5.022,1.5127031954472268,-0.08012141246195141,0.06625896279176369
5.056,1.5324581762407856,-0.08014769101004754,0.0665845706156265
5.191,1.5490666746705632,-0.08015235659364542,0.06682295220230894
5.234,1.5767538107424715,-0.08016019536672779,0.06717795750809874
5.332,1.6038057232978504,-0.0801858509615948,0.06755895428112668
5.368,1.613815488473028,-0.08020377795749913,0.06770991831629125
5.404,1.6456321993809246,-0.08023592099448837,0.06816771876215755
5.438,1.6678718165826085,-0.08026176663506186,0.06851667539037654
5.604,1.683948003310553,-0.08029258222266955,0.06878356055456725
5.637,1.7131617233382048,-0.08032335280712789,0.06921199581475534
5.671,1.736078403126508,-0.08035738571614617,0.06955176767902016
5.791,1.7525374259549023,-0.08039166839470425,0.06981178505323915
5.826,1.7869154407575518,-0.08044014620019331,0.07032484306578923
5.859,1.7985798509444901,-0.0804632707103317,0.07051687850859645
5.937,1.8225995766265273,-0.08049518398942886,0.0708842120578288
6.071,1.8575717030639902,-0.0805431530583637,0.07137092297273173
6.104,1.8748478270087543,-0.08058018285481923,0.07164311431454495
6.204,1.8996284505024912,-0.08061547607473235,0.07200410330419293
6.239,1.9370851386096453,-0.08068869057550256,0.07254156653672705
6.389,1.9628969686039297,-0.08075943250212207,0.07295822634675775
6.448,1.9749683708296946,-0.08080265324715602,0.07316507627636926
6.491,2.012813636150852,-0.08091813800052636,0.07379985698482161
6.526,2.0312465425640367,-0.08099007966216067,0.07415509238972418
6.559,2.0642238981397223,-0.08110435054574983,0.07477874824368047
6.65,2.09927799973512,-0.08121406128761623,0.07542382575790896
6.707,2.1203931575332655,-0.08128006769366554,0.07578491838821
6.804,2.1398737736216438,-0.08135494976636369,0.07613761290601984
6.841,2.167746480467295,-0.08144178599289983,0.0766331320993201
6.876,2.2007638890781855,-0.08156163895342297,0.07723903622773598
6.96,2.234736401152171,-0.08165672396295168,0.07783659758101003
7.052,2.2628531797943126,-0.08175085154462927,0.07835105415089305
7.092,2.2831880132687274,-0.08182260893019122,0.0787535247243647
7.175,2.312069257516259,-0.08190764521631339,0.07929899467999779
7.26,2.3426273358986744,-0.08199433699332608,0.07987685316972404
7.295,2.3792186167686573,-0.08211851431037238,0.08058339674994652
7.378,2.4040093566905485,-0.08219471956608129,0.08105692437931022
7.419,2.460060128740748,-0.0823857512655608,0.0821420216928328
7.541,2.476257181283745,-0.08245451521844725,0.0824875492741799
7.575,2.502916338492874,-0.0825606850039655,0.0830484344397564
7.652,2.544527948596078,-0.08276868237349451,0.08400572140616003
7.728,2.5780108723089477,-0.08295816290082705,0.08484860832640906
7.778,2.622542442410635,-0.08321338786691766,0.08600948451816404
7.857,2.651875190048882,-0.08337131943787637,0.086772921839807
7.978,2.6882411388816037,-0.08347384732162084,0.08771768866940133
8.012,2.7363635002249564,-0.08274526618206518,0.08894320637540498
8.044,2.7965592224292255,-0.0814751807050154,0.09043355446831547
8.127,2.8285515389140086,-0.08081016777926944,0.09118479390480583
8.247,2.8577999120598054,-0.08020977705417227,0.09188444191918577
8.281,2.922923356089935,-0.07883796684145326,0.09339990073553817
8.358,2.953227539395691,-0.07815176302323146,0.09414108195324777
8.436,2.987713966653329,-0.07731291960018907,0.09498570580213661
8.469,3.0406623395921777,-0.07596044669812821,0.09634169846476426
8.545,3.110155470820639,-0.07403496645097016,0.09828430270541078
8.602,3.133307302629677,-0.07338154679381334,0.09897246839783036
8.637,3.1820776146870475,-0.07195343206522867,0.1004555502063782
8.718,3.2412402297723677,-0.07018633051708718,0.1023197382886516
8.843,3.280226489571925,-0.06899412472999038,0.10356063266033777
8.921,3.3327786902779875,-0.0673454612250699,0.10523680334523755
8.955,3.394041362003081,-0.0653838006728225,0.10721164794289328
9.036,3.4478305407275505,-0.06369309141418687,0.10903763140515532
9.113,3.527958591381391,-0.061197830077469505,0.11194847472980718
9.146,3.566864837614361,-0.05998080191575641,0.11347392685961499
9.226,3.6230427596786003,-0.05818773998462565,0.11571297367247779
9.259,3.70594285043974,-0.05544766484872385,0.11908520309424486
9.337,3.7390168628587963,-0.054323467561439916,0.12044570470417071
9.459,3.800011475065844,-0.05217723978287453,0.12290217745383769
9.493,3.861558983778478,-0.04991887692597362,0.1253351563968037
9.528,3.936937237918107,-0.04704768551153162,0.1282323843713502
9.657,3.985928325505654,-0.045110695248774875,0.13006806334901322
9.689,4.051878246332196,-0.04247408276336363,0.13252845665303004
9.726,4.128371534916926,-0.03925617994712563,0.13557389829000477
9.845,4.181148843715521,-0.03683428675910771,0.13791095706750678
9.927,4.266446542142008,-0.032781226114351,0.14206216152857998
9.964,4.330348185401963,-0.02994119461681638,0.14583487504602455
10.083,4.417190767694956,-0.026310087391133698,0.15215847989215114
10.117,4.490316756264113,-0.023300858862524147,0.1583472959701624
10.151,4.560351796854273,-0.020328790656044985,0.16472772346511078
10.314,4.635975159487254,-0.01703645233372838,0.17188895941986537
10.348,4.712487855583098,-0.013596096357088078,0.17923096283557793
10.386,4.788796908250501,-0.010040927669735298,0.1864533396279886
10.506,4.8713095119250625,-0.0060306093420816565,0.19407742148831053
10.54,4.954830213642325,-0.0018039870809945246,0.20154519501832135
10.623,5.037455786520872,0.0025091573754642926,0.20869575539042096
10.669,5.124280602816597,0.007265835795361477,0.21598149243748122
10.746,5.213416006684532,0.01386706148335762,0.22184278512834155
10.779,5.301098971278369,0.021619034020617576,0.22541772320117603
10.862,5.415209934921528,0.033202748278131376,0.22693154577772834
10.896,5.5119417009721445,0.043675937888651165,0.2257862776507733
11.015,5.578820826752304,0.05024979563236311,0.22339659801452028
11.051,5.720902042692451,0.06318222542768608,0.21449035284179852
11.127,5.79650262256059,0.0698838035798003,0.20851952126184026
11.169,5.9098435573697765,0.0800439202841615,0.19927843926570876
11.292,6.007225730749523,0.08892164006753037,0.1916037317065542
11.326,6.117816630082613,0.09913000335898899,0.1837712031190164
11.405,6.198089458844523,0.10671706339746731,0.17883868949234927
11.445,6.2948152366173336,0.11606179831551532,0.17394625646384299
11.572,6.404148044503602,0.12684882260263336,0.16973165857992534
11.606,6.480056194805201,0.13438504971334433,0.16754993408297825
11.683,6.575303291218715,0.14350531291840674,0.16596178518249616
11.72,6.691902779265552,0.15453565916646678,0.16548333641163016
11.796,6.782359397564223,0.16291168268299974,0.16596474346072654
11.917,6.853591402512741,0.16945565870568677,0.16672407419352853
11.952,6.971286268956517,0.1804292514668219,0.16830937603641916
11.986,7.057337008044045,0.1887035111190637,0.1695371134268635
12.072,7.151640542642891,0.19825309436168864,0.17099414977234506
12.152,7.218012945209301,0.20521105201234033,0.1720887708111345
12.186,7.342563714631581,0.21875433887874715,0.17414692408956434
12.307,7.467337556029119,0.2318965512989369,0.17705032778151342
12.343,7.576724070742514,0.243144608541497,0.18058177066551107
12.465,7.678035892539409,0.2532820425098324,0.1843355526521986
12.497,7.786858004134931,0.26405441783752953,0.18874129974983322
12.578,7.91585873557691,0.2769791637899992,0.19422012159395807
12.613,8.00483523447154,0.28608451594165385,0.19802941321210898
12.69,8.113849193455145,0.2974362691774099,0.20268963088404313
12.81,8.24957693254636,0.3126287893855542,0.20817450890649924
12.846,8.349392628638846,0.3269763469181098,0.2098892012842839
12.879,8.448852781430208,0.34311376709552954,0.2086622816976278
12.956,8.560113925074198,0.3600547061960641,0.20170097199264214
13.035,8.637922560647155,0.3717966306599637,0.19237063499609874
13.113,8.728817837683643,0.3856661975206437,0.17742875106073708
13.148,8.82027717042517,0.3995585624800403,0.15905119850488125
13.225,8.887999979895872,0.40975113491848936,0.144533270541233
13.302,8.982627740150578,0.4239168541675121,0.12451236347716499
13.336,9.067245048451113,0.43648686173136525,0.10793814128911361
13.457,9.121903185576992,0.44452744899717955,0.0982455631151482
13.504,9.219647057046526,0.45895513731529214,0.08329995366956933
13.542,9.301401023348012,0.4711139889285581,0.07299055829841095
13.665,9.392692821947634,0.48510832887872896,0.06345611023044206
13.701,9.471002756609504,0.49726903530852185,0.0567062817705013
13.782,9.506832164267587,0.5029923079615265,0.05390955534898456
13.817,9.620353548834952,0.5212454172416886,0.04586671899740136
13.936,9.695859781565375,0.5333106395902621,0.04078151691974519
13.97,9.788116926025477,0.5479287463861074,0.03462537028041801
14.09,9.855521214516639,0.5586987363347734,0.029969019925239593
14.124,9.926458926214446,0.5699699896484033,0.02480053566798901
14.159,10.014956976841724,0.5845617694088533,0.018034460827940357
14.29,10.082475625406824,0.5961184744087975,0.01285339772362093
14.322,10.15018070761976,0.6079180521778448,0.0077296112504017245
14.364,10.180944506133152,0.6133735828999722,0.0054459144244010105
14.487,10.2953181170454,0.6337589768479184,-0.002902400188603771
14.571,10.360433661472555,0.6452660165772257,-0.007330933469382295
14.609,10.436048239438067,0.6584816854895785,-0.012142089916768128
14.647,10.496450671302675,0.6688314844785059,-0.015710765093746026
14.776,10.55917094356464,0.6792820392124187,-0.01922044598705419
14.815,10.631628722839237,0.6912906500539492,-0.023158859323173964
14.899,10.685946715882164,0.7003554695073901,-0.02602957986774168
14.98,10.75915610102709,0.7125916716446374,-0.02990740146615689
15.013,10.829756236512097,0.724491679219973,-0.033732765234860906
15.046,10.886562258907318,0.7342290216430618,-0.03689360805752795
15.172,10.961154543159147,0.7471342706233053,-0.0411737652112496
15.256,11.01562025759697,0.7566688935524409,-0.04440746936007667
15.294,11.06681962366293,0.7657710430022443,-0.04745567332872014
15.329,11.136830358933466,0.7783008019323103,-0.051665377433684156
15.41,11.188549848145014,0.7875913063524663,-0.05479184308152618
15.497,11.261768064725558,0.8008990906049781,-0.05923094082600677
15.578,11.332706263166758,0.8141233729999944,-0.06314115985730329
15.614,11.39855752516363,0.8267678705419444,-0.06623358408232871
15.657,11.439033569019383,0.834678312795715,-0.06785386078258426
15.786,11.5095524974011,0.8485588430495958,-0.07028534419386112
15.822,11.574338436408574,0.8613506668374453,-0.07222477520543258
15.857,11.62026637777748,0.8703449559421008,-0.07342756080890744
15.944,11.702581759024568,0.8864269490708201,-0.07519114722774933
15.989,11.756723480465373,0.8970132680679632,-0.07620042546684491
16.093,11.81173830226826,0.9078807659080911,-0.07712703413044508
16.19,11.868526660864696,0.9190339805542258,-0.07801964908489278
16.224,11.92565545529862,0.9303108670208536,-0.07893909121659792
16.306,11.990309852726522,0.9433191606244901,-0.08001090906612163
16.395,12.058732536585033,0.9570246194049227,-0.08122068453221143
16.431,12.103283549998913,0.965911115110543,-0.08209544264986857
16.513,12.168909175170672,0.9793224327275339,-0.08346701313771732
16.553,12.225229685390115,0.9907615571877826,-0.08471200567693327
16.599,12.28888610622717,1.00387739743276,-0.0862031440203852
16.72,12.33902080014811,1.014400836466495,-0.08729011965967448
16.803,12.393708202745874,1.025890400641445,-0.08838046268269473
16.839,12.472476133352849,1.042205492170183,-0.08944951740267815
16.921,12.530134646997885,1.0543203038725033,-0.08984511261838257
16.956,12.587259459459535,1.066195161385939,-0.08993050071854913
16.992,12.667439865862885,1.0829765387949575,-0.08971629011644389
17.073,12.728777242344789,1.0960303392347779,-0.08942722235521483
17.204,12.787981315029345,1.1085822074455978,-0.0891072343974022
17.242,12.815331166782558,1.1144940752247363,-0.08896557430101915
17.329,12.892501938600612,1.1329885371243904,-0.08872571055476808
17.414,12.953352954009471,1.1511324114714707,-0.08880044891307826
17.455,13.087897937505222,1.2011372477481215,-0.08923399120769648
17.492,13.148496259001947,1.2282072092609657,-0.08920956297055316
17.623,13.207793397322376,1.2569539120484368,-0.08903545597283102
17.661,13.362298466803807,1.340531291545867,-0.08786426915913559
17.707,13.454777907531422,1.39470318407345,-0.08669439603626472
17.801,13.555892610133263,1.4565873295082494,-0.0852155929553362
17.884,13.679529118849132,1.5361954027561704,-0.0835180263709292
17.921,13.803287266332454,1.6208138581379554,-0.0825415688299822
18.006,13.856164747437658,1.6583462567807896,-0.08230787870447465
18.046,14.00432243369813,1.7681018871816987,-0.0816857575571781
18.084,14.195511394777942,1.9221528248921507,-0.07965573697142503
18.219,14.297433531661945,2.0103496548320723,-0.0780696247525654
18.259,14.479731605102184,2.1791678484951977,-0.07472367441464733
18.296,14.615274428050007,2.314534687325434,-0.07212628678225563
18.428,14.74899639862545,2.4570290648506394,-0.06976070040362448
18.467,14.842128044691673,2.5626726975244556,-0.0686716070694855
18.553,15.047307414043262,2.8111899760610384,-0.06796264834280485
18.589,15.18050507620896,2.9873095004630916,-0.06916768924099159
18.722,15.37069727597637,3.263202048099957,-0.0735658343463621
18.76,15.460688682630105,3.4062309151242283,-0.07698118347220806
18.797,15.607139215664638,3.6621784768442267,-0.08479970263693382
18.843,15.745981372428766,3.9355909327850367,-0.09487575434009266
18.931,15.820065909181363,4.097348017728099,-0.10143814010252328
18.969,15.94249175908245,4.393957032404964,-0.11421439492100038
19.104,16.05095204704739,4.692769543582956,-0.12852488218565306
19.144,16.124441337901875,4.922525544453554,-0.14089252765869542
19.184,16.210150847202755,5.231756626871037,-0.1594329638301346
19.292,16.283134836847054,5.561969264351446,-0.18280831247415907
19.33,16.325929225451823,5.814033747670434,-0.20279386314309988
19.426,16.359976662547233,6.079240504055459,-0.22454607252283942
19.467,16.385564288773043,6.351088996846479,-0.24699093882551182
19.565,16.403053803722077,6.6766403496075295,-0.27279084172124435
19.601,16.403201173062985,6.9462071266697665,-0.2950812808672856
19.644,16.38464310914151,7.277129239861061,-0.32469995321180356
19.783,16.347999114818375,7.592351566722532,-0.35527373950000474
19.823,16.298949221826188,7.856697886215949,-0.3847377845238098
19.862,16.210047775003627,8.19267653733339,-0.42573959961772
19.947,16.12792352438953,8.445013255013727,-0.45514499582443424
20.032,16.08501611487325,8.562661037008697,-0.46832397238806145
20.089,15.954025573264534,8.882509521707373,-0.5026463480674357
20.219,15.76754224718259,9.293886974397134,-0.5438124710484589
20.255,15.71286284982357,9.407770056042816,-0.5548230494425441
20.299,15.44852734451134,9.928561268954395,-0.6020422706557209
20.393,15.350275419269543,10.10806062509099,-0.615025893192799
20.429,15.174266150537779,10.410517212223265,-0.6277583679006176
20.559,14.9856808442355,10.717494656678479,-0.6273412322237597
20.595,14.831844138615617,10.959339403766792,-0.6175128200859721
20.637,14.671899216653543,11.202669397581744,-0.599505722053093
20.687,14.470671106544195,11.503616604778248,-0.5672179423242105
20.74,14.3030003075157,11.750672197575804,-0.5332730754610115
20.864,14.13507491539939,11.993574585422811,-0.49497060765088685
20.908,13.939085594930127,12.27240237497068,-0.4433012037076107
20.964,13.785532880277099,12.477908735029164,-0.39931317710861247
21.092,13.535183218040338,12.74148800174906,-0.3321548409988191
21.132,13.255154580522314,12.959957909251745,-0.2660137778588867
21.216,12.964782539634072,13.151274319644736,-0.20547204275339892
21.258,12.676554356521972,13.319757137031313,-0.15194110547935402
21.299,12.31729013248903,13.50082829140511,-0.09164541917734459
21.385,11.961357982224083,13.649747897198601,-0.0384672324331361
21.422,11.623710243688087,13.7656339176821,0.006424471863005543
21.558,11.158464882102047,13.891737218088346,0.06119462270158671
21.595,10.834655846421935,13.952585218596607,0.09430643543570527
21.631,10.469032008486462,13.997219051628548,0.12801553685780842
21.714,9.983407516150995,14.02627179717261,0.16877780953602262
21.799,9.72240830661347,14.025659226563873,0.18892595892420583
21.882,9.473751534265345,14.014079910702703,0.2066606283863206
21.919,8.877726399132149,13.928540346860174,0.23968160994197107
21.956,8.46469070784616,13.825061724704048,0.25277579488771773
22.143,7.984459815765742,13.677820363844843,0.26073036263643545
22.184,7.675523167169432,13.568902427313667,0.2629926749952508
22.319,7.371576300538802,13.449468749583112,0.26499524095869725
22.357,7.22800181399052,13.386576379250988,0.2658844102637392
22.395,6.8553516221677775,13.198685070723156,0.26759480617090126
22.434,6.361330152677754,12.889681390477422,0.27063200438165497
22.476,6.087082782015201,12.68700023434743,0.27430972343679205
22.562,5.788371581081739,12.439644684560493,0.28012341260718887
22.599,5.468867186621435,12.139364575541517,0.2884725001433609
22.683,5.229972671284093,11.891449993642139,0.2969337232600852
22.72,4.888376738434427,11.509172213382472,0.3138881489507403
22.844,4.722097203092773,11.306035542999494,0.3243782310568473
22.896,4.45997853478364,10.94840111290793,0.34399736328867986
22.933,4.232259708971281,10.583521308704775,0.364690889425358
22.97,4.115871200165667,10.36923815340344,0.376775337126973
23.103,3.9334483959232003,9.977406232852992,0.39829532576721494
23.141,3.8183037120479932,9.686337043414229,0.4142969687515653
23.228,3.669491115957821,9.256278305037457,0.43889891485175153
23.267,3.5740930600758585,8.93549924008677,0.4586046218912129
23.353,3.410781105000604,8.424158637994179,0.4718091734261852
23.393,3.2850063824956868,8.04358018091699,0.4357561856601967
23.488,3.184356826111335,7.662496386007206,0.39372338398842066
23.532,3.098274327954245,7.230891985012547,0.34071887532004563
23.661,3.027906562488621,6.834902007069384,0.2877650056867661
23.696,2.9420104576875827,6.334208366585143,0.22085067546014697
23.784,2.873031335751862,5.932846974312893,0.17405706554479788
23.867,2.8075174004448797,5.573732921739638,0.13655997365911876
23.904,2.6909587122478147,5.126997268297049,0.07829665699653446
23.94,2.566814935012543,4.731579247771681,0.0163417170725918
24.028,2.487440628175178,4.40670625200947,-0.03975957502124369
24.073,2.44502298072113,4.04028167372373,-0.11442670760372853
24.115,2.4284585490887842,3.750949588846356,-0.17239285134098853
24.253,2.4222588361788393,3.4964350395295045,-0.21880365265050672
24.295,2.4185836862329846,3.155137524306873,-0.26972029410900245
24.43,2.411075843319399,2.8450876049490845,-0.3027682070966403
24.468,2.4034819306029007,2.5692197055834933,-0.3212122918046102
24.506,2.3981074732694214,2.384734691404901,-0.32772229709415535
24.552,2.384339282220924,1.9558165046506955,-0.3227090344145287
24.644,2.37518713100246,1.7034931051609383,-0.3078665836446062
24.727,2.3695355136103147,1.3647745014019204,-0.2791347810738378
24.77,2.3974042537843756,1.070870744498212,-0.2565633437986764
24.809,2.449299865331498,0.8083007069537005,-0.24681246667094947
24.932,2.4988956942658467,0.5224043638164372,-0.26143416595227664
24.989,2.5492771701204586,0.3274862267907343,-0.27362326802306347
25.081,2.7005714331313104,-0.09345844383588747,-0.307233529222227
25.12,2.7579277845226127,-0.22236236623181102,-0.32009679014532666
25.208,3.0218721465436413,-0.7259276712449985,-0.3795612789698153
25.244,3.132837829210824,-0.908988996326068,-0.40409797540074943
25.33,3.236962719658975,-1.071584268701393,-0.4263832356023658
25.377,3.433687049748082,-1.3631562136024242,-0.46542940295794777
25.47,3.648224577102609,-1.6642296296919084,-0.5017281754507827
25.506,3.7658671923757288,-1.8189974509344828,-0.5190798192158188
25.636,4.0088402133266765,-2.1315431606324453,-0.548676550273868
25.673,4.272243880740494,-2.4518241168231003,-0.5685748745479917
25.709,4.35042910715513,-2.5435044767026884,-0.5720701730324058
25.838,4.610043444814117,-2.844299610581123,-0.574431737095964
25.875,4.793793827439481,-3.0415766336775065,-0.5730392666392219
25.93,5.029902614048575,-3.2807072654072114,-0.5677539952552997
26.026,5.2261803727049525,-3.4725399929101317,-0.5603299035417488
26.063,5.41131896921714,-3.6454760955766,-0.5522660306963045
26.156,5.554161790438876,-3.7728745652845137,-0.5455451407325747
26.194,5.9376748604285545,-4.097953735581856,-0.5231334231629345
26.282,6.100928282132976,-4.219600735337563,-0.5154995217859693
26.323,6.392416186106407,-4.416650885341339,-0.5041332087816648
26.408,6.579737094458279,-4.533940666898162,-0.48997733561337187
26.447,6.534146777579117,-4.477730356451325,-0.48086006489627797
26.532,6.474310428856093,-4.383041199982702,-0.4612991878876187
26.616,6.428124595677952,-4.321490842086414,-0.4425896644793226
26.653,6.390798247220814,-4.277185548115747,-0.4183842941956497
26.759,6.348313077748417,-4.237301345988214,-0.37414194927083955
26.876,6.313614488571948,-4.219474724579116,-0.3209005661328317
26.912,6.295723107155489,-4.21642639871589,-0.28470376579633117
26.952,6.270288741438785,-4.221014089165056,-0.21583981600949764
27.004,6.250377378847953,-4.237233888869749,-0.14488006533136266
27.089,6.234250420504619,-4.258627882078266,-0.0713996309382674
27.176,6.22204485170148,-4.282786214099364,0.0006130938263186891
27.234,6.21342690370826,-4.314797762343912,0.09033051314471452
27.279,6.228696490002457,-4.327589056254398,0.15055994908547676
27.375,6.2652916663694675,-4.327191515961282,0.20312800525819963
27.422,6.3294902554003265,-4.32005638502129,0.24780723513398994
27.48,6.415149601536566,-4.308117833965209,0.2752496380716254
27.568,6.497630117769301,-4.291927647807474,0.28501431008021116
27.607,6.587826618494267,-4.2727177212328975,0.285302378589682
27.741,6.700413193255391,-4.25294605412623,0.27815866858224014
27.778,6.772817446326894,-4.241480601984298,0.27140672700486457
27.864,6.901798382050789,-4.224993421179503,0.260350904420271
27.902,6.984496178768399,-4.21742749311971,0.2570414531080445
27.941,7.0758228510270715,-4.209506872779011,0.2580087642996802
28.075,7.226580275475026,-4.191900376112076,0.2682218738080535
28.142,7.316545054328081,-4.165989006956893,0.27621631687645554
28.182,7.352935606262752,-4.145144321934104,0.28111018914038244
28.225,7.516427644404976,-4.098291126800132,0.3012770989846123
28.361,7.620599057609691,-4.073310001992672,0.3108220248749358
28.401,7.770846008943991,-4.033392152436303,0.3196124887346201
28.446,7.833133408945647,-4.015573381249723,0.3218752009064394
28.536,8.085716633701116,-3.9373419110559427,0.3245251043024098
28.622,8.273363671028092,-3.874249609307115,0.3214847451299212
28.663,8.416598206994951,-3.8233975934775413,0.31734177542520214
28.76,8.56897638703162,-3.7650344724644844,0.3118173321733977
28.798,8.736307713308776,-3.6962893709125204,0.3075083155814804
28.885,8.948688840735496,-3.6120032289093107,0.3056960922301535
28.924,9.137989376578602,-3.5471547716107317,0.3085633521253994
29.008,9.348137005069905,-3.474321372532461,0.31511154168066646
29.046,9.608089085457324,-3.377702221308728,0.3264416871466578
29.13,9.810609524537533,-3.2960391140437086,0.3373097266171019
29.168,10.046553439993414,-3.1936990586734186,0.35266020793217034
29.306,10.349174726523495,-3.0569821805004573,0.3546824533138917
29.343,10.559277465572446,-2.971604631543974,0.3470665818633476
29.381,10.791076767875733,-2.8833784559281117,0.3387900990245747
29.514,11.072706813191843,-2.7791741718362477,0.3272200828737608
29.555,11.344188570895811,-2.6821511326326557,0.31342659860195
29.593,11.593011006411608,-2.595520580174751,0.29779533543620396
29.678,11.907959050523292,-2.490034435945599,0.27574233311294893
29.716,12.073907033730379,-2.437308984099326,0.2649264476941102
29.801,12.450567285824853,-2.3225496365207765,0.24417341569891082
29.886,12.613854934650853,-2.2745261528512386,0.2371949092152965
29.924,13.001718076297072,-2.16748991146529,0.22650101991874827
30.055,13.322015515405994,-2.0924438709743995,0.22511947272064514
30.094,13.57234792980383,-2.0419292001916056,0.22860374476977885
30.13,13.815916966214989,-2.0003164688660213,0.23563355742787984
30.167,14.079820686279838,-1.9653350413201776,0.2472656639130264
30.298,14.497668590663782,-1.9394937026482648,0.2722026031871705
30.335,14.684220152282162,-1.94575268960295,0.28569577524862666
30.42,14.9712739475636,-1.9740278190206968,0.3099779427243856
30.459,15.453456298881939,-2.059297855126782,0.35661568122031095
30.544,15.631935638465105,-2.1049655655974253,0.3745682063015945
30.631,16.009559187329295,-2.2207327705120177,0.4130415036907804
30.675,16.43544290871999,-2.384481481621899,0.4593020081854027
30.759,16.644992778647502,-2.479003035397462,0.4836540830822722
30.842,17.010306865207248,-2.6597426913766697,0.5281711726944627
30.926,17.376472136568474,-2.8481874753775642,0.5761276917639915
31.147,17.66501704279564,-3.0085466267695162,0.6158463820524958
31.185,17.962799307352554,-3.1923652097482123,0.6581045408711095
31.223,18.28269982215766,-3.4485932039847373,0.7024123359458923
31.26,18.407111429946546,-3.5698392934140517,0.7194566273582517
31.297,18.76260279427816,-3.952411500876134,0.7652164452923902
31.335,18.989596613544464,-4.209492636680639,0.790847383345163
31.371,19.246109540703166,-4.517613246121079,0.8187976520890192
31.455,19.462701288436556,-4.78542713365257,0.8427584383270048
31.492,19.679845889230773,-5.05864180927686,0.8677279910442302
31.537,19.92880936097839,-5.374655395330078,0.8972631107438804
31.67,20.15238536933616,-5.653615702928957,0.9246370580983037
31.755,20.4339454302287,-6.012582428139354,0.9645501768428986
31.837,20.69195083904639,-6.348787411686641,1.008065957949377
31.874,20.926720242175186,-6.658791414706321,1.0534773676110945
31.912,21.089494593326826,-6.874249349519517,1.0880259068862568
31.999,21.471313452762203,-7.377432638601319,1.1758577455308874
32.037,21.735777385350207,-7.727571765923223,1.2401419255770296
32.122,22.140175293420917,-8.27188093482666,1.3392579922581564
32.204,22.3340793413648,-8.536959884098707,1.3847321001465183
32.241,22.608105654966536,-8.915922453207719,1.4456829097549857
32.326,23.019355542408242,-9.493116145149278,1.5281004461560048
32.407,23.228967729068817,-9.789284702888628,1.5627979003679773
32.444,23.519826656051258,-10.20600729730192,1.6022872438128655
32.528,23.94965165630593,-10.83377394992045,1.643635780621418
32.564,24.201484174159646,-11.209141463023563,1.6572816766615315
32.693,24.475864841600487,-11.624855140190165,1.6648563157854959
32.73,24.666153017298967,-11.916433843060021,1.6666498884324454
32.766,25.08245269156195,-12.56616325541421,1.6617218208028888
32.846,25.345975629292383,-12.990806039322262,1.6551899625159336
32.933,25.718469916992113,-13.604938175592975,1.6444595961427702
33.013,25.882329158049178,-13.880199257698198,1.6400098565943129
33.049,26.160108488857166,-14.35503135702717,1.6348313770918779
33.175,26.351701710921002,-14.691482369723564,1.635122502508386
33.208,26.678411391719656,-15.278220004711965,1.6440674248758054
33.249,26.883422378964507,-15.659366708051728,1.656042719249747
33.373,27.13409570420449,-16.13430192697433,1.6775702166180189
33.408,27.379892480399345,-16.58489856626857,1.705026227685698
33.443,27.578348954224502,-16.956827781665805,1.7319434297385214
33.538,27.714953419443958,-17.2192241602547,1.7522921272898682
33.58,28.02900529406737,-17.82180380948466,1.8023156014217143
33.706,28.236280557734837,-18.22133291335713,1.8363398161081506
33.744,28.37876968279565,-18.498303597954212,1.8603365883734906
33.825,28.582538873371412,-18.894837112094155,1.8952944146843613
33.908,28.89229790386905,-19.498524892480727,1.948465958097369
33.944,29.143907973830025,-19.99316146941621,1.9894235797225122
34.025,29.26358563096437,-20.227703212362357,2.007245950731871
34.104,29.466240450601003,-20.62580076477877,2.035341297727971
34.148,29.66191589657452,-21.012487827907155,2.060566971526111
34.225,29.805001978736435,-21.3000984713212,2.079346355297858
34.349,30.001141240181184,-21.701746116452753,2.105230809671095
34.383,30.200491329369964,-22.119775696518982,2.130505195246119
34.418,30.35301248320565,-22.445332513868035,2.148306403761186
34.499,30.55110406351661,-22.87066750936895,2.167662864945278
34.624,30.755842637583065,-23.310286512750373,2.1830160494276605
34.661,30.915183090760358,-23.653558429250747,2.1930441386385766
34.696,31.114897725729914,-24.089114756632622,2.2055228022693782
34.775,31.314207883097296,-24.53158744491506,2.2156847898829923
34.853,31.46639083557443,-24.88006792099879,2.2210405180687545
34.895,31.626466379091987,-25.255953470353973,2.2239895670753818
34.942,31.837855018718365,-25.743080057293813,2.2214128187360203
35.025,32.01538888943761,-26.151953737533358,2.2128869287806445
35.065,32.18354003712425,-26.544272537324552,2.2008331285029463
35.144,32.37251123136049,-26.986899882353796,2.186001437023137
35.27,32.59314538604944,-27.50078318534706,2.163828891824707
35.305,32.8048658736638,-27.997248606118582,2.135963000935714
35.342,33.01803144022541,-28.49692959910627,2.101516288807229
35.466,33.178338844532426,-28.873081242956484,2.0705604321208497
35.509,33.38748837394793,-29.37253402991343,2.023306403278525
35.55,33.594450748712426,-29.869429910411387,1.9724535760149173
35.689,33.75254935655943,-30.246692222867313,1.9316702545426985
35.725,33.960076989687614,-30.741116926292374,1.8759993578305583
35.814,34.07677423644812,-31.0198121822523,1.844061050998743
35.848,34.2936878167411,-31.538802855711356,1.7839496668574277
35.939,34.52541095272443,-32.09747958178047,1.7226627109980548
35.98,34.72360809772319,-32.579473296075896,1.675717383975556
36.019,34.86140360603447,-32.91337459686927,1.6474269755379822
36.154,35.09048155598007,-33.45587378223694,1.611693576312149
36.194,35.16325997523565,-33.624618108362434,1.6041913334886821
36.283,35.38287582009461,-34.130263556384115,1.5938282300630249
36.322,35.527343128186594,-34.46579327768308,1.5962203305854494
36.364,35.7807431134156,-35.060189397837426,1.622094161144684
36.459,35.975370232796216,-35.51654704446139,1.6603840752194081
36.499,36.173142403932474,-35.98086892356567,1.7156821146003622
36.59,36.33621945538552,-36.36326550338266,1.7748699058928707
36.676,36.50667258720895,-36.76123410150369,1.8498903567075935
36.767,36.62074058303767,-37.027504755178846,1.907751699328447
36.806,36.78564658223192,-37.40738814213642,2.0011556821017678
36.891,37.0579158346264,-37.98277307193376,2.150364285812973
36.934,37.30341050945174,-38.48729020633827,2.274945284387588
36.978,37.447958500326344,-38.78079177041246,2.344982045098604
37.063,37.771530281638505,-39.43203648929284,2.4939279727029593
37.147,37.930980395752805,-39.75019456690819,2.5624688002145213
37.188,38.33397094783652,-40.52820632376193,2.710755686571094
37.322,38.56102828707343,-40.95262446730309,2.7753080574249154
37.359,38.83480943718054,-41.45558751011992,2.8373497968003107
37.4,39.112257764869746,-41.961220900015064,2.8846023382938135
37.441,39.25163796637921,-42.21286765914368,2.9026470228772396
37.574,39.47972029013804,-42.62960955892188,2.9270429305672394
37.611,39.60956016890276,-42.87241915266797,2.9397429724365587
37.694,39.855192939151536,-43.347696001535965,2.964953062187483
37.732,40.0851066945895,-43.801915230507525,2.9937677903401223
37.863,40.216685804068874,-44.063921921643065,3.0128723193549227
37.9,40.51385191805819,-44.66206164530326,3.0610075551820373
37.99,40.75668426089765,-45.16499900121365,3.103551329979741
38.073,40.97286010471406,-45.625809733719684,3.1412662110784737
38.11,41.15687727029138,-46.028102639040526,3.1694870283713357
38.148,41.38498577582267,-46.54122238792248,3.197060492467088
38.189,41.59560913418662,-47.025248486987955,3.213486335296192
38.328,41.774585021325635,-47.441666927969386,3.2181169804010104
38.368,41.99732466393996,-47.95514930846968,3.2116853631479074
38.411,42.227049212932755,-48.46852931775189,3.193660681559507
38.544,42.46545572425717,-48.98697186086516,3.1661495144914618
38.581,42.61079917836845,-49.292575110911734,3.1454977623663893
38.664,42.901171224119736,-49.876706611736104,3.0987216234375907
38.701,43.038140561903205,-50.134761141472346,3.0745383595524487
38.746,43.340344966085965,-50.6738813694002,3.0210085996223803
38.83,43.48979835082093,-50.92667621388536,2.9952822639525003
38.868,43.786327770793136,-51.415176249137225,2.9471448217071625
38.952,43.942281975432444,-51.667905915439846,2.925213742929131
39.046,44.22320800108942,-52.11435567218745,2.891652392166641
39.134,44.53514241996728,-52.577373350985475,2.8596127378674367
39.222,44.830148804016886,-53.01208620204399,2.838077333132663
39.264,44.99779794318684,-53.25851435412713,2.830202783775512
39.35,45.36660859133538,-53.784388711027916,2.822230940050364
39.388,45.53420231944577,-54.01611600911229,2.823408696978035
39.476,45.83910576075219,-54.43470043245282,2.835207390651778
39.516,46.20905148659632,-54.93981682947122,2.8631199908270553
39.555,46.51992185647118,-55.359344213136886,2.897896330787109
39.652,46.70080307525715,-55.600969776313185,2.9237624060739904
39.788,47.15650014494068,-56.193999619128135,3.0072818898724343
39.826,47.423636147140456,-56.53602468130255,3.0693169952916364
39.866,47.54470642513765,-56.69008073920287,3.1003164896952384
39.903,47.97637649982654,-57.21745706491411,3.221562981099236
39.986,48.16495995037947,-57.43883726243858,3.278667049943614
40.031,48.53506217296189,-57.85834255975133,3.397218835710305
40.122,49.0311938409444,-58.40249218045352,3.570130060835446
40.16,49.172400678238404,-58.55286969213793,3.6208955705926726
40.312,49.58603104453749,-58.966992031661945,3.7576978644481045
40.352,50.14450435201633,-59.47357494912889,3.9089990275327153
40.39,50.33286600160092,-59.63209999302519,3.951720871981159
40.477,50.84300005557375,-60.03384713987589,4.04866298245841
40.52,51.55821238926096,-60.535259859142535,4.135643116018734
40.558,51.81777434158265,-60.70304500638687,4.15284811422989
40.646,52.358151195727785,-61.05664733377837,4.167659611215591
40.734,52.839072804093675,-61.373749892256185,4.155786598477938
40.828,53.456776591046044,-61.76621869988864,4.126570691982003
40.867,53.74611019046521,-61.9490647798413,4.108966112185371
40.913,54.39347111533574,-62.35833321415008,4.067866379220071
41.049,54.883392176597766,-62.664208499432746,4.044707482366903
41.087,55.069406733619445,-62.78032664517798,4.038547214571906
41.126,55.483690275700596,-63.04045638607838,4.0323870600396745
41.211,56.17077051766549,-63.473138701089646,4.053134688395815
41.299,56.352284774597386,-63.589439498643344,4.0646751072332705
41.337,56.95442790924685,-64.02234946455778,4.1213556573734635
41.429,57.37481819396695,-64.38577336843886,4.171321706639077
41.519,57.52238385738849,-64.5287553676107,4.190030943032994
41.559,57.8368632885102,-64.86049724516603,4.231263989290852
41.618,58.16559604623933,-65.24204692927512,4.270773989980626
41.678,58.396980508122034,-65.53979535202393,4.293169862772999
41.776,58.74937383067418,-66.02910371580853,4.304118594838769
41.864,58.89175958678429,-66.24616489609649,4.3065098498113485
41.905,59.23890374416479,-66.83500780013293,4.315295976128326
41.993,59.430847028015116,-67.19639626151685,4.3238292107118
42.083,59.508262228225476,-67.3514610757936,4.328276211592723
42.121,59.74786984040978,-67.86669486451078,4.347685997210917
42.158,59.90971426730495,-68.2425147223445,4.368532756166282
42.198,60.07982664503365,-68.68260741219832,4.400239433142723
42.583,60.16708108242584,-68.9221767987896,4.421494098675019
42.622,60.35140455180553,-69.46207727078153,4.481228466364939
42.661,60.47871953523667,-69.87618610020404,4.536465544094796
42.7,60.53743850555132,-70.11828196876894,4.569381323658391
42.739,60.64406212094463,-70.62686074971415,4.642408166478532
42.777,60.690824837237,-70.86095392718454,4.678410697097114
42.817,60.756838547282115,-71.20484779942802,4.733390912718697
42.876,60.84606185744498,-71.77500819053996,4.827476574181588
42.926,60.86653178834851,-72.00699686308279,4.863961579148906
42.966,60.86496155973753,-72.43150155527299,4.925154663583939
43.004,60.800933260010225,-72.95233434475576,4.9913472088493265
43.043,60.74738169248411,-73.1958906247066,5.019747830092427
43.13,60.627971638429,-73.61792525211413,5.06651722811889
43.171,60.499218309947025,-73.96961237178454,5.101344757879637
43.311,60.33486473516035,-74.32573776670122,5.129770118398362
43.351,60.12346998621605,-74.70180546175305,5.150667264007531
43.391,59.909595804070165,-75.02323914642206,5.162494564383088
43.431,59.69684951702124,-75.30532591742354,5.16952159290161
43.526,59.39978676323338,-75.64437125170258,5.172625578212454
43.568,59.07334684680136,-75.95651089864117,5.164529851838658
43.656,58.7992339154603,-76.18358701603904,5.151086111383982
43.764,58.502173635970514,-76.40227701709935,5.130732385186029
43.815,58.07357592441927,-76.68283812747033,5.095640202301119
43.903,57.70936269665441,-76.90795654780361,5.057673130073006
43.943,57.41143357075809,-77.08736289341083,5.02403645981903
43.982,57.052050535362895,-77.29471757703209,4.9880313111356145
44.073,56.696760648424586,-77.49185129438193,4.960014696806844
44.113,56.395565685397166,-77.6557678364356,4.943769700564403
44.202,56.04438103620737,-77.84602296841896,4.934695048427088
44.289,55.69697493581221,-78.02913018584417,4.936114187735846
44.327,55.39959470418497,-78.17437107957294,4.944592514291145
44.413,54.90232931718883,-78.39487339746742,4.975631711088759
44.502,54.68995206806247,-78.48030088755151,4.995375784780265
44.542,54.31969559927373,-78.60215219915469,5.030236048820683
44.582,53.94877768827533,-78.66579113064094,5.055718422736369
44.675,53.656188199643374,-78.68200689635084,5.067222029452985
44.763,53.28035366530379,-78.66919006188546,5.070613334207735
44.802,52.91410130591703,-78.6322483837277,5.064319215900966
44.892,52.6160553225904,-78.58706397282674,5.053697033709632
44.939,52.30668530853356,-78.5273962587373,5.03969310479993
45.031,51.87029300770645,-78.4321224829291,5.020475856530339
45.07,51.581869637329234,-78.36341040881666,5.010042789618076
45.109,51.20614229711104,-78.26852579294457,5.001209137117982
45.245,50.84525056594387,-78.16686423048293,4.997613070431001
45.284,50.567492551009266,-78.07088076891085,4.995841651270567
45.37,50.22345313590031,-77.9102495163143,4.990945691398231
45.409,49.94911032862667,-77.74660107494402,4.984604894327937
45.507,49.629325486007644,-77.5087571624383,4.972179033382439
45.597,49.46447589628791,-77.35921816434119,4.962033102356969
45.636,49.264666007144044,-77.14955471537205,4.945650661317082
45.681,49.02064812049008,-76.8479671590697,4.919797925209863
45.82,48.82956049886644,-76.56609667213962,4.894066263046895
45.859,48.66958298665982,-76.27547647758558,4.866037466154054
45.951,48.56565394053895,-76.04350236557498,4.842941731125556
45.988,48.4750428500366,-75.79657677078022,4.818082868584511
46.026,48.382359897569245,-75.47403976496048,4.786093647442463
46.117,48.32857934493275,-75.22586388376543,4.762403411658532
46.209,48.28854159752533,-74.95928152441154,4.73855601882412
46.248,48.26378920095712,-74.62473837248763,4.710977382689677
46.336,48.26223065433197,-74.36388579042627,4.691379461730769
46.379,48.277674419648264,-74.07829118027307,4.672034783029112
46.421,48.31573902524529,-73.75135936472408,4.652267125998115
46.549,48.376665945438845,-73.42901930910091,4.635188282890837
46.608,48.445581998270455,-73.14582756249216,4.622694415938682
46.656,48.54053118978277,-72.8206866839688,4.611446570534518
46.696,48.6286499580048,-72.56534871551158,4.604947297068357
46.822,48.77242775301485,-72.20659730493799,4.598746311388702
46.878,48.93901606303509,-71.85254143808962,4.594840024698605
46.917,49.045231621910546,-71.65312453329382,4.593064935203351
47.004,49.32254877063626,-71.20585404393876,4.590735580767138
47.043,49.470542322843556,-70.99861864760517,4.591222267225184
47.088,49.71741275415873,-70.6916574965278,4.595217508314995
47.175,49.93791806747057,-70.45134586533037,4.6005302240793995
47.261,50.09576891736492,-70.29574013059815,4.605018040866867
47.3,50.48727081163286,-69.9621055342921,4.616306903846194
47.438,50.7730637357228,-69.75798376619413,4.623672578981356
47.475,50.965193262551594,-69.6336881278603,4.6284849210668995
47.563,51.42877202869981,-69.37566744815065,4.637470769295852
47.604,51.74810488004766,-69.22758452561193,4.6419529933709
47.648,51.97239851215764,-69.13492968232914,4.644919714841265
47.734,52.48772548199206,-68.96025832523661,4.651289111139022
47.824,52.83960345193324,-68.87793243434324,4.653619082541468
47.868,53.08304492223955,-68.83703057086676,4.653879026294135
47.909,53.63192498280336,-68.77967591521617,4.648976664005843
47.999,54.00899621546432,-68.76943656961977,4.641519987738349
48.043,54.25057039833807,-68.77386363297717,4.635509439571436
48.131,54.78911332935185,-68.80971476840571,4.617708935855411
48.229,55.142921880604945,-68.85357393391125,4.602953208122656
48.32,55.377962153176696,-68.89165653300898,4.592787678347818
48.363,55.902073031619295,-68.9941981094798,4.571881481271738
48.454,56.318643151488956,-69.09661957424758,4.560409059281007
48.493,56.72576376153552,-69.2188203809855,4.554068265496177
48.533,56.954421364132614,-69.29720179576319,4.552333257484541
48.629,57.343051116112555,-69.4489519336723,4.552139772130495
48.679,57.710444106061246,-69.61126090230775,4.555729612560164
48.767,58.033580597357705,-69.76585472388976,4.564058436024311
48.812,58.10015971799871,-69.79923803828436,4.566490456295213
48.903,58.53412782129202,-70.03136077891739,4.587653909830038
49.011,58.98934082988188,-70.30720282546186,4.619589626591626
49.1,59.27134725023336,-70.50117914482546,4.643750724712795
49.139,59.463014443557384,-70.64303487285424,4.661984625242248
49.183,59.89217595004812,-70.99452808690455,4.710105373059726
49.23,60.16115724346356,-71.23800471650262,4.746527047725429
49.271,60.33391068245832,-71.40492624498368,4.7723907571566855
49.364,60.70975784690068,-71.81846450591541,4.837875663264263
49.454,60.9268847654091,-72.10545828560602,4.88171947203265
49.54,61.202878343946495,-72.55204396346578,4.944335824181813
49.599,61.320556713702885,-72.77971993874056,4.973693196227238
49.659,61.462442683441424,-73.10156703122742,5.011360230819136
49.695,61.61877252113186,-73.56369988871135,5.055666644499084
49.775,61.70189944468406,-73.87777224329913,5.079804032384594
49.858,61.77884449088433,-74.31423740062544,5.111354589229421
49.941,61.80947933462413,-74.77892868487179,5.1388923111472735
49.98,61.80758401261076,-75.03629353535864,5.151912887100231
50.018,61.7744741436415,-75.49333151023755,5.172668085810244
50.103,61.715651321416594,-75.90873191144934,5.186723830085818
50.185,61.643196487973896,-76.26994948691804,5.197666395853872
50.268,61.525830680882564,-76.71369736197994,5.211835216569035
50.306,61.36709895784287,-77.17639734884624,5.228664759492261
50.4,61.265169352244556,-77.41340272458106,5.2381404071185855
50.459,61.04585011421036,-77.8190820685264,5.254596703518537
50.546,60.84382287292138,-78.12802950995452,5.26465183984471
50.583,60.56541581066108,-78.48860112799599,5.273538733034876
50.621,60.3207981234776,-78.76076728610069,5.27766348865611
50.704,60.1389086806538,-78.94170794772145,5.279150366950162
50.837,59.68336478323697,-79.34659120691097,5.281168260828871
50.874,59.398591325448606,-79.57010420246192,5.283258509111533
50.911,59.06936253183325,-79.80822636649346,5.287959153492942
50.994,58.68156465386889,-80.05730117404119,5.29289900181648
51.031,58.36525826075153,-80.23794879241031,5.295334016565988
51.159,57.874198191215214,-80.48353453986643,5.296832393844468
51.241,57.576388040830224,-80.61595705258186,5.296610539869306
51.278,57.16426493825509,-80.79687901213727,5.296384092396025
51.363,56.72593595949425,-80.98103695602008,5.295628012484308
51.4,56.42250817749573,-81.10562228497608,5.295289540367328
51.439,56.00665195713466,-81.28293414965543,5.296639729197842
51.523,55.572362413539764,-81.47658678110142,5.301531022992869
51.651,55.338528494953444,-81.5856449771383,5.305895802456682
51.686,54.92485925748932,-81.7868152047757,5.316811445684841
51.722,54.54863560482363,-81.98118523100739,5.330292863134844
51.85,54.148224112775615,-82.2036396003793,5.348320885084014
51.885,53.83553962345424,-82.39243736399794,5.3651326017224505
51.97,53.40335291607388,-82.68249741539422,5.393002150687501
52.006,53.125192270058946,-82.88938501671024,5.413983112892929
52.042,52.84740331433453,-83.11492730940505,5.437573162702478
52.123,52.4847558343084,-83.44116112311717,5.472373752204533
52.205,52.198461993549515,-83.72947750334781,5.502976076489652
52.241,51.94394810972463,-84.01375613589747,5.532336655113525
52.327,51.652896092142456,-84.37299553989938,5.567771989004697
52.415,51.408007718039435,-84.70978430409006,5.5995623281180755
52.544,51.15697667028839,-85.09152813913724,5.634299652067767
52.58,50.963585204861744,-85.41259718697953,5.662950867714805
52.619,50.76408971903318,-85.78375904073445,5.6951935882495235
52.672,50.57142124253008,-86.19684642000718,5.729524687093836
52.755,50.398723629240436,-86.63379468089848,5.764895696384123
52.842,50.29262132970386,-86.95582619212257,5.79015260229172
52.88,50.17964828369956,-87.39712108276113,5.823023181926722
52.965,50.09749956468707,-87.86671304887973,5.855407204923559
53.003,50.06287271020406,-88.21273657755623,5.876690522454965
53.136,50.049862194857454,-88.59212164148364,5.897009542900129
53.174,50.068169401567665,-89.11149430021142,5.921340174390714
53.308,50.110013286004566,-89.51269295802764,5.937350635519088
53.347,50.194925698679114,-89.97202732486036,5.950156892062338
53.386,50.28334421729171,-90.32462438377819,5.956107520737078
53.526,50.40762314998359,-90.72058671328408,5.9583232291525405
53.566,50.53872821023697,-91.06990383822365,5.956464312804002
53.605,50.74086183252429,-91.53406346197234,5.949768332631059
53.65,50.89878045302024,-91.83839327924305,5.94113753448223
53.69,51.133886405563274,-92.22913848841178,5.9230092831189936
53.925,51.39836819427859,-92.61782465458518,5.897463120850027
53.964,51.55568743471537,-92.83098197031312,5.880646697084821
54.003,51.83353363985432,-93.17779144215628,5.84950874905487
54.04,52.04082060872856,-93.41393357685213,5.825530329293493
54.126,52.34865663550225,-93.73594912659172,5.789022719304825
54.163,52.66546858591001,-94.03303586457443,5.751476342673897
54.248,52.99669231455935,-94.31200460876461,5.7129415179121
54.284,53.24255816971238,-94.50082399138871,5.6851488043187075
54.322,53.64931817882555,-94.78222620300008,5.641294465006254
54.408,53.87083307422287,-94.92292044390295,5.619246950728424
54.447,54.18726275543756,-95.10734298837492,5.58904245842934
54.624,54.55246205511017,-95.30330135511655,5.556798350079845
54.66,54.94128392905229,-95.49813236047,5.527483801608923
54.697,55.29810688467961,-95.66049022220895,5.504808644739818
54.732,55.60548288787993,-95.7887650415519,5.4878472562879566
54.816,56.00529003174235,-95.93975027826984,5.4691854919698955
54.852,56.30119034218987,-96.04495165577495,5.458445337141704
54.982,56.62359806829376,-96.15854170246246,5.449773893457603
55.026,56.99052182016556,-96.2887194622688,5.445866766401224
55.107,57.412800725933515,-96.43495389696322,5.451083280046404
55.146,57.759550233728035,-96.54806774301166,5.461317377872433
55.276,58.09393180850162,-96.65327697479407,5.474105375008492
55.316,58.59192678107789,-96.79811664374638,5.498070077111713
55.355,58.895684630044755,-96.87771246188143,5.516643721149173
55.395,59.606672958652595,-97.02216816731959,5.563685627112889
55.628,59.89243846727473,-97.06342194033274,5.582450419799287
55.669,60.40598907586997,-97.11638451928795,5.614858918536754
55.709,60.91207468445461,-97.1369436195822,5.641742193712432
55.749,61.16326245329638,-97.13275152138338,5.650695100678689
55.787,61.58560721808144,-97.11060178011962,5.66072976599002
55.826,61.80956940954892,-97.09394169314957,5.665178230673618
55.865,62.224189664944085,-97.07628268030577,5.673022125177489
55.998,62.5779270896972,-97.09352447429946,5.682199141718996
56.035,62.85986056720688,-97.11910564233101,5.691550111976049
56.119,63.21892253966052,-97.15582725521448,5.706899757299688
56.155,63.46972616959783,-97.18257603712216,5.721154409292723
56.237,63.771787172529656,-97.20089670158285,5.740752980163791
56.329,63.982771851668105,-97.20116642385864,5.756115564526873
56.424,64.18458024564661,-97.19231987413816,5.77091653687706
56.461,64.38812660568712,-97.17404002488446,5.7849160427360715
56.502,64.52364154067934,-97.15678683436133,5.792877079599712
56.592,64.64030426319977,-97.13956293202878,5.798167481939025
56.679,64.75382267784542,-97.11862780713291,5.800721650696531
56.718,64.85343182628169,-97.0952251715413,5.801084625638865
56.756,64.93157740672753,-97.07635816663678,5.801597259916882
56.841,65.10384993156971,-97.027942143733,5.803636609982597
56.926,65.22616272110723,-96.98750577566817,5.805729964953343
56.965,65.35815441504914,-96.94142654456725,5.808647908260838
57.054,65.5429997202288,-96.86977830769061,5.813606755093801
57.098,65.67122166303554,-96.81580687171105,5.81777053749142
57.185,65.806469967432,-96.75405842169276,5.82252281153221
57.234,65.96464929841622,-96.67301420833039,5.827944537007802
57.337,66.08799680887239,-96.60121283252288,5.831723473227434
57.473,66.21925724487886,-96.51497742344063,5.835010579472261
57.509,66.40223128453303,-96.37577752782067,5.837963112342173
58.275,66.52769555267578,-96.26996519928223,5.838515387829013
58.335,66.66052081846934,-96.15199099882093,5.837235120502683
58.429,66.82554451944029,-95.99751268060123,5.833400690212841
58.464,66.96016571676489,-95.86374752391123,5.828841339555943
58.505,67.42007244054375,-95.3354499840699,5.804126884535627
58.544,67.58705273035008,-95.10634266466313,5.791316143271338
58.584,67.75291404747172,-94.85242380829156,5.776466378289221
58.621,67.75291404747172,-94.85242380829156,5.776466378289221
58.656,67.98125818925465,-94.447366396044,5.752227396239242
58.693,68.11612585519904,-94.17366177406215,5.73518094384319
58.73,68.21296026032255,-93.95423808973544,5.721066133662617
58.767,68.3270924800234,-93.66237311295279,5.7018830009594055
58.803,68.41599258404057,-93.39765279755179,5.684308537141064
58.841,68.48738873655428,-93.14943452913066,5.667968940978923
58.878,68.55145871041012,-92.88254361118705,5.650773450807151
58.915,68.61151689589943,-92.5773153953716,5.631719716308233
58.952,68.65277080617004,-92.31305640353006,5.616169040364895
58.988,68.69101752748205,-91.97917341404685,5.597415122035237
59.028,68.71264202106559,-91.66085925504454,5.580250676000247
59.064,68.71744267307997,-91.31738154541404,5.562477097744399
59.101,68.7062225498945,-91.03397863493208,5.547897692805513
59.139,68.67394442122375,-90.73013404663244,5.531040012812213
59.175,68.61085679738704,-90.38978498317606,5.508715718416411
59.215,68.51744853407227,-90.01848631134477,5.482170096379662
59.253,68.41417988608154,-89.6815878987148,5.4572646944084156
59.338,68.29996218076462,-89.37528087004404,5.432337410166923
59.468,68.16920697303226,-89.08014050716992,5.4054186568585365
59.506,67.89568792237449,-88.57222797371982,5.351139122544225
59.588,67.81695117776921,-88.44683374417995,5.33579066007804
59.624,67.57660380345737,-88.1043907758365,5.289417377550883
59.707,67.35316627440292,-87.82438736650097,5.24754846673477
59.743,67.06764576392851,-87.52219210115504,5.19476625242568
59.831,66.81341154195499,-87.3021417758174,5.146145420902457
59.919,66.42779070122316,-87.01548397505933,5.070995189504018
60.002,66.23932030158743,-86.8915471802548,5.03311728912125
60.039,65.97069601492115,-86.72578658286402,4.976527970390343
60.077,65.60322926008708,-86.5201105702776,4.899331183171903
60.163,65.34741859692815,-86.3915456941497,4.849380556740897
60.245,65.07650449254874,-86.2643599910184,4.800040919048605
60.283,64.58302516310599,-86.05164284678166,4.7201724597717245
60.371,64.45823197039783,-86.00150868838386,4.7028264097284875
60.409,64.18539330211709,-85.89522722535578,4.669345683986542
60.543,63.81889640721215,-85.75568699453618,4.635728092677645
60.579,63.56824232786737,-85.6586533068101,4.6229000491471695
60.616,63.25187225096063,-85.53484567281309,4.62051778469079
60.668,62.855583474151146,-85.38093375683523,4.643124353842964
60.802,62.67593191121837,-85.31106215121153,4.661863025297492
60.838,62.343118317915966,-85.21419138196214,4.705716495510487
60.925,62.063625620863675,-85.14253375341005,4.74853693433883
60.962,61.78461502240219,-85.06505420890372,4.794812406267653
61.093,61.41103295992039,-84.96394635556193,4.861839936573723
61.131,60.912794205806165,-84.83550855194785,4.963725389778098
61.169,60.490264652318416,-84.72175169143323,5.051650382255062
61.255,60.33146456476152,-84.6789053577057,5.083106823674207
61.292,59.763732358940736,-84.52326784598314,5.18720678253036
61.42,59.507407536900544,-84.45624970051695,5.227063106649872
61.457,58.96916331552683,-84.30903744323457,5.29365920437089
61.496,58.60496738967802,-84.20564185305543,5.324491702933699
61.581,58.24774643101016,-84.09892929590377,5.346235316555443
61.712,57.79536310708866,-83.95839061460165,5.365720781460027
61.748,57.40729161257957,-83.83394861884665,5.37695370971872
61.785,56.95906714704937,-83.67771603729588,5.386871810534977
61.867,56.58821946547447,-83.53685457241048,5.393095509462121
61.912,56.166154004678106,-83.36885669594491,5.399242193721271
62.039,55.719368771220864,-83.184172620859,5.404975166752244
62.075,55.42270694936157,-83.05774127491183,5.4081416687136254
62.111,54.8969957102107,-82.82347850050078,5.410117413307859
62.193,54.43104419456635,-82.60295669559068,5.407089857658924
62.284,54.039720464624764,-82.40711235447563,5.399312715473727
62.33,53.5264296537712,-82.1378688780766,5.381932735657642
62.463,53.147160735697156,-81.93005539614082,5.365026162830176
62.5,52.75559900859277,-81.72137510968433,5.3459280389780375
62.539,52.3228165671231,-81.49644828357475,5.321907627588843
62.623,51.87307708726283,-81.26654172425191,5.295103820814951
62.662,51.48235555723407,-81.07378041745396,5.271304688827833
62.752,50.95258446706745,-80.82982630790204,5.239220297510613
62.885,50.57767104383355,-80.67031070450071,5.217301778364352
62.924,50.089797866459925,-80.47945024724798,5.1903832830223635
62.961,49.5966114868865,-80.30577827112408,5.165359527003531
63.046,49.22079502711639,-80.18866979425835,5.148306199550184
63.083,48.7452206610172,-80.0614618866708,5.129251760363601
63.169,48.138325939511624,-79.93858746593465,5.108286731688246
63.206,47.646877908538556,-79.86976891262245,5.092857513461162
63.339,47.47064873798525,-79.85151885427652,5.087675094035738
63.376,46.97357768107337,-79.81786685405521,5.074230613777239
63.413,46.52337965981409,-79.81122446072403,5.062940244822002
63.537,46.051476137336394,-79.82887752134387,5.0525054792469675
63.581,45.652740682846584,-79.85789120596232,5.045781491562963
63.624,45.213922119725545,-79.90461139027528,5.04134637352395
63.668,44.84202551530129,-79.9568543500857,5.039810850317664
63.813,44.20684891422408,-80.07582337068911,5.042909410705164
63.903,44.03989028310878,-80.11373746422343,5.045366452142929
63.942,43.51396240596068,-80.25305526681335,5.059441609582386
63.989,42.99576499603596,-80.42514887933821,5.083794314555057
64.05,42.7508244939317,-80.5258771180741,5.0972725190426615
64.09,42.33245029617342,-80.73449563018546,5.121858380208224
64.208,41.995548566046665,-80.9393026834072,5.142041264183533
64.253,41.49318057519454,-81.30522917447021,5.172197009467034
64.308,41.36323396760698,-81.41239237782197,5.179363912188094
64.544,41.08501509784586,-81.66980584031607,5.192485855081401
64.583,40.734460736976665,-82.03192206521996,5.203230543198906
64.622,40.45115124646365,-82.28490514241805,5.210363237324117
64.661,39.97486579453671,-82.65283065414773,5.223272023585473
64.7,39.77104366235605,-82.82002898099888,5.226770281781143
64.743,39.36829926779855,-83.224107452905,5.225614972126692
64.784,39.0124242654586,-83.6617964687952,5.213133991972086
64.87,38.850991705407765,-83.86781088767792,5.204469539209001
64.909,38.570170609955454,-84.22996534503461,5.186444504127351
65.043,38.24561205834296,-84.65877602446893,5.167040273945318
65.083,38.097035680327934,-84.85757248262934,5.159953215368326
65.123,37.833793123122746,-85.21184034553387,5.1516444319937875
65.256,37.64647874530142,-85.46522558268268,5.149885592427779
65.294,37.352168437991324,-85.86024835037367,5.152728371030392
65.336,37.14543056842913,-86.12980266991437,5.157812084060119
65.471,36.75713748526148,-86.60065097419671,5.172764541861902
65.509,36.62754985112322,-86.7478064259479,5.178221967504214
65.548,36.37904339625764,-87.0236711695692,5.190153689871856
65.587,35.91180947666598,-87.52822949618002,5.214432663748028
65.722,35.787043885675374,-87.65997123345632,5.220161700040627
65.761,35.29338559518424,-88.1695789358806,5.242891459912883
65.882,35.08418801187139,-88.37964404667633,5.253335649257579
65.918,34.809676021602726,-88.65028704376056,5.268312843712959
65.954,34.37632981988716,-89.06825152936116,5.293414396197175
66.036,33.90863586429279,-89.50062195443373,5.321091653470361
66.165,33.506101910157184,-89.828403400398,5.331313127813182
66.201,33.26454559630629,-90.01008227705414,5.331013790791694
66.238,32.915447367704566,-90.2661314509702,5.324204317982808
66.321,32.325695777696055,-90.68472459907511,5.298359739908715
66.405,32.165375078498684,-90.7965069584227,5.2885416770644795
66.443,31.618228062761837,-91.17061351306081,5.247950099482438
66.526,31.30314056231443,-91.37806035145397,5.22184854889597
66.562,30.87324023439397,-91.65154026025493,5.184776162507415
66.65,30.350238389219474,-91.96728126935805,5.140804915376201
66.69,29.90825942828594,-92.21861169620054,5.107211757507809
66.831,29.647127823691875,-92.3597690830447,5.088306186788952
66.867,29.27002877720672,-92.56813589196149,5.063015605075563
66.905,28.63421121237395,-92.93115453847568,5.025563853361692
66.952,28.372616740139733,-93.07833852835783,5.012333377216386
67.06,27.787265011117718,-93.41464945272894,4.988448788414598
67.102,27.53850254229286,-93.56211834207481,4.980289611840938
67.148,27.12078566917446,-93.82090559272086,4.968832101420414
67.241,26.61068320899458,-94.16508621995504,4.957483552912244
67.284,26.236475541879244,-94.43654030422162,4.950639927522268
67.425,26.028284639420413,-94.59649578672162,4.947574284733204
67.462,25.738532532031428,-94.83317126557424,4.944864076526535
67.548,25.269898646560684,-95.26325943947352,4.943631588776192
67.589,25.09146789050961,-95.44440736368283,4.944030488390389
67.627,24.71449580503757,-95.86445464267166,4.946465375212579
67.761,24.500745510989535,-96.1269345552676,4.948362097939089
67.798,24.230992158677886,-96.48312257679885,4.952089863560545
67.836,23.906915274955978,-96.94806710116744,4.959969491300328
67.921,23.8122723442854,-97.09057175451159,4.963285251626129
67.958,23.531357343004974,-97.5477137088554,4.976080460775439
68.075,23.29770564203084,-98.01824987484362,4.9889810218756345
68.142,23.201752133280806,-98.24617808394763,4.994315730961617
68.197,23.04623403508255,-98.65550838821267,5.002452515779293
68.281,22.87882396356145,-99.15114549841603,5.010387006697936
68.32,22.75847020777192,-99.56897383676288,5.016096553246495
68.454,22.7011970819799,-99.79873871023312,5.019285545992396
68.49,22.598244095450752,-100.29686141808652,5.026558436340892
68.533,22.548733649852775,-100.61308068997606,5.032274807089742
68.616,22.50735913532815,-100.95509614993165,5.039799757369526
68.7,22.467843080036815,-101.45265920745723,5.053763044772463
68.74,22.45348707414453,-101.86997555011023,5.068976659827374
68.823,22.4534542729167,-102.10554198399375,5.079312124162968
68.906,22.476416592275932,-102.62011492622857,5.106265721104968
68.99,22.498911716281157,-102.85831441222032,5.120252250874856
69.028,22.56141632918784,-103.28286015784263,5.147080981533726
69.068,22.66635868921437,-103.78854227006663,5.182821114869391
69.204,22.72526155976432,-104.02816326860632,5.202508398085175
69.241,22.896364507440886,-104.65094605255716,5.264835438602383
69.279,22.99022333026219,-104.95960341957111,5.301675458230836
69.37,23.089655364601988,-105.27141549872225,5.342677926395989
69.457,23.17457677961943,-105.53491758918034,5.3799390502123074
69.499,23.340698566537032,-106.04061872154202,5.457774944919333
69.545,23.56016383678684,-106.59627281253218,5.555367269381293
69.632,23.632961767383662,-106.7447001670528,5.58412191999609
69.721,23.914002362186558,-107.2345191120724,5.6871853984381
69.765,24.055918771053236,-107.44721141330638,5.734733621280274
69.818,24.22581123618494,-107.67340370846189,5.7863415112144025
69.913,24.6925509776924,-108.16910605454615,5.892729919257434
70.001,24.884726800407854,-108.3395259427996,5.9267280814207695
70.039,25.252048549102206,-108.62733457591057,5.9821479215415785
70.087,25.66722100486552,-108.90807592844993,6.035278222859478
70.208,25.885007591342394,-109.0433699686793,6.061046090514743
70.245,26.21574432310601,-109.22769459679775,6.095301602365051
70.291,26.697003378893196,-109.46177157747391,6.138379614039351
70.38,27.016659431511034,-109.60160588474275,6.16700517275715
70.426,27.63570944221773,-109.80151258834226,6.215842069418663
70.518,27.836238506877798,-109.83875560515958,6.228142424072303
70.606,28.17208083745133,-109.87093042327969,6.244310787659174
70.644,28.684609700197765,-109.86162283364044,6.258905081516382
70.777,29.120547434073128,-109.81772682048141,6.264957635315156
70.814,29.35536750555999,-109.78195546571361,6.266359358211496
70.903,29.874975014118363,-109.6734644960938,6.265647375525802
70.946,30.105961583835796,-109.61476098881151,6.264741656670978
70.985,30.396249301664458,-109.52679680951864,6.2628806624235125
71.121,30.71734278962805,-109.40843231980791,6.25952644236753
71.16,31.23747549654495,-109.17770597125316,6.254755062397294
71.2,31.630191847756716,-108.98802726713069,6.254050091556387
71.286,31.777019058549286,-108.912813398363,6.2545789061535615
71.323,32.33738007983902,-108.6047156268227,6.260399535167721
71.408,32.584820143726326,-108.4664236185561,6.264546046540836
71.469,32.804941176383736,-108.34339455158404,6.268885501285801
71.576,33.29876021253151,-108.06123216777058,6.282677278635916
71.613,33.524808630413204,-107.92823906677039,6.291477017452806
71.697,33.84888949137083,-107.73258219157394,6.306156921057735
71.733,34.34607623267152,-107.39766119478755,6.329945316302926
71.866,34.74061552909964,-107.10003730575647,6.3486064045122035
71.902,34.96398060888848,-106.92509636869909,6.358331107756975
71.939,35.39595346179722,-106.57785943776835,6.3724776619324786
72.028,35.55631957906042,-106.44233462300123,6.376503519467995
72.074,35.974647573086656,-106.0691635201843,6.382608702953668
72.12,36.46065882941291,-105.5919053397952,6.377268652998872
72.203,36.76401723759223,-105.26938057464825,6.3652454179634645
72.332,37.17585892251097,-104.8105492463741,6.334715291067106
72.37,37.65448300611911,-104.24999967336456,6.276366275213128
72.413,37.87360410351398,-103.98133953321786,6.243234902228934
72.496,38.18596959832156,-103.58924839094387,6.189264959950755
72.532,38.65289577928753,-102.97142499295083,6.0979664110078815
72.705,38.99051883848456,-102.49245540483723,6.026083548281264
72.74,39.114122955544495,-102.31540479254379,5.9999153978956485
72.776,39.40031789075185,-101.90051174042075,5.940053908733674
72.815,39.79664219243686,-101.33030698542878,5.86865239174346
72.944,39.975077116954544,-101.0741389084525,5.8437581310926845
72.987,40.44814590445989,-100.39584554968307,5.8060961280545484
73.071,40.56632726939501,-100.22578837573143,5.8028417346200385
73.113,40.832839966129356,-99.84126094672224,5.805729804863489
73.151,41.23205878977359,-99.25173542760972,5.831780898527363
73.238,41.39661531773163,-98.97698243842515,5.847680466413024
73.374,41.6453749925399,-98.54510628905368,5.8770167758243375
73.413,42.04772605828892,-97.88685772120824,5.930467877168155
73.454,42.21565377349842,-97.61012293258831,5.955380769623382
73.512,42.6862804600696,-96.83833544343652,6.030682529547569
73.551,42.946920162633404,-96.37359996068966,6.069717548682668
73.686,43.04912544709676,-96.1764263072524,6.083026134564349
73.722,43.45501436155956,-95.39798088873799,6.118160310046619
73.761,43.58988270630144,-95.16504356541559,6.123285772580715
73.846,43.834766837148095,-94.78204113594143,6.126195201215545
73.928,44.211755595253166,-94.25364371430058,6.119265262409904
73.964,44.54064136130663,-93.8377783414204,6.104511108811771
74.097,44.882097896562954,-93.44750984142641,6.082070299534749
74.135,45.13990915756048,-93.17165579423956,6.059284780701674
74.22,45.33468545783124,-92.98168662723714,6.037400717453224
74.257,45.83131416113749,-92.52514269786792,5.974428647356177
74.342,45.96396924234317,-92.40365037922003,5.959932330348501
74.432,46.41194262461088,-91.98971376859849,5.921460997306106
74.471,46.77757056581193,-91.6602987434179,5.904489717630355
74.516,46.98545071524331,-91.47722443004884,5.900665401417179
74.607,47.50804771245184,-91.04127780477405,5.907167242650111
74.652,47.83709644010686,-90.80572018549006,5.915633401385058
74.694,47.99245113222046,-90.7002048414037,5.919909071369148
74.826,48.61874650174584,-90.29103600204652,5.936225392361898
74.866,48.997225302832085,-90.05381036546048,5.943572686311022
74.95,49.26200252479544,-89.89177578740818,5.9471899143309415
74.993,49.7694604899947,-89.56895147387867,5.948053594535331
75.121,50.26153014375238,-89.24867098281833,5.9389927486666565
75.157,50.54350436171262,-89.06063821351198,5.929654485663484
75.243,51.08002960936767,-88.68565647915257,5.9034039404837415
75.28,51.57533758891753,-88.31936782561021,5.872456687459014
75.362,51.8505378647469,-88.10696199352174,5.852368500969909
75.403,52.36326417168192,-87.69183855336202,5.808346884019933
75.486,52.83712113021534,-87.28394327181464,5.760829063821262
75.568,53.26259766485468,-86.8990448492037,5.712744635246452
75.654,53.644647209039476,-86.54161490257741,5.666903286315247
75.69,54.08786334390196,-86.10851401747203,5.612705017102385
75.726,54.33757914694077,-85.8558712893176,5.582841938970134
75.809,54.62660248705188,-85.55369210652628,5.548526455276225
75.902,55.22837427486287,-84.88588348930564,5.478775668750053
75.985,55.458695593954104,-84.61585091790829,5.453148469562002
76.021,55.89545618838937,-84.08402830764165,5.408303609969188
76.104,56.36462133617004,-83.468629661504,5.366509328779323
76.187,56.67443507506236,-83.02986697516923,5.3422897835916245
76.224,56.95689690290794,-82.61024101221028,5.3232858707997295
76.352,57.30876844791722,-82.04940269800075,5.30263326237052
76.389,57.542542376721094,-81.64724874867146,5.29074260669924
76.428,57.87408165482848,-81.019536373144,5.2754821601830955
76.517,58.1675458620894,-80.40035414239475,5.264665801510027
76.553,58.39161238474327,-79.88945980850323,5.258637713782662
76.73,58.58863148920825,-79.4072778855152,5.25511743675947
76.768,58.71715392843971,-79.06944824414845,5.253545006248615
76.805,59.0118024635874,-78.1926335547621,5.25042582224922
76.888,59.147681571543664,-77.72936694611387,5.249334996975726
76.925,59.33509989133536,-77.00389962525087,5.249484784949701
77.007,59.48659416866734,-76.24691805740241,5.247664141500444
77.044,59.551746103680145,-75.83188029225816,5.240973865431883
77.173,59.6023565965471,-75.41378552621362,5.2284127610562905
77.211,59.68567384203014,-74.3637606406844,5.175139019196031
77.295,59.70501438896674,-73.80823997765125,5.136233439208127
77.332,59.70100250502976,-73.1991130966488,5.08142931069132
77.417,59.66853684231306,-72.51397795233392,4.996439467492188
77.453,59.62505941193071,-71.9110813531734,4.902570286496577
77.543,59.55858874902527,-71.20963171586331,4.785330273717626
77.674,59.49211685653856,-70.52830195094504,4.671167893602096
77.71,59.41068695960693,-69.8014835555898,4.555065997125823
77.746,59.3580727965483,-69.37703218190694,4.4921807497661135
77.784,59.313235279711776,-69.03179307704814,4.445331446094556
77.867,59.19883310297404,-68.2024896311708,4.351151117688531
77.997,59.11927770448812,-67.65732101369552,4.306152017828403
78.036,59.067370177366286,-67.29683509686353,4.283693218739103
78.12,58.94603704204067,-66.45382497677124,4.255531941161294
78.156,58.846920262208364,-65.92917068401701,4.246762657045338
78.239,58.65036283725707,-65.13343554545642,4.235639634347137
78.28,58.569155436678685,-64.74804083943455,4.2301901613336526
78.366,58.47177845016093,-64.24293989465475,4.2217270325717
78.408,58.34201324193759,-63.55022632680304,4.206982325990921
78.49,58.27824637744198,-63.21775032970984,4.197122678444984
78.619,58.16564197081834,-62.702204049280965,4.175700295876439
78.656,58.044201304279994,-62.2457523185649,4.1479834220143275
78.692,57.971158394645386,-62.002421141277225,4.12884435604294
78.774,57.83422591537618,-61.558115521408915,4.088297081612055
78.811,57.74502934217415,-61.26592153047382,4.059976700995257
78.948,57.666046860889736,-61.005020995047666,4.0350995284265565
78.986,57.57007476180242,-60.686281887434816,4.006484073035217
79.07,57.47821008262683,-60.39253242104438,3.9826778770178635
79.106,57.3855510392556,-60.11809948069231,3.9638791812381626
79.19,57.30088805675223,-59.88287480396618,3.951069804055898
79.227,57.19182299453668,-59.58671400290482,3.9389704241305097
79.31,57.10949381720543,-59.367638148894095,3.9323815823949744
79.439,57.02105831659503,-59.13448196689064,3.9271967065341826
79.497,56.91164404450653,-58.84752749964197,3.9229228151175732
79.534,56.8101753822113,-58.58436243348334,3.9197278033844825
79.62,56.72348613957378,-58.36096017388467,3.9167779838580117
79.661,56.61491367237441,-58.083851662251895,3.911827115753617
79.745,56.52894691828865,-57.86703819872442,3.9065926328999723
79.828,56.43975310172206,-57.64482469356122,3.899595790217262
79.862,56.30628201025138,-57.32856761834364,3.8869576079467762
79.946,56.20645779040894,-57.11681414539376,3.8771294559086726
79.982,56.09377626260165,-56.88401677857239,3.8657270822323397
80.022,55.954360324102886,-56.602276863674135,3.8523839437032805
80.104,55.815786024405234,-56.332870368918734,3.840488257393176
80.14,55.68191779596235,-56.084800957218825,3.8272556952610373
80.222,55.48340237865092,-55.7327925823649,3.8048295935783827
80.304,55.34136915714823,-55.49004221476895,3.787370036968433
80.349,55.1824952666999,-55.22588396352855,3.7668871292113053
80.486,54.98752865255868,-54.91304224460691,3.740245202757926
80.524,54.75251450032775,-54.552269816878656,3.7033236759422863
80.6,54.5707517829728,-54.28016937756777,3.6679812533069267
80.639,54.324568991134385,-53.94201254439466,3.612141977370541
80.729,54.12077068149206,-53.69629950448556,3.5624991529192727
80.814,53.87710380185642,-53.44464386039963,3.499275678454751
80.854,53.597511295659274,-53.20142413178636,3.4216904084684927
80.939,53.26746749933069,-52.958710095800015,3.324600622218803
80.978,52.99816791009732,-52.78701889970038,3.2435807789642936
81.021,52.668100449461036,-52.59323530158979,3.139789999614159
81.203,52.355678380358,-52.432354023524496,3.0399957194319427
81.241,52.08325462331153,-52.30754953234198,2.9525925424865065
81.277,51.73635314064658,-52.16543545742113,2.8429369417954717
81.367,51.473789901478455,-52.06655575974266,2.7607685523375665
81.454,51.21005213432974,-51.971758151569254,2.6788378774766315
81.491,50.928926473600626,-51.8747397954038,2.5936143864790253
81.646,50.61529277996253,-51.76963815081886,2.5031082020582858
81.847,50.31446063950888,-51.672921875504834,2.4250940127128757
81.896,50.071380925761986,-51.594586666008176,2.3715586719812904
81.932,49.80182214287587,-51.50679297341154,2.325021633503315
81.969,49.51083517261074,-51.4123601676838,2.292065125282825
82.004,49.20223628008746,-51.313314843141285,2.2763208537911233
82.039,49.07814075517233,-51.27495043644267,2.2756455821331834
82.075,48.71813056994927,-51.17575381242293,2.289693199815911
82.112,48.600663918938224,-51.151024261379995,2.298354430871399
82.194,48.089509162289296,-51.06498452439847,2.355605339037794
82.23,47.80238539514082,-51.026327010427316,2.3958285608347687
82.266,47.498878259459985,-50.98691967096984,2.4415306991467887
82.351,47.09753133165714,-50.93619570092641,2.501863514680842
82.395,46.766801918740256,-50.895470852990535,2.552163228219367
82.524,46.41923186609756,-50.86051169490074,2.6057293116989833
82.56,45.97980569863587,-50.8257998905002,2.6729237528060246
82.645,45.61038514016964,-50.80212946343059,2.7259499480856455
82.684,45.2169364819012,-50.7830887933498,2.7780725774703328
82.768,44.720767200900006,-50.77437756108569,2.8389260676182957
82.804,44.309210943798256,-50.78374965579473,2.888522562255318
82.887,43.82849681129382,-50.81531577778743,2.9451324982990386
82.975,43.38533454888421,-50.864874515104866,2.997008249044999
83.013,42.97818040893549,-50.920774425205266,3.0440131036901477
83.051,42.47305073346325,-51.0056923411195,3.101056942866329
83.184,42.04077288492237,-51.09799691535647,3.1478708620161235
83.223,41.65721515786759,-51.19337061824836,3.187867261207618
83.31,41.2695166902687,-51.29977923422794,3.2250327780353594
83.351,40.79834031955647,-51.449115348013834,3.2657931974313428
83.447,40.340928006937986,-51.61670587476403,3.301666005311432
83.489,39.974777584566155,-51.765201978981125,3.3291710683684137
83.531,39.58026615814353,-51.942849154774756,3.3595021462860366
83.627,39.161954963199854,-52.15446768680717,3.39335435984831
83.667,38.820354201981885,-52.34711064547427,3.422425137563021
83.802,38.447646560458836,-52.58070414374841,3.4556738691397655
83.839,38.06859852343986,-52.84822651405285,3.49142382942199
83.879,37.70868892236581,-53.13376421793127,3.5270214490618166
83.966,37.37614211449827,-53.42747069475874,3.5618780789544076
84.004,37.10396597693038,-53.69276966939859,3.591942152817449
84.089,36.78751997657052,-54.033843009235554,3.6284612832470238
84.182,36.509166190324336,-54.37110322876827,3.6617761797588564
84.268,36.2858439509499,-54.67369883978263,3.6896170817847285
84.308,35.993349687146235,-55.12723739504227,3.7276447730452595
84.44,35.82154573637705,-55.439301708861045,3.750563041451212
84.479,35.629044122771475,-55.84544954932773,3.776317237247749
84.566,35.48711316860767,-56.195064988162265,3.795218098478827
84.637,35.33512313710183,-56.64281706873121,3.8159475667794673
84.691,35.23562164943645,-57.00582508405793,3.8302287913006623
84.78,35.15166047561341,-57.38194665533701,3.8433934003425456
84.821,35.07702278268342,-57.84550761620724,3.8573185534174392
84.86,35.04061729688473,-58.2197352356716,3.866709849123044
84.901,35.02634462368622,-58.60807309849375,3.8740829806423775
84.993,35.04581542119173,-59.07809871468793,3.8771524046473047
85.081,35.08404159034015,-59.45610717441999,3.8758912323224948
85.123,35.15764582706866,-59.97197608252903,3.8696719690932717
85.209,35.23039854071836,-60.325397194369145,3.861323067533906
85.247,35.348063149107155,-60.804006098360645,3.8465686246342337
85.287,35.469094732254774,-61.25490129716825,3.829743292042334
85.385,35.576703034050865,-61.62323419533898,3.812257963448584
85.482,35.72442248916086,-62.099314161414085,3.784291528099182
85.523,35.87976071556703,-62.58925787326622,3.750658099474048
85.613,36.00056498366621,-62.95859823129728,3.7208114919862467
85.703,36.13147211850436,-63.350137893097106,3.685414180971012
85.743,36.30095046050802,-63.84174665900578,3.637269808408611
85.783,36.453170513991566,-64.27284020357436,3.592905829793871
85.869,36.592779540590065,-64.6640388246195,3.552157437750772
85.956,36.786937747890875,-65.19335256052115,3.498468612693749
85.998,36.92561122830702,-65.56381373632364,3.464042694292342
86.039,37.07175527566383,-65.95387728545136,3.4302315888883044
86.171,37.2718533625051,-66.48068935199059,3.388071903143878
86.208,37.40855113496232,-66.83131565695103,3.362736035678754
86.3,37.59655363280018,-67.30449680879255,3.3329254903415304
86.386,37.79121210259025,-67.78497181934378,3.309961815335271
86.426,37.933298740274466,-68.13485503972453,3.298762102397337
86.514,38.122016324892556,-68.59936110317186,3.291182608209734
86.555,38.26727581225849,-68.95581429828438,3.29270152242853
86.606,38.465025647159884,-69.4301989338455,3.306163761129916
86.653,38.62437849349938,-69.80949700325036,3.328012866133271
86.786,38.85456322951117,-70.34553307969396,3.377173715304366
86.826,39.01910579529806,-70.71734613028077,3.4236969129302537
86.971,39.18554727746337,-71.09825697837186,3.480873934624558
87.01,39.29854957513351,-71.36151493993411,3.52570375187646
87.057,39.58587069192154,-72.0369872337656,3.664548160546712
87.095,39.74612450144594,-72.41526222197032,3.757846895967745
87.183,40.00922166227764,-73.00523539090536,3.9220920676733506
87.271,40.14503562862032,-73.2838332433865,4.0021603813212145
87.31,40.35495659921126,-73.70138599703378,4.120725528725117
87.398,40.554284350174925,-74.09059710763258,4.229188687858244
87.46,40.845083168516055,-74.67689771942871,4.383283322159272
87.499,40.938622367141875,-74.87058662582697,4.42958689804253
87.608,41.417452689697896,-75.84357187704144,4.621636647683879
87.669,41.60340133880595,-76.21289839657092,4.677326162990731
87.776,41.83685816196507,-76.67283654102592,4.7362187131595235
87.816,41.99825751415052,-76.99317041562237,4.772454307319769
87.855,42.33007589270377,-77.67381401319435,4.838716290757141
87.945,42.53221700009243,-78.0956632935747,4.875561332761329
87.992,42.841092304930385,-78.72981025140193,4.926939934584354
88.038,42.99425704118307,-79.04597224350982,4.9526674107119035
88.13,43.24875160575853,-79.57486517729109,5.000502317649065
88.171,43.499764456280424,-80.09051982207656,5.049560033573947
88.318,43.635319342320486,-80.37036118718764,5.076575772307031
88.361,43.87124045072811,-80.85275722187109,5.122115328099191
88.403,43.968573497959525,-81.04695576066773,5.1389543926853065
88.447,44.258437294686715,-81.62170828299608,5.184150164785166
88.537,44.55799648395201,-82.21003692996142,5.225747317086615
88.626,44.82727190263067,-82.72168044536693,5.258617079216343
88.667,44.988023699384996,-83.01624644826437,5.276208427974204
88.756,45.27331792702333,-83.5285392782892,5.3044897558317174
88.796,45.5629989827695,-84.03409827316952,5.329360652613786
88.84,45.737351542637086,-84.3322080447063,5.344275141121216
88.93,46.0328151073953,-84.83014921232227,5.372030576515122
89.02,46.344509746819725,-85.35231541751767,5.40769263343801
89.062,46.503244364265214,-85.61678885892712,5.429426967280307
89.107,46.84946958210489,-86.18652904671725,5.486177420197961
89.257,47.16727943943862,-86.69508077476067,5.549624940415491
89.299,47.35483444117423,-86.97283044902743,5.589101828730769
89.339,47.71161896617663,-87.48072723544931,5.6672873978778355
89.431,48.07330709668031,-88.01522241991965,5.751237981527062
89.475,48.36902280751259,-88.44705085923229,5.815849021147578
89.516,48.68999249914942,-88.90351661880673,5.878519167378599
89.659,49.15641295606787,-89.56247900904557,5.9544815533535385
89.699,49.47542879592308,-90.01129207412544,5.994443115973631
89.741,49.82109302041394,-90.49430207311073,6.024114701143731
89.834,50.16835674032352,-90.97718755940986,6.037081688953592
89.876,50.63327335757694,-91.6205377527063,6.031230100842855
89.966,50.97068926787835,-92.08785133351691,6.010086094188921
90.053,51.38736644907594,-92.67184170705718,5.966815483704444
90.093,51.68832058944169,-93.10397828722279,5.925799550565806
90.132,51.99726922089551,-93.55551526632924,5.87766621509634
90.232,52.42211270360515,-94.19598277886712,5.805405241891556
90.273,52.694082173571424,-94.61454114672789,5.758592770190887
90.363,52.977378511214084,-95.05763652063186,5.711347026958677
90.452,53.171787091710414,-95.36538377409862,5.680859315514418
90.504,53.66457174263486,-96.16329634890656,5.61373260648152
90.593,53.94084854295987,-96.627164655963,5.584228054975199
90.633,54.27199221384039,-97.19476913004705,5.555127875258762
90.675,54.52003422575913,-97.62991983060377,5.536628732019949
90.821,54.77926140804938,-98.09308218446816,5.520698362243991
90.869,55.007316866189115,-98.49967226999671,5.511766642317362
90.911,55.40005924277526,-99.20053830731784,5.505572303057605
90.952,55.654878894782705,-99.66488427193195,5.5070544667886026
91.044,55.9689938433532,-100.24322258657651,5.515041080414029
91.085,56.24801726628402,-100.7633761858103,5.5301461906447145
91.136,56.48609495678761,-101.20703053243624,5.55187272437373
91.273,56.81907992591994,-101.82566332054563,5.591640784735922
91.319,57.04496133511931,-102.24871040547619,5.624509264327493
91.408,57.29481443673468,-102.71268683119197,5.665983201207226
91.449,57.592785417657,-103.27220689492205,5.720638832155416
91.541,57.85773651132291,-103.76689211549939,5.7700569875576235
91.583,58.10132408060158,-104.21636969646424,5.815695719734855
91.674,58.47721841382405,-104.92122790145596,5.88791566063135
91.766,58.64970557513122,-105.25165336685549,5.923638267196175
91.808,58.8886793835466,-105.72242983007845,5.9745091035827755
91.852,59.24684018436169,-106.44788387879134,6.0487019444253605
91.947,59.39745815738232,-106.75601840492841,6.0773104856010605
91.995,59.60069823918204,-107.17464486654362,6.11301622975931
92.058,59.80002658816245,-107.59253381817821,6.146391588086509
92.19,60.02696195133212,-108.0803264349199,6.184921663437265
92.232,60.196329164034246,-108.44913629819085,6.21208617273205
92.272,60.424818973822,-108.96513426784026,6.245808255691266
92.368,60.585291937757205,-109.33033359847146,6.264770928099466
92.459,60.764995578326406,-109.73783632831145,6.281177542151042
92.5,61.05474524459805,-110.39300231122084,6.300938672224326
92.542,61.19718873862892,-110.71311541115642,6.309882849231087
92.582,61.416449219846704,-111.20663276002936,6.32112147047615
92.924,61.62932612307985,-111.68461968021481,6.328686248184113
92.965,61.79052408095459,-112.0427449762197,6.333302600351232
93.006,62.019243811175016,-112.55254972162166,6.338061960632686
93.049,62.22794328766443,-113.02034170657818,6.340482124910778
93.096,62.38550556290497,-113.37348053376567,6.343835612449773
93.141,62.58714641667159,-113.83188520786226,6.353642054728063
93.181,62.75720259477125,-114.2216106169952,6.3671880221209065
93.221,62.94595123752988,-114.65769085581177,6.389024910461892
93.26,63.103859138422905,-115.02685213921144,6.414930381906679
93.304,63.286373531526124,-115.46003085855052,6.45205221340688
93.347,63.49171855390274,-115.94315942975527,6.500589328360057
93.437,63.65951228187244,-116.33652005951916,6.5484698787418125
93.481,63.892007405538045,-116.89403375051526,6.627629172098878
93.577,64.0559219584405,-117.29905865634703,6.689882097047629
93.618,64.23169392386419,-117.73468257600148,6.760841695490811
93.705,64.5007398192741,-118.40419057564014,6.871679321265155
93.747,64.63101050443382,-118.72477183370484,6.922395131404279
93.794,64.86028493906402,-119.2855368643794,7.008299199882032
93.882,65.09436228695488,-119.86330246379701,7.091184644077757
93.926,65.24787316898878,-120.24592585142874,7.140856037009534
94.017,65.46521300329084,-120.78388566490533,7.201421687960661
94.104,65.6890978677735,-121.33064911775041,7.249296355565384
94.145,65.84887584416381,-121.71862963074584,7.274022715060951
94.183,66.07178306868475,-122.25868241608326,7.297681725546681
94.32,66.15365843727473,-122.45894743365001,7.303985393201941
94.36,66.49256586746644,-123.30196974597737,7.315419664977831
94.448,66.66789053911604,-123.7376545208532,7.313428303100551
94.486,66.88678719213465,-124.2803221217633,7.303786140970779
94.573,67.05091183816128,-124.68906547433055,7.291350730038715
94.66,67.20907183790351,-125.08510370070556,7.276205648813054
94.747,67.3763304245418,-125.50988582773287,7.25796501941074
94.787,67.55643349593436,-125.9759274458053,7.237098728103113
94.825,67.73883510642635,-126.45259124272745,7.216008167736341
94.961,67.89443312166253,-126.85986475860896,7.198184834325957
95.001,68.08659966644223,-127.36567501120741,7.176616329134717
95.088,68.27959302905363,-127.8768760028336,7.155592678410237
95.127,68.47578106709568,-128.40150219214107,7.135575618633197
95.216,68.58520527252097,-128.69621760369301,7.124937619796498
95.268,68.79837247580627,-129.27481353306086,7.105207944878167
95.304,68.98112765500557,-129.77595378914182,7.089415394512891
95.394,69.08656283473023,-130.0656476348332,7.081271354284247
95.435,69.26503382850979,-130.55618047801985,7.06985629756015
95.566,69.36326824056066,-130.82761245376707,7.064760281913898
95.605,69.62038948857068,-131.54247582956305,7.055656687448568
95.687,69.76505728943471,-131.94706462055655,7.0533824604793836
95.73,69.94427117123077,-132.45278720433964,7.053010571012678
95.814,70.07431797979828,-132.8231481198029,7.054602563469913
95.852,70.22995335286396,-133.26996178238196,7.058215921739475
95.938,70.35830188267539,-133.64430565439778,7.06210639418444
95.976,70.50537816311314,-134.0804897807369,7.067510348991263
96.059,70.6635887591494,-134.54199259981112,7.074006454984023
96.144,70.80558539064423,-134.93938906293053,7.080282510700215
96.186,70.94157467081908,-135.2951839007479,7.085821582217655
96.268,71.17936758919055,-135.85368581111882,7.0909937473439655
96.351,71.3906482911978,-136.31910716136005,7.0882589489803465
96.436,71.56199676436827,-136.68234659053616,7.0803778282667125
96.473,71.79083192508243,-137.14642085265464,7.062515959479576
96.509,72.06985721440068,-137.68271986026105,7.030859215719282
96.635,72.22029079837411,-137.95856048083834,7.010564530800963
96.67,72.48051955215021,-138.41458089969643,6.969481743368519
96.754,72.72290627967541,-138.82666859795953,6.922131970346541
96.791,73.014833455605,-139.304125571213,6.853887433080089
96.874,73.17812788673585,-139.5803253363559,6.8103886199141925
96.921,73.45925028986807,-140.07116078713682,6.726956872935645
97.005,73.69776857229488,-140.4875902435753,6.653112347482967
97.093,73.85156344749839,-140.76181092344012,6.60455280819513
97.13,74.11771739221561,-141.2509638437119,6.518436291726417
97.215,74.33092251704008,-141.66012162248947,6.447783858159497
97.304,74.50353886153837,-142.00773965677396,6.389832507546828
97.343,74.69620531465999,-142.41808757419693,6.324878347228747
97.382,74.87604493042426,-142.81872789232096,6.268242622666932
97.515,75.0299614277427,-143.16713273486448,6.227933034280973
97.552,75.23988045584437,-143.639521052023,6.1883375424973295
97.634,75.38078196285596,-143.9643827581101,6.171434437178654
97.67,75.55359642534165,-144.37911640238576,6.161326879398324
97.801,75.75543102968275,-144.89536456402547,6.165037366398877
97.884,75.84582336198153,-145.1455800170299,6.171780360938804
97.97,75.98127672493068,-145.50264424873004,6.185491406502123
98.009,76.10459031153118,-145.82670480420015,6.201332189812291
98.048,76.3153314714375,-146.38966756231514,6.234631915428871
98.141,76.4523209155014,-146.76641101051297,6.259708410378536
98.179,76.62349521249101,-147.2435910145334,6.294445218656968
98.217,76.78920555079335,-147.70328340244373,6.332837266397696
98.349,76.93590834082502,-148.1110654130778,6.370437136350169
98.391,77.11775215001967,-148.6243668673004,6.421747947544233
98.479,77.27940057103015,-149.08499697962066,6.471124408271123
98.563,77.41912849427408,-149.4858158373597,6.51622256519822
98.6,77.60030879324421,-150.01352666265018,6.577971431340593
98.682,77.76049168599832,-150.48073733670412,6.635584745308684
98.72,77.93669372202112,-150.99307429430397,6.703523783506206
98.801,78.09145912945992,-151.44723093876286,6.767550926721725
98.839,78.23501440691138,-151.86955858867992,6.830180096061568
99.057,78.41769648273115,-152.41063301816155,6.914165522651594
99.092,78.60889067078568,-152.9823834070994,7.004857572555686
99.128,78.74552335857496,-153.39388361842816,7.070769783442728
99.164,78.92827900147276,-153.94898891698048,7.1594385493988
99.201,79.12090367683082,-154.5383461516229,7.2520749664357425
99.238,79.27142940606711,-154.9990429487346,7.322248196663139
99.319,79.42854957044898,-155.4892427779187,7.3920719913101465
99.402,79.56491399501452,-155.9211364818441,7.449134365069298
99.458,79.79758764665074,-156.66710196152067,7.536881731018113
99.587,79.9851270167602,-157.27727398570843,7.596043398725982
99.626,80.14102897832211,-157.78610717581003,7.635833017674528
99.673,80.3225173326063,-158.3846544748484,7.671885088948557
99.771,80.46461806232831,-158.85651407055397,7.692371436041583
99.809,80.63430782899793,-159.4198565628336,7.707657223846837
99.897,80.76254734468074,-159.8484073546561,7.713655050418865
99.936,80.89629358839522,-160.29631835837068,7.716144630446664
100.026,81.0814183298889,-160.92117392590825,7.716972112606072
100.065,81.22562950644961,-161.4094201074681,7.7185069984979435
100.153,81.35377614177492,-161.84483257728292,7.721869668310234
100.247,81.54492498756643,-162.50086201107428,7.731500846114855
100.299,81.66502537053006,-162.91637016992715,7.7405262517482925
100.365,81.79253760425723,-163.3603668653176,7.753030926852574
100.422,81.98296621825878,-164.03369797059227,7.776727802637723
100.466,82.07584834717316,-164.36538072842984,7.790161737852856
100.514,82.23571219685294,-164.94023234948213,7.815909032569351
100.608,82.42026641694412,-165.61044623876023,7.847225507528577
100.651,82.54047955411716,-166.0527440908676,7.867836677201424
100.744,82.66731512554145,-166.5244935872088,7.88948420082761
100.79,82.7913675956056,-166.98835360879733,7.908850860867815
100.884,82.94329211220744,-167.55821508786732,7.927969746039864
100.976,83.05522651822126,-167.98359596001796,7.938162036063417
101.068,83.20814905667714,-168.56626140105888,7.946403196765274
101.128,83.33242264688894,-169.0488929234549,7.948626282268307
101.184,83.44611676102457,-169.50186988146962,7.946520522184372
101.279,83.56105763283377,-169.96493523463505,7.939683269931422
101.322,83.69858976263609,-170.53179041108973,7.926515758345786
101.361,83.80953516683473,-170.9997724469262,7.912246665851825
101.404,83.96115063458751,-171.64971746353913,7.889547989397897
101.549,84.05609979271162,-172.06523760768226,7.875291887324593
101.59,84.17900027207439,-172.61111079119468,7.858598944770989
101.631,84.2893387795788,-173.11182626033136,7.84624225592691
101.722,84.38651755525954,-173.56485442933962,7.837669776482841
101.763,84.46882794683862,-173.96555957260023,7.8318832104776845
101.854,84.59613402735229,-174.61001675241707,7.8283934498648335
101.896,84.65245889749048,-174.9060760439088,7.829792862462739
101.952,84.73102292681382,-175.33454184002767,7.834688687048086
102.044,84.85057048771864,-176.01804547488146,7.848827708929647
102.083,84.91617932300336,-176.41223996587973,7.8592062096442135
102.182,85.0053071864315,-176.92543230934234,7.873457682942387
102.225,85.10166084617943,-177.46068603042116,7.8880798444943565
102.275,85.17342586336159,-177.86554295777347,7.8973245195131625
102.357,85.26781936731126,-178.40553493932913,7.906072659232407
102.462,85.3684282608284,-178.98960651695586,7.9111713827775105
102.506,85.44256110129379,-179.42108251746757,7.912031564577177
102.563,85.52320686967803,-179.88577864863032,7.909638465477315
102.653,85.61825733046929,-180.42989171020528,7.902654946735055
102.689,85.70577136055974,-180.93499431353246,7.892377733790326
102.731,85.78046750041861,-181.37113621955376,7.880672344448513
102.822,85.85997003517744,-181.82827360073412,7.864535347707999
102.954,85.96985363175199,-182.44738215120864,7.8362357912115215
102.991,86.05099294444369,-182.9067303288078,7.808328708509819
103.081,86.13940852598355,-183.39676342459754,7.770964769183678
103.118,86.24786561260404,-183.99019562222054,7.716603329639611
103.202,86.33594836866465,-184.47164590888883,7.664339165885991
103.287,86.46975411096395,-185.21362668470084,7.573435904905935
103.324,86.5443858545643,-185.64333916836944,7.518456529440968
103.411,86.62192205870815,-186.10103053357295,7.458171945415899
103.454,86.72471573127706,-186.6958947374941,7.377398583392065
103.54,86.79273272241124,-187.08255916150824,7.324540818688803
103.576,86.88107937073678,-187.5737977561292,7.257415668009315
103.662,86.96221805579424,-188.03879465070744,7.2006390960026465
103.748,87.03483706936973,-188.4657750950131,7.158022178299575
103.787,87.10145502668776,-188.8634784282943,7.128210657931689
103.919,87.20538036847813,-189.48438351482696,7.101908707360565
103.956,87.2685107549184,-189.856275996264,7.098738000151087
103.996,87.33860467254523,-190.26128290365946,7.1056126823678625
104.09,87.44048267205324,-190.83684440537309,7.132657209681369
104.18,87.50998702229012,-191.22277738438478,7.1619000394642285
104.219,87.60389629630866,-191.73823620229012,7.213820504889341
104.308,87.71028561339492,-192.2878979551872,7.282404933431621
104.346,87.81002110149154,-192.70541487345156,7.337690646121672
104.383,87.93862751220779,-193.15005890689665,7.395800176481828
104.469,88.13115932749349,-193.70205584961843,7.4629916727308085
104.564,88.31509568898647,-194.18024964194845,7.516071600693266
104.653,88.35350428664256,-194.27840417855194,7.526283132790553
104.694,88.70554079816392,-195.18074006625693,7.604888586900785
104.731,88.89558477523435,-195.66990851500046,7.634885231470648
104.869,89.06665473341047,-196.1101114563382,7.655608647332883
104.907,89.27995650769347,-196.65028322021035,7.673855179417103
104.944,89.42954362477616,-197.0266218571697,7.682311675145257
104.984,89.58937855460039,-197.42595499049241,7.688495171971482
105.117,89.82276589491792,-198.00209471412597,7.694176991059678
105.157,89.97682111144383,-198.3820452889698,7.696579634761861
105.244,90.17737529859886,-198.87553938407672,7.698518354419136
105.281,90.38943747623408,-199.39471256366912,7.6992043539511315
105.376,90.54827946557972,-199.78321186229292,7.698818351164462
105.414,90.71326750302701,-200.18749547334954,7.696972755918111
105.5,90.94094935333476,-200.74831605752965,7.691131098314969
105.586,91.09566800132454,-201.13192170664283,7.684593914604932
105.624,91.30387986602089,-201.6507150969304,7.6713844624856335
105.709,91.55034721441231,-202.26520021898375,7.6501148333678515
105.797,91.71107808053733,-202.66290277749528,7.633048587749002
105.835,91.92914481072617,-203.20032216866693,7.603274430815375
105.922,92.11481497067273,-203.6570027274549,7.572470169971524
106.009,92.31777954928859,-204.15840867073155,7.534112378512972
106.048,92.49074660447495,-204.5848967804353,7.4974406506273255
106.134,92.68610130580875,-205.06449688849423,7.452262977992376
106.171,92.90314303877031,-205.59521128484775,7.399465559808249
106.258,93.07560280347627,-206.0123574851965,7.3558166960037425
106.347,93.32336656480786,-206.60880979392604,7.292247092424631
106.441,93.48900398340328,-207.0081160557347,7.250663299499095
106.48,93.69809691232838,-207.51205545457353,7.198268374489629
106.518,93.91159551684743,-208.02907949241074,7.145358633139281
106.651,94.11640483967987,-208.5301814640129,7.096953064287973
106.692,94.28716576952672,-208.94767749840975,7.058406461790014
106.735,94.49520896196537,-209.45597248509762,7.013224047163689
106.828,94.69430714805688,-209.94747998024997,6.970710268886478
106.868,94.86564805801487,-210.3739658310183,6.933127660643635
106.967,95.07874764689635,-210.90453344663962,6.8866580595416735
107.062,95.28210120654671,-211.41324603391797,6.8432091733070735
107.1,95.49642557489699,-211.94738966489436,6.7980524014352
107.166,95.68717801682654,-212.42067521521068,6.756493467449104
107.203,95.89650430587336,-212.94245367250497,6.710482803403622
107.333,96.03077763753532,-213.27704975200797,6.680820045200775
107.371,96.35336678049985,-214.07394350559275,6.613482488402269
107.456,96.47385135266714,-214.36487206906543,6.591430242962019
107.494,96.6499795221325,-214.7758681424739,6.563204625941523
107.628,96.96031071242697,-215.47732461027445,6.522552631659281
107.667,97.08600853770976,-215.75612014907446,6.510652358607658
107.752,97.32057699108486,-216.26702665926084,6.4960347137454875
107.795,97.60012238558173,-216.86656113549114,6.490099167657874
107.88,97.7305179022835,-217.1429351345075,6.492130450115383
107.916,97.92660898931305,-217.5522184168172,6.501542946663093
107.953,98.2197106334842,-218.15417902311998,6.5267328860668385
108.052,98.4053808215433,-218.53236952407377,6.5500445912554
108.092,98.61043045101545,-218.94456562304364,6.583246875895085
108.133,98.86785878314515,-219.47017648837206,6.633781663939899
108.271,99.09401754591087,-219.94008306755748,6.685860679710416
108.31,99.2829689511187,-220.33349012979687,6.734774831509299
108.348,99.54409338255097,-220.87636940184294,6.807376333365752
108.386,99.73082712857259,-221.26545128788496,6.861593130087883
108.48,99.93641156173759,-221.69646439874128,6.923201272522846
108.566,100.3122277349305,-222.49236330876192,7.037414701495592
108.654,100.40986366470548,-222.69992428150363,7.06646727858805
108.695,100.67347218253593,-223.26241280398042,7.141993157569843
108.734,101.03827579888798,-224.0420703535731,7.234688474021041
108.869,101.13163364807028,-224.24254438986296,7.255540347620467
108.91,101.33738941669824,-224.68683756231405,7.296723772142883
108.996,101.61463389702905,-225.29087800364385,7.34312593826381
109.035,101.80303243964053,-225.70557166662616,7.368754243633873
109.078,102.1419129183285,-226.46248952359613,7.401689553056386
109.215,102.3245192352264,-226.87668901734583,7.414498321374069
109.253,102.44308188970783,-227.14816594222737,7.42117455944917
109.292,102.69465165409237,-227.72601961637582,7.431237139965901
109.382,102.77907929866794,-227.91979275731163,7.433971728945679
109.472,102.9474496242257,-228.30786499362915,7.438404735588804
109.512,103.17434394975322,-228.84867355228315,7.441610132473286
109.601,103.32973242336419,-229.22979929462483,7.442885784271979
109.685,103.50241055932719,-229.6592687990499,7.444421894044325
109.726,103.64939280198787,-230.02894242828455,7.445839720016139
109.777,103.79476849414931,-230.39984319128882,7.447244204768694
109.817,103.8906144632485,-230.64645797495618,7.448116924471577
109.903,104.10504108482994,-231.19971100200613,7.446617184736041
109.991,104.2681959440165,-231.62657664672278,7.439574380823402
110.029,104.43371562789261,-232.06420961448796,7.42754267683577
110.165,104.5695818629593,-232.42773093370687,7.4146486321594836
110.203,104.70679752483353,-232.8029914658446,7.400163274396036
110.312,104.86640063275533,-233.2474601370363,7.3825515487078945
110.365,105.0115407486556,-233.66060670953175,7.366368740480439
110.404,105.15612370288997,-234.0769722935317,7.349503592470413
110.443,105.31209089453176,-234.5326136924856,7.32978308204639
110.579,105.34206965946507,-234.62119633146514,7.325850204049502
110.618,105.56700386465245,-235.3085172098229,7.294151413766713
110.657,105.65593206310314,-235.57843772312467,7.281809427337976
110.696,105.86306814430894,-236.18627177774275,7.255040648042495
110.833,106.00117165048783,-236.5976326551989,7.237797052986892
110.872,106.1691073237762,-237.09840416579146,7.217605133756976
110.966,106.34930106719693,-237.63217976936215,7.197402062370784
111.003,106.49241213976487,-238.05936518601453,7.181029250965565
111.089,106.66274625436937,-238.57015272017688,7.160143436786058
111.131,106.80559903919772,-238.9999034630479,7.141345411691802
111.262,106.94640147556191,-239.4261379589625,7.1211500524698295
111.301,107.11347904138589,-239.93577676035855,7.095412382144048
111.34,107.30084639210897,-240.50932761931895,7.066343759179745
111.429,107.44510790460939,-240.95359470478786,7.044285351729428
111.516,107.57932725899576,-241.3695000121034,7.023840816330164
111.559,107.76120690880077,-241.94219866443058,6.997876870260043
111.645,107.90225349718489,-242.39014958883234,6.980724980662416
111.683,108.03151405704762,-242.80066751480297,6.967726189985996
111.726,108.16461643059253,-243.22893713485342,6.957342488299744
111.866,108.32504361431054,-243.75365935596693,6.9495561891368
111.906,108.47750633370069,-244.25319814718873,6.947330414567119
111.945,108.63919776527406,-244.78970175841974,6.95123873072788
112.084,108.78125624315794,-245.26478919541162,6.959980783176576
112.124,108.91100854022707,-245.694442513455,6.9715099874504745
112.217,109.0804927564408,-246.25805459301046,6.989237971430583
112.257,109.20703779813488,-246.6851383282396,7.0033150336825685
112.343,109.36691076821376,-247.2283590643111,7.020686873287389
112.381,109.45606646205302,-247.53343277175844,7.0296326526546835
112.471,109.6671750244774,-248.25002821396015,7.049371678292431
112.511,109.81106195389378,-248.72572142442888,7.060785836334119
112.553,110.05311301058543,-249.5236629154421,7.073862017637737
112.646,110.16008516083241,-249.87736821398238,7.076767844750108
112.692,110.30033568373727,-250.33972558158962,7.078124585365529
112.735,110.48597515348263,-250.9449087422141,7.074521494245317
112.877,110.60984241547536,-251.3452103629217,7.067770903809688
112.963,110.75607000014887,-251.80951231488504,7.05462340471432
113.001,110.89579580689215,-252.24889775894755,7.037870948454255
113.04,111.02238311595349,-252.6475319505155,7.02160387767745
113.13,111.17929278849212,-253.14084230487285,7.001579458103194
113.169,111.33052540312396,-253.61348530834212,6.982267806523154
113.258,111.45822370202218,-254.0126329065785,6.966266131428711
113.297,111.62595173327355,-254.5375608891515,6.944280264217852
113.383,111.74059762002352,-254.89454992377992,6.927853759004378
113.422,111.94201237896546,-255.51716653757472,6.898768261470394
113.584,112.07011868050932,-255.91417987688118,6.8815265634699045
113.624,112.23668709814652,-256.43158167202125,6.860767240652024
113.662,112.36616569060243,-256.8343102291062,6.845779291135315
113.752,112.5539094551725,-257.4187834783688,6.824901530245967
113.791,112.68773455042775,-257.8358683414193,6.810343456146853
113.89,112.83485198812826,-258.29310121726843,6.795626704855621
113.932,112.93573939515471,-258.60791487071816,6.786829856166861
114.019,113.1730129063988,-259.3473296772671,6.770381717396759
114.107,113.2713520969518,-259.6521402479056,6.765171292164567
114.148,113.41042590228446,-260.08105305308607,6.758781240638356
114.187,113.64729184589234,-260.81850196530274,6.752663721395066
114.284,113.74947602353446,-261.13763246847134,6.751632335619178
114.324,113.96056660154348,-261.79645853977263,6.751510325380977
114.413,114.13244808061947,-262.33582559043043,6.75356198840106
114.503,114.22803399530525,-262.6347928248225,6.755338165043668
114.542,114.42365218037475,-263.248985626755,6.760802446406629
114.582,114.51350564668854,-263.5334538287979,6.764483154433222
114.669,114.70241569862947,-264.13293609829117,6.7746014033807
114.755,114.86287704525569,-264.64478142949525,6.785439611537669
114.842,115.02795948288943,-265.16884405755843,6.797991298662424
114.879,115.15749570699236,-265.57671946952485,6.8084249744755425
114.967,115.32268592615135,-266.09355462379386,6.822055698998852
115.054,115.50022510850843,-266.6459409577365,6.836379040097242
115.091,115.6348774970579,-267.06526599500654,6.8459732039871
115.181,115.80823426109433,-267.60253040060604,6.856338975199137
115.22,115.99073300844587,-268.16190842131385,6.863760640767637
115.305,116.12817501661519,-268.5797638464703,6.8669276352728446
115.345,116.30644611884829,-269.116986560895,6.8683091647822465
115.433,116.49907908395691,-269.69225600352115,6.866173999894627
115.472,116.64038590615755,-270.11354762916017,6.861972661299845
115.562,116.79199282733592,-270.5639602578362,6.855299231571479
115.602,117.0068838727546,-271.19877641379674,6.84272232521721
115.688,117.1515335948128,-271.6231424203279,6.833208313471289
115.727,117.30527293012116,-272.0706338108984,6.822964380121931
115.864,117.51692679338102,-272.68260790071747,6.808548657023621
115.902,117.66488552253631,-273.10801352674434,6.798141969746197
115.94,117.86064976814743,-273.6681910655396,6.783969176996422
116.074,118.0071642650119,-274.08587361894604,6.773250466192607
116.111,118.21352895783455,-274.6702468590489,6.758979664472335
116.197,118.45231129813428,-275.33424760162154,6.743339761831578
116.235,118.65802710152464,-275.89935114129344,6.729647829591229
116.328,118.7779082800563,-276.2260196809591,6.721240386565512
116.365,119.01038000709715,-276.86907973332484,6.703800502884661
116.453,119.20518500775566,-277.40946343231866,6.6896104296530154
116.489,119.3107046325685,-277.7020071401819,6.682770019788293
116.573,119.52483015143947,-278.2923977464726,6.670754513483317
116.66,119.66817398163963,-278.68649203296656,6.664046227068127
116.701,119.7951197839873,-279.03587989465024,6.658437486153787
116.794,120.00086285995079,-279.60025248954474,6.650141874657876
116.926,120.18539997947698,-280.10938336314064,6.6446723809032875
116.963,120.3262341909415,-280.4997399405793,6.642714605822704
117.046,120.5409168710161,-281.0924497435444,6.644306587317104
117.083,120.60806105742621,-281.2773538916492,6.645425949800114
117.399,120.84258146391318,-281.92094139256267,6.649281966334627
117.438,120.99423808507086,-282.33727538677357,6.649783265037527
117.478,121.21748685025261,-282.95346555888636,6.646514712013186
117.515,121.35999094175875,-283.3498502467983,6.6427590898390605
117.554,121.55357345751354,-283.88956960040383,6.6357734950324385
117.593,121.66526406507916,-284.197560656603,6.630045557451922
117.633,121.9273067757435,-284.91421144408383,6.6112127622068755
117.67,122.1360418396585,-285.4829270271704,6.591726561130173
117.708,122.34576856492723,-286.05368855618997,6.569302449361388
117.747,122.49555381879044,-286.4637126959836,6.552490864585138
117.785,122.69717100214548,-287.01806567247485,6.528870439961096
117.871,122.94481143548062,-287.6949603757382,6.498813383161789
117.957,123.06324802374779,-288.01721505866976,6.4844360237134
117.996,123.30291123376023,-288.6680699134539,6.455533899853606
118.043,123.5054125458812,-289.21718262165956,6.433775162282259
118.176,123.65223733992696,-289.61731971921415,6.419737978349403
118.213,123.84791611865614,-290.15459272722893,6.4026082719773285
118.296,124.06397838520734,-290.74739930200644,6.385097635459374
118.382,124.21554308683503,-291.16488524844425,6.371965945366512
118.421,124.4216928845063,-291.72943773996445,6.352774111958681
118.506,124.64013697511635,-292.3269368676708,6.331396916302751
118.545,124.75874391793104,-292.65375328014323,6.318503622903208
118.582,124.99809339744328,-293.312485615137,6.2885630430723864
118.715,125.21574143080841,-293.90349957408466,6.257530572717997
118.751,125.33309746893636,-294.2214918527987,6.239227781627633
118.836,125.56236998090621,-294.832240546091,6.203018393454556
118.919,125.75731623120683,-295.34801613840654,6.171422003326228
118.956,125.864817771595,-295.63287575012095,6.153315209759796
118.992,126.08675940246894,-296.22438691684175,6.115197429439732
119.087,126.29011350679565,-296.7636672913594,6.08201632938119
119.125,126.43913837198767,-297.1600737127235,6.058833263588113
119.219,126.63486300704693,-297.68033348536346,6.030083942797006
119.256,126.83860261007837,-298.21702914776694,6.000853954840579
119.385,126.99401306975483,-298.62561155854786,5.977142461228354
119.424,127.19472091455961,-299.15446681832157,5.943618768659931
119.469,127.40930310811498,-299.72062395058595,5.905358270722999
119.555,127.57274009624084,-300.15138658541605,5.87571653754334
119.639,127.74129995331543,-300.59687658831746,5.844693268621114
119.724,127.97130335782087,-301.20258769304456,5.80085479552362
119.761,128.14959406159664,-301.673623694409,5.764481073385966
119.846,128.31182141389593,-302.10380918652015,5.729376517892447
119.883,128.48901168218157,-302.5788360256999,5.690889561841047
119.967,128.69839934492975,-303.1462615885976,5.645839443226194
120.054,128.89335988470995,-303.6784638217707,5.605044474601627
120.145,129.07226208316828,-304.1668913204797,5.568294405764988
120.182,129.23419338953371,-304.6088610172944,5.535201969932359
120.221,129.43308885366235,-305.15234377569885,5.494530601640477
120.267,129.61199497932853,-305.64572276382444,5.457653110535404
120.406,129.76820501610095,-306.0834884540747,5.422740293856521
120.448,129.99928644019576,-306.7347790075226,5.366832449404541
120.536,130.2068991196823,-307.3195524596928,5.312049495758416
120.578,130.38323154953358,-307.8144463746421,5.263470714468511
120.665,130.54130665297967,-308.253671172387,5.218792071266591
120.752,130.646150076708,-308.54311954019886,5.187974942027722
120.79,130.88062247362313,-309.20489110824394,5.110923808463994
120.832,130.9992471201688,-309.5661365267902,5.064404720219912
120.919,131.1459136827279,-310.0413415555729,5.000181823505514
121.007,131.24517612875945,-310.3738447924268,4.955290014498118
121.102,131.3560585984393,-310.7562381578154,4.904750809080696
121.143,131.41394000048788,-310.96131177616803,4.877918465475531
121.183,131.53412537567203,-311.39112459430925,4.821724950274529
121.276,131.58296765939969,-311.5744794472124,4.797444585920701
121.321,131.69284136958356,-311.99661914500547,4.7413235691281415
121.421,131.7527753121604,-312.2435681809392,4.707657021480969
121.463,131.80841022878906,-312.4823074719992,4.674761125103075
121.559,131.86618728051099,-312.707158141081,4.645689266694063
121.6,131.90392730433538,-312.8419150448077,4.630283160787769
121.693,131.97303764749748,-313.11032981142716,4.604043752897979
121.734,132.02244448099205,-313.3345689195339,4.586522456714178
121.833,132.06684140858906,-313.6002686839432,4.565699597599789
121.923,132.1014863090832,-313.8138533282343,4.5474483585297065
121.962,132.14994371365665,-314.10937167019756,4.518787754341915
122.003,132.18622853197564,-314.3290508400556,4.494492802386574
122.091,132.23181039984752,-314.59516195628146,4.461873163435627
122.181,132.27948863669056,-314.86685530801077,4.425479400427605
122.231,132.32385295161077,-315.1170416542363,4.389749910884859
122.292,132.36384706473314,-315.3386338289057,4.356916253786466
122.379,132.41011189370968,-315.59274399239666,4.318722979530762
122.42,132.46479642464234,-315.89352634581496,4.2735029475951904
122.463,132.51751485626872,-316.19026640176963,4.23033318421146
122.554,132.5674800782151,-316.4785592774538,4.190464624650076
122.638,132.60850086917313,-316.7231522468888,4.157809209942059
122.725,132.66639673524813,-317.1075552072892,4.107223194446604
122.764,132.71431636755682,-317.4487366451594,4.061862720550167
122.846,132.75920413105902,-317.77004113759915,4.01978052124295
122.883,132.79841330969566,-318.054789270517,3.9831490709208026
123.012,132.82474203701813,-318.25319284879214,3.957976996089627
123.085,132.89001621194365,-318.76028586805734,3.8953019061114986
123.121,132.9256060682226,-319.05807892664683,3.8602322851905484
123.158,132.9713108879972,-319.48123587908987,3.8145332360070796
123.297,133.00214183041072,-319.79415942504596,3.7840269946697447
123.336,133.04299399873156,-320.2465349326714,3.7447361696213335
123.38,133.08186308510068,-320.64321312097707,3.7135130949664443
123.501,133.11451746905192,-320.9533691681502,3.689697150019825
123.539,133.16360624239252,-321.3708338206584,3.65823467144304
123.581,133.21940253890975,-321.82033028670185,3.624997640632742
123.626,133.2707928713016,-322.23069615344014,3.5964252265893606
123.756,133.3184435427723,-322.6005013236338,3.5719344113176135
123.796,133.38042847666605,-323.0668951027512,3.541782650049896
123.833,133.45571076187898,-323.60605085878973,3.5072385424416126
123.917,133.51389276202434,-324.0028262184831,3.481752433080999
124.046,133.59941607863573,-324.54339751021865,3.447909426742143
124.083,133.67863600158836,-325.01347502157296,3.4203555806328154
124.17,133.7526620525471,-325.43574104970685,3.396509158881557
124.209,133.85449262749663,-325.9922898178447,3.364922410896412
124.299,133.9504946351547,-326.49337999622213,3.336349039571303
124.337,134.06387611852034,-327.04111740554436,3.3045729379902724
124.388,134.2002284368447,-327.608628142855,3.2703740762291744
124.529,134.30628196893213,-328.016656685021,3.244775509667477
124.57,134.46086279607403,-328.57357910382586,3.2056500224202438
124.609,134.63232178368585,-329.1375804932189,3.161328545818506
124.647,134.79456375317847,-329.6364903304282,3.1200276069117763
124.782,134.97548090897044,-330.1620483640099,3.0749782470222584
124.82,135.13691790192945,-330.6058191853441,3.034206728919713
124.859,135.3707147991526,-331.21135213755826,2.9730965301867087
124.992,135.54389050645352,-331.63642586063946,2.9267630012928407
125.031,135.72610259261862,-332.0627803553995,2.8795308020343384
125.071,135.97760364394767,-332.622113591454,2.820887506977215
125.114,136.16582239518618,-333.02698494851137,2.781816919018439
125.246,136.36854604865482,-333.44856536601054,2.7439329448495755
125.285,136.63043480203666,-333.98752795399264,2.700053968132039
125.323,136.82156126160703,-334.386065196912,2.6708116339053447
125.362,136.9932497161741,-334.7442346382289,2.646910663744279
125.496,137.28979855776964,-335.3534487570121,2.6127167282748474
125.537,137.53329781164797,-335.84522341118793,2.591449257781278
125.578,137.764900902934,-336.3095336756198,2.57375775003797
125.674,137.975119699775,-336.7295763545121,2.5587676763748846
125.812,138.26041980031823,-337.291390114743,2.5378117948669967
125.851,138.52443072252998,-337.8015303361559,2.5135540686051456
125.938,138.67890354011217,-338.09434002226027,2.497798243797206
125.976,138.94826449255822,-338.59534148793097,2.4671040489883183
126.061,139.24757840209048,-339.1437169021091,2.4267469900800904
126.099,139.45352367564902,-339.51437484170464,2.395761397688318
126.149,139.72700551421093,-340.003005253175,2.3492448976967637
126.242,139.98061123141758,-340.4541679171219,2.3027362297864045
126.312,140.18162368504073,-340.8108473704821,2.2656702166495677
126.397,140.48759970898007,-341.3538585454842,2.211136131393971
126.446,140.74496062011605,-341.8095728025636,2.1700988525681453
126.505,140.98232113333893,-342.2274144793832,2.1371918666816043
126.601,141.19080287815754,-342.59567090638797,2.1129320255327286
126.69,141.44959268928733,-343.05325078033997,2.090918586437965
126.731,141.68219392503485,-343.4764035618949,2.0767953084393582
126.821,141.83118907200662,-343.7593820583886,2.0706498256847397
126.866,142.10337921167883,-344.2891337577081,2.064986786673245
126.912,142.3652262861951,-344.81125259483406,2.064014312206922
126.962,142.5605349348334,-345.20993979419535,2.064683827918884
127.107,142.8086219922111,-345.7255826349796,2.063813129802469
127.149,143.02856549844338,-346.1919997887424,2.0588946030184445
127.186,143.2219558946232,-346.6092743059052,2.0506641805768027
127.321,143.495062162206,-347.2153788799436,2.031765468099451
127.366,143.66703378468088,-347.60857741645475,2.015011187488028
127.407,143.84165305974886,-348.01598038403876,1.9941012585587998
127.55,144.04051453087095,-348.48606321607195,1.965073465746201
127.589,144.25783322723643,-348.98516843300735,1.9301190651326863
127.629,144.46835350130596,-349.467915519658,1.8946506661710032
127.721,144.64416734026827,-349.87278206134397,1.8646311924846373
127.761,144.88287800268301,-350.42676091905804,1.8233889595398978
127.799,145.09850243691886,-350.9297435353396,1.7856810274681436
127.888,145.28131520198508,-351.355536930574,1.7532928336564169
127.93,145.48737228766717,-351.8336888715152,1.7176695233881674
127.968,145.70344046916506,-352.33612076327296,1.6825344866679472
128.059,145.9093206588322,-352.81474117765566,1.6511393160162413
128.104,146.09402001382716,-353.2446399410688,1.6239169237858562
128.339,146.35115617677897,-353.8426554125976,1.5874830572253131
128.377,146.56723709942807,-354.34447369128344,1.5588660753641363
128.418,146.76789044059495,-354.8097677443601,1.5349882067677356
128.458,146.9425309170685,-355.2136720117657,1.5165072210394044
128.497,147.18371486896103,-355.77528268270805,1.4950869540504357
128.585,147.3077563028558,-356.06489531447073,1.486747013906836
128.628,147.55705593122207,-356.65170948933235,1.4765051654160857
128.717,147.78300679966088,-357.18942030306926,1.4748289813114468
128.757,147.94240931838033,-357.5695551764198,1.4764151151450449
128.795,148.16044384488623,-358.08955047978986,1.4816403434103336
128.884,148.41461073948255,-358.68394641814353,1.4917816482369801
128.969,148.58648311988335,-359.07215436548285,1.4992475937906704
129.007,148.84507799551324,-359.6454573400205,1.5093788193888997
129.095,149.1488666098429,-360.30269964916937,1.5159281805272826
129.141,149.40611187974713,-360.8441733665699,1.5139448596200111
129.187,149.70171266709372,-361.45002759606524,1.5050001844954295
129.273,150.00270387679484,-362.05782115544275,1.4871203608580856
129.407,150.23512550919088,-362.51466781903065,1.4676315956297685
129.446,150.5544810458889,-363.11876999775706,1.431274522186044
129.486,150.85062312916943,-363.6603883619443,1.3905764216087277
129.524,151.20473247697743,-364.2938249978577,1.336693451846628
129.614,151.5447021533379,-364.9017917135657,1.2789978655245875
129.706,151.67359809632035,-365.12661030600077,1.2564474246155442
129.752,152.16312840215647,-365.939534235563,1.1712484772849905
129.996,152.53842922955877,-366.52716281854435,1.1108518175057611
130.031,152.99089082442907,-367.21975304476575,1.0456739859089623
130.069,153.1980055390555,-367.5323749681314,1.0193242495852246
130.107,153.6391773173292,-368.18567560686927,0.9726547191126258
130.146,153.84724755134772,-368.4908760805837,0.9563634145835351
130.183,154.31676627854355,-369.17271055335823,0.9334873255600371
130.272,154.77041453074054,-369.8275185992269,0.9315550184125527
130.364,155.14065137838838,-370.34075467252325,0.9431738388260271
130.405,155.48873871742703,-370.79953994587135,0.9631728136085087
130.49,155.9059024899488,-371.34052229351767,0.9962951011195287
130.533,156.2598341007,-371.81428305328257,1.031364098281216
130.574,156.59827163136222,-372.27138125091625,1.0678301704452622
130.665,156.97626282697928,-372.7940137783496,1.1109938291511412
130.705,157.34035244196807,-373.30172737521247,1.1531701001308647
130.798,157.65394493206304,-373.72701785625407,1.186441089940189
130.838,158.15250495350662,-374.34764231860015,1.2261489762944677
130.934,158.31312671085453,-374.54498167801034,1.2352849532694279
130.978,158.88790806237336,-375.28580065444146,1.253484067717693
131.116,159.275402507586,-375.8190882924497,1.2514547707470172
131.156,159.48133373236243,-376.1126767829962,1.2461693302308277
131.194,159.84164453477615,-376.63442171796567,1.22951835652907
131.281,160.1525666124882,-377.0977523052116,1.2080475886480428
131.369,160.3612289386188,-377.42152845068256,1.190220118923122
131.414,160.67672561573238,-377.92270376779163,1.1600859835822916
131.46,160.95024932957494,-378.3689711957048,1.1330792147282978
131.553,161.2581474027214,-378.89078932581043,1.1026991896146114
131.639,161.43382969108518,-379.1957701790869,1.0863987599594225
131.678,161.8030252595765,-379.8538670050274,1.0550992176520992
131.765,161.90168959861035,-380.0339395208184,1.0473409871318609
131.804,162.22758637897908,-380.6347662132161,1.022042044640898
131.944,162.53131764529434,-381.2063327266551,0.996704165078512
131.983,162.62056826633085,-381.3766915271762,0.9887087855692016
132.025,162.90649838187176,-381.9301665384594,0.9603464053204505
132.069,163.12763326949369,-382.36660353960116,0.9356113075229473
132.11,163.2790789932693,-382.66778786575566,0.9178462629606656
132.199,163.55758038745404,-383.2311228453447,0.8838070849662358
132.29,163.7242696330903,-383.57620537148847,0.8634219006131616
132.329,163.8379995920488,-383.81525064425813,0.8493546058814445
132.372,164.1273453835141,-384.4325109396081,0.8128627001036932
132.481,164.20526631709612,-384.6014760767127,0.8026638843303431
132.595,164.4150763363339,-385.0601207483803,0.7743891503852751
132.634,164.6704708802044,-385.6228575974968,0.7393282414584519
132.683,164.84806019526104,-386.0202856572205,0.7143603791841997
132.772,164.9778061844092,-386.31514699593913,0.6955395674791589
132.81,165.18376179213783,-386.7875876444049,0.6650716411838573
132.848,165.2993399516435,-387.05641580016834,0.6477681753541731
132.985,165.51059200612377,-387.55239073570647,0.6156410079186116
133.025,165.69503741584725,-387.9901477298112,0.5870026589865631
133.062,165.83057898783625,-388.31529137558357,0.5660095496311612
133.194,165.98014798492,-388.67704691986626,0.5427833717194801
133.232,166.19618128065144,-389.20948958089474,0.5082994589141947
133.317,166.32804272967044,-389.53955905453944,0.48714932701543034
133.361,166.50927937141643,-389.99619781600086,0.45926207767311666
133.4,166.72526031786094,-390.550408439551,0.42860137612424865
133.504,166.86066501646178,-390.9035709672532,0.41111544033793734
133.563,167.00268865687917,-391.2757398352419,0.3945886597397248
133.66,167.2205508539879,-391.8556762350252,0.3721259352173263
133.696,167.34746417272254,-392.20115629917086,0.35961951177705487
133.785,167.5159841300134,-392.6670089961166,0.3430344906457776
133.875,167.71710946969395,-393.2375886194842,0.32216766588084056
133.914,167.8129609293979,-393.5145036260408,0.3116902861452502
133.952,168.0859815036377,-394.3145506882745,0.27913752762378863
134.039,168.22362305341522,-394.72412738201535,0.26182923647965595
134.127,168.39129354923637,-395.23008019779104,0.23954762874976154
134.166,168.48469162792998,-395.5169789808986,0.22637545363113531
134.253,168.6930539009536,-396.17308102013743,0.19263832194303632
134.293,168.83252634112108,-396.6265612850111,0.16408670464431907
134.383,168.9731285182456,-397.09420308899206,0.13007344317890102
134.428,169.05151339610248,-397.35689345275597,0.11021838642702164
134.554,169.2185320218383,-397.9234961171067,0.06773759197724871
134.592,169.29352890473137,-398.1837374027044,0.048726190631214195
134.693,169.47691233402705,-398.8347215156228,0.002575554702360705
134.732,169.6319512159268,-399.41386824602455,-0.0382236873380748
134.771,169.68022342941487,-399.5999792892718,-0.051587685351478285
134.858,169.84076143353266,-400.2345402994988,-0.09861652183118963
134.948,169.95964634244777,-400.71284747966416,-0.13421454859334858
134.987,170.04210690999395,-401.0550419928161,-0.15931631960071968
135.076,170.19251054687896,-401.7153186378332,-0.20566868484735323
135.173,170.2916158628397,-402.18888967981985,-0.23703042025024956
135.215,170.3437283929914,-402.45470917346904,-0.2547220824431804
135.257,170.46192962260085,-403.0184859514715,-0.2931180321236013
135.301,170.5143713796224,-403.2647552895253,-0.31004634384288465
135.446,170.62007592311465,-403.7604928203173,-0.34485875655477116
135.486,170.7301955116876,-404.2690327763299,-0.37978411076227303
135.532,170.82079383446876,-404.68815899595535,-0.40580081169085247
135.576,170.91133645221342,-405.1076549775984,-0.42911538201590815
135.69,170.9884890489506,-405.4628806888994,-0.4475150941441086
135.732,171.0970116880693,-405.9636416289426,-0.47103775642816004
135.77,171.14928071557267,-406.2057081674773,-0.48111418394631755
135.859,171.26782579407322,-406.7547146234509,-0.501244929940782
135.951,171.36967893595457,-407.2098315630294,-0.5160883866200265
135.99,171.43059238840152,-407.4798904598927,-0.5246332958037669
136.076,171.58276058243007,-408.1390856875306,-0.545920930980202
136.164,171.69653904931602,-408.6191979114211,-0.563319536761469
136.25,171.76063358193898,-408.88962531581257,-0.5744870709755503
136.293,171.89836992405833,-409.4684112597866,-0.601492080945178
136.376,172.0155179296014,-409.9569262564168,-0.6273881995896033
136.462,172.08144208352667,-410.23134574235775,-0.6442686200863079
136.512,172.20040562306224,-410.70154820802105,-0.6771567597642729
136.55,172.36742563191757,-411.3055882806551,-0.7234807900338183
136.641,172.43667203574552,-411.54824939189075,-0.7431647600903659
136.724,172.59243827578177,-412.08451379397144,-0.789386155519054
136.761,172.7439362702121,-412.5935015416404,-0.8349232838590979
136.844,172.8158801242164,-412.833403957938,-0.8558874612572538
136.881,172.9715742841213,-413.3480660127237,-0.899329740666559
137.01,173.04651802620853,-413.58938692336545,-0.9183477494012777
137.047,173.27265162764957,-414.29509954826585,-0.9692324201603242
137.137,173.33843429769183,-414.4929062367739,-0.9827649611344782
137.176,173.48100401719893,-414.91379675294155,-1.0108813458881798
137.215,173.63192811355935,-415.3503978580908,-1.0396996292984682
137.353,173.8147201677458,-415.8993751151711,-1.0750550191298203
137.392,173.99211301891222,-416.44100101865325,-1.1081183862170008
137.477,174.07737094501312,-416.7046864175083,-1.1245520131633384
137.561,174.26420992651498,-417.2847631626469,-1.1628666154194889
137.6,174.4164647761138,-417.75801778114555,-1.1972602541754043
137.638,174.52862390986004,-418.1072290754233,-1.2245368169788264
137.723,174.6539684772693,-418.49739529152,-1.2570581766601094
137.807,174.90743424791017,-419.26615609817054,-1.3273127193105552
137.844,175.00356045502582,-419.545349213731,-1.3548062929131106
137.975,175.14793601883434,-419.95606830264353,-1.396822979949377
138.012,175.35780855596124,-420.5416053414364,-1.4580515532616687
138.097,175.52660953077557,-421.00213581439,-1.5059508843520746
138.134,175.7863369842099,-421.6932688774111,-1.5748237638031526
138.178,175.90583038481276,-422.0037992563407,-1.6042437720204532
138.225,176.19745118388786,-422.7393672539876,-1.669439895625601
138.316,176.347492310162,-423.1066104937603,-1.6991896514771838
138.41,176.50778265579157,-423.49150491100926,-1.7285611252360695
138.497,176.73106191582173,-424.0158711913168,-1.7660370537141432
138.537,176.9873068318339,-424.60958708891536,-1.806126751218443
138.622,177.2524969134082,-425.2426724599908,-1.8466996259703023
138.708,177.41234038198866,-425.62563869804507,-1.870545106704526
138.746,177.59468406672534,-426.0620456502981,-1.8974993659369375
138.785,177.9457435633228,-426.90426481949333,-1.9512126100564728
138.872,178.02782148187998,-427.1021285656594,-1.9644131825354805
138.958,178.38047065547778,-427.9557479811783,-2.0230395040370013
139.043,178.49733225713226,-428.2409449230325,-2.0432429037730913
139.08,178.65795513638886,-428.63482715089236,-2.0722290467790287
139.177,178.95060449868774,-429.35872230413577,-2.1298147526768503
139.223,179.05677881806074,-429.62187835715054,-2.152082535623947
139.307,179.23309613763746,-430.05957255954803,-2.1902805294892858
139.391,179.4501760654118,-430.59857664851535,-2.2369445198301605
139.431,179.57999365115973,-430.92084674814663,-2.263400902989048
139.519,179.78438722270585,-431.42864991288536,-2.302747892265188
139.557,179.99469144210167,-431.9516843443181,-2.3408030127531845
139.599,180.1698896194451,-432.3888577578269,-2.3713243294440645
139.735,180.29708906235595,-432.70692010941696,-2.392725517350897
139.773,180.51168565799634,-433.24359087797774,-2.4277687346008463
139.811,180.60478720533615,-433.4774464162969,-2.44256444797756
139.899,180.80702425212667,-433.9871101219351,-2.4731059114428433
139.982,181.01608381368072,-434.5139013705991,-2.5038416996724493
140.019,181.21732159296266,-435.0214915166936,-2.5340330538363673
140.058,181.31037484008323,-435.2555146253154,-2.548373882469434
140.191,181.45718655697476,-435.6246469987902,-2.571838397238764
140.229,181.6551506290782,-436.1244289606907,-2.6055950568591584
140.267,181.82741848206012,-436.5605656712913,-2.635971912506932
140.401,182.0482722771012,-437.1243835112863,-2.6766315975616806
140.438,182.14754075390064,-437.37986523748447,-2.696466407877864
140.477,182.3645382477749,-437.93560178013985,-2.7424951392642924
140.562,182.5885771008914,-438.50123482359623,-2.7946528597291547
140.651,182.80069402660416,-439.0382587086506,-2.848815499357073
140.69,182.90132196913154,-439.29247838692413,-2.8755554634036287
140.821,183.12171718170487,-439.8473204048656,-2.93688358933386
140.861,183.32608636963568,-440.3689949186841,-2.9977620730052763
140.899,183.39120234825862,-440.53703439197244,-3.017153602423207
140.994,183.6385772495682,-441.17340178111846,-3.0899170714031357
141.068,183.77407962110283,-441.5231743820606,-3.129940165187122
141.153,183.92323410031716,-441.90906969504215,-3.174895930159124
141.332,184.18645502306128,-442.58743962901787,-3.2566502518830305
141.368,184.3324769979125,-442.9640742728978,-3.3050428125040696
141.405,184.5265478740297,-443.47240670513355,-3.3742880138939597
141.444,184.77097148006737,-444.12221469333736,-3.4688189786445207
141.48,184.91897269431257,-444.5230563730391,-3.533428602582461
141.518,185.1437891756484,-445.14043148556254,-3.64377670418628
141.602,185.37989353375437,-445.7987215183648,-3.774042595129572
141.64,185.4826750618359,-446.0881108773176,-3.834137034389414
141.734,185.69761265966653,-446.692836206963,-3.96538127837988
141.819,185.90086072920468,-447.2782707832633,-4.098733207636599
141.857,185.98335005184896,-447.520993636768,-4.155248767496715
141.896,186.15781453267613,-448.0399400496619,-4.2791354965740425
142.03,186.3275766223431,-448.55805839989574,-4.403041328745331
142.116,186.43242383792432,-448.88022277114544,-4.477276131518863
142.154,186.6319609248847,-449.4821604038262,-4.607435749834565
142.192,186.70723101253242,-449.7070958021439,-4.653797142153252
142.284,186.87653191786328,-450.21650538816226,-4.752555618961793
142.324,187.02755854094266,-450.67187963193317,-4.83328478736621
142.461,187.20953660935743,-451.2310402685256,-4.923914046996288
142.505,187.3195452356868,-451.5798119521149,-4.976809993773571
142.548,187.4677197961085,-452.0579314223813,-5.045896386889723
142.597,187.67031005195764,-452.7265674280365,-5.141198165172398
142.687,187.8146412369088,-453.201398221618,-5.207869480758461
142.781,187.91572704666163,-453.53782490623263,-5.254257218768316
142.823,188.07362268702298,-454.06759585258897,-5.327219818667544
142.913,188.14101067430673,-454.2867243323459,-5.358083507888836
142.955,188.2933699923285,-454.77922533316956,-5.427688521038846
142.997,188.45184669398185,-455.3026861443099,-5.5007422564248145
143.093,188.5235660895703,-455.5457042174271,-5.535177607948498
143.133,188.68658410396753,-456.08938272601927,-5.611642921109819
143.273,188.82482753306633,-456.5455679339068,-5.676309238290543
143.314,188.97928023664448,-457.05529051922423,-5.751812663669597
143.406,189.08921828906006,-457.4186364633447,-5.807989692901856
143.446,189.2356902227042,-457.90064436450024,-5.883960994540047
143.487,189.42403382513766,-458.53093694442924,-5.983406705902382
143.58,189.49828740284892,-458.7822865642478,-6.023683337185332
143.677,189.64347512007808,-459.27410376236105,-6.1045986893946065
143.719,189.76475373595423,-459.6858710874917,-6.174502905533188
143.81,189.85932222045508,-460.01010463980845,-6.231509115854408
143.85,190.0390667625482,-460.6317373882636,-6.345721765989651
143.891,190.16170780320292,-461.04955400810576,-6.426618723382461
143.984,190.2341761111016,-461.29359062254076,-6.474834492374697
144.079,190.41107698184166,-461.8955075544237,-6.598841432595009
144.129,190.48241539085683,-462.1386065164892,-6.651175470349131
144.17,190.64430205074737,-462.68260472743333,-6.77493752828903
144.283,190.7686781649506,-463.1011234412858,-6.875882052202911
144.347,190.96159185855646,-463.7499213202533,-7.043914250833581
144.408,191.11369591361267,-464.25283949227577,-7.184028431774067
144.446,191.1993110426012,-464.5380593696334,-7.267305258913012
144.536,191.3754322522876,-465.1237294259786,-7.446027070710954
144.625,191.4902275890728,-465.50275853604194,-7.566980152351505
144.664,191.5844295638788,-465.8181705998661,-7.668928362294139
144.758,191.69270980083587,-466.18280188557685,-7.78804845784714
144.846,191.81632696887505,-466.5958789522434,-7.921103020914273
144.886,191.9149549755775,-466.9283796197345,-8.023962407823944
144.925,192.01977788724372,-467.2855851227015,-8.12943792027582
145.011,192.14094900019742,-467.6923152421836,-8.242571557020113
145.151,192.2301721630319,-467.98875907440424,-8.319911545077645
145.238,192.36185916688436,-468.4333005211302,-8.426639210787755
145.276,192.47663410568924,-468.82374470194515,-8.513173270541216
145.315,192.58357043860354,-469.18285561528745,-8.587589480047967
145.353,192.70177218564788,-469.58003012953816,-8.664576961582725
145.451,192.82684523656076,-470.0041534752748,-8.741364532431504
145.513,192.93772916949442,-470.3770332580313,-8.807650405295817
145.576,193.08911656445503,-470.88047504090395,-8.89666477394448
145.637,193.13729564845545,-471.04096762907926,-8.925391442983596
145.697,193.3272670114212,-471.67270224235335,-9.042069225814316
145.759,193.48541914190056,-472.19651679591357,-9.146385134865938
145.857,193.56947226420883,-472.47709126552195,-9.205967208335267
145.944,193.71668110566148,-472.97041542774065,-9.317367291350934
145.984,193.82876773701,-473.3505489093602,-9.410098203062745
146.023,193.88257571147312,-473.5396690928714,-9.458553505348021
146.111,193.99620625711586,-473.96805883741865,-9.575902344491254
146.151,194.03605753042257,-474.12268365810013,-9.620519931076274
146.241,194.12744565074235,-474.47759464842574,-9.727562793177043
146.28,194.17552425804826,-474.665437556952,-9.785705809125119
146.42,194.20375720162707,-474.7769292568503,-9.820254409337736
146.46,194.26493780713815,-475.0212571786307,-9.89584825107491
146.499,194.30843395335745,-475.20174103704016,-9.951525003968783
146.538,194.3321362866571,-475.3039223267832,-9.98328507546077
146.687,194.3597965174758,-475.42661606642224,-10.022195433620027
146.731,194.37388499937546,-475.4908451171847,-10.043435662078707
146.785,194.38653824950785,-475.5516426748357,-10.063898698474105
146.874,194.4033835196522,-475.62691996485205,-10.086017010303237
146.915,194.4259739329515,-475.71790032500155,-10.107088361554787
147.006,194.44488265870712,-475.7878375074311,-10.119563612929397
147.049,194.47069481666642,-475.8782811021683,-10.131954711118766
147.14,194.49102068347247,-475.95819016897974,-10.142568631455191
147.191,194.51782601743597,-476.0662638744433,-10.158845847301166
147.234,194.5406652389649,-476.16197816613413,-10.175615865516562
147.379,194.5584833147633,-476.2398569974036,-10.191067414081402
147.436,194.58237888849072,-476.35096936588366,-10.215398362081288
147.48,194.6050760750714,-476.4630256267641,-10.241343257368783
147.521,194.62023602924637,-476.541628427206,-10.25944342257182
147.562,194.63910749551084,-476.64385256955967,-10.282323391533652
147.705,194.65754333168888,-476.746317404671,-10.304143337419788
147.746,194.68335665640336,-476.8791527975531,-10.332180195351725
147.787,194.70986888935425,-477.00905767064586,-10.359817941342271
147.879,194.74291333096878,-477.16640685912023,-10.39343493517697
147.943,194.77404213052677,-477.3125527483673,-10.424690672234476
148.043,194.8031767551096,-477.4492096538879,-10.453592452715128
148.086,194.84516857095593,-477.6450265309024,-10.494287212832916
148.13,194.8813971644664,-477.815090911379,-10.528779942922199
148.222,194.9223901715461,-478.0065158679698,-10.567209964174964
148.312,194.95778788410018,-478.17046422137554,-10.600246296772099
148.361,195.00570705039272,-478.39186030446695,-10.645209384488936
148.409,195.05130400094404,-478.59666371215314,-10.686492110433079
148.499,195.100994748921,-478.8129327688887,-10.728500261080285
148.588,195.1506908392615,-479.02340653863433,-10.766460284327366
148.677,195.2099016376589,-479.2593810507421,-10.805434272703195
148.717,195.28352018076328,-479.5436210479146,-10.84915605163647
148.756,195.35045516217076,-479.79735745376894,-10.886920189633088
148.844,195.40838701395336,-480.01394347934684,-10.918759862211488
148.884,195.49829883808152,-480.3471960441819,-10.968294415269128
148.974,195.56058819555977,-480.576221084814,-11.004084720996161
149.018,195.6418287893195,-480.87469957766564,-11.052429332471206
149.109,195.75875783204876,-481.3003030926569,-11.123162312783222
149.149,195.81210848428748,-481.4919523834524,-11.155433918494225
149.194,195.92028020383628,-481.8762079627931,-11.220783626049325
149.296,195.97359158816266,-482.06002380467726,-11.251781183410372
149.337,196.11506501998838,-482.5388812070369,-11.33210657277553
149.379,196.23460506351717,-482.9431081115285,-11.399750240224023
149.475,196.27380622805362,-483.07528604098763,-11.421799085740133
149.568,196.42117844871063,-483.5706146899711,-11.505134771761533
149.661,196.52535053652707,-483.9187970831122,-11.563214965811682
149.704,196.58276928157528,-484.1111990142116,-11.594684389473002
149.796,196.73439942480584,-484.623751190981,-11.675816974674945
149.835,196.8405143011059,-484.98305144265834,-11.731153321337615
149.884,196.91938829295233,-485.247550388566,-11.770764570169206
149.926,197.05802152229052,-485.7082712067591,-11.837538762790132
150.026,197.15097374029824,-486.01256457367913,-11.88079107755513
150.106,197.31753700917233,-486.54615356730943,-11.955318745630024
150.146,197.38919710518584,-486.77300713360796,-11.986000029601655
150.238,197.5366438090448,-487.2369971710648,-12.04659913118897
150.279,197.67545933838602,-487.67613453674363,-12.102045934474035
150.401,197.75904217483557,-487.94052211898156,-12.135209186298766
150.466,197.90893696903822,-488.41178752727666,-12.194445659044902
150.507,197.97961739898105,-488.6325400727237,-12.222593425276074
150.597,198.1413639558831,-489.1362401981084,-12.288742642765584
150.638,198.29850979040233,-489.6222881106125,-12.353933263107137
150.739,198.37365486423974,-489.8488760159927,-12.38441848222206
150.833,198.56510094062259,-490.41718609559103,-12.461173922710117
150.872,198.70424687787306,-490.82845480076895,-12.516216466458303
150.962,198.78153217884994,-491.05615936208346,-12.546690359974178
151.002,198.97132948300572,-491.61573786949134,-12.624428437668485
151.044,199.1125857481112,-492.03267682196594,-12.684217175191378
151.14,199.19289598089824,-492.268668753999,-12.71821458921795
151.187,199.37537985858012,-492.79409843344143,-12.793637918131225
151.228,199.53183642566233,-493.2266237151323,-12.855564483646106
151.318,199.6530421350298,-493.55766378363165,-12.902777963502444
151.408,199.85545180192918,-494.099429705375,-12.981063484999595
151.45,199.98035146567855,-494.4303020859846,-13.031385640206906
151.543,200.22942106148264,-495.0737862223597,-13.135593143022277
151.584,200.3540787371678,-495.3879390008069,-13.189068768051783
151.684,200.57020989277214,-495.916549533446,-13.281944341028037
151.727,200.73462175121196,-496.3070092006386,-13.353305216990464
151.767,200.90045147310263,-496.6949990793684,-13.424859243951943
151.863,201.04031434511086,-497.01873640713166,-13.484310178309585
151.975,201.22624709061813,-497.44058890356393,-13.562275540249829
152.011,201.47957018072566,-498.00272953440714,-13.66759146875549
152.051,201.6507579660045,-498.3749689137333,-13.737616146250758
152.143,201.79568781144542,-498.68465306386133,-13.794808073854881
152.184,202.04582375577417,-499.20783459515184,-13.888312528348422
152.271,202.20344383032398,-499.5343209062663,-13.941791841801745
152.36,202.41631780488314,-499.96783301401814,-14.00709313451236
152.45,202.68246361678996,-500.49664053621143,-14.079496389116144
152.493,202.90677589208926,-500.9341083528388,-14.134364388056014
152.536,203.0316734738403,-501.1754813758134,-14.162928030809127
152.578,203.3554555376592,-501.79042496429247,-14.232092735799398
152.733,203.53359167889982,-502.1181248748777,-14.267894642511152
152.783,203.72915759088178,-502.46963528228514,-14.305489255376756
152.828,204.00698416347836,-502.97046498438743,-14.361031179708817
152.866,204.1674206565641,-503.25646693020565,-14.394945883817883
152.998,204.47830833408273,-503.80331415294114,-14.465006344299468
153.036,204.59445559661168,-504.0047877230382,-14.492931207768805
153.074,204.7941130129082,-504.34619268930885,-14.543602270619232
153.207,204.9633414030272,-504.63143368210905,-14.589453462650852
153.244,205.01770858072854,-504.7223978085874,-14.604732106431442
153.281,205.20145606473392,-505.02575042191825,-14.658255055370518
153.319,205.31390482288376,-505.2056244434516,-14.69024391006667
153.465,205.4331424853965,-505.38877347000187,-14.721168364993929
153.518,205.49590409313225,-505.48188463784777,-14.73626668991119
153.61,205.57586268722872,-505.59799099140224,-14.754566540968113
153.648,205.69924892548727,-505.7714693411022,-14.780406808664623
153.738,205.76897048527246,-505.8731632481059,-14.794677569928524
153.776,205.8159017139231,-505.9433295193107,-14.804347571596963
153.814,205.8688130723223,-506.0228284507875,-14.815320633220324
153.945,205.95261842579262,-506.1499860121719,-14.833345666721641
153.983,205.9928293724879,-506.211722005638,-14.84205923817865
154.069,206.0826877031589,-506.3515955338807,-14.861104624937099
154.106,206.16810145276773,-506.4899537045216,-14.879191715862476
154.143,206.19388457907291,-506.53291027063943,-14.88477125174984
154.275,206.30421272589817,-506.7261083155649,-14.910480416466925
154.314,206.36300795839713,-506.83329711606046,-14.925259825941652
154.406,206.40388313072654,-506.9090711228305,-14.935927903656221
154.446,206.49577106725783,-507.08068695555977,-14.960683145603468
154.534,206.57663902545096,-507.2350719275135,-14.983481106249798
154.579,206.66953856832777,-507.4170915615366,-15.010601440666193
154.619,206.74666891527886,-507.57312439417103,-15.033261785534819
154.709,206.87760500974474,-507.8267029232243,-15.067345187737658
154.843,206.91704863417846,-507.89832015428675,-15.076416968660169
154.882,207.0569385295982,-508.14697735832937,-15.106593105737204
154.92,207.12497301704084,-508.2660979222432,-15.120493196804233
155.016,207.32151963772895,-508.60607324672617,-15.159040145067564
155.055,207.43267357499627,-508.7959824889618,-15.17986722857978
155.146,207.59910412854782,-509.07783427864666,-15.208783798942278
155.184,207.65341449779658,-509.1697697753417,-15.218068092680397
155.226,207.87688705378508,-509.5430898855775,-15.256427069513762
155.364,208.04637935503075,-509.8204017643342,-15.286504135369285
155.404,208.26310602742763,-510.16683707272847,-15.324584601472537
155.504,208.3670685993878,-510.3303901929164,-15.342697970638142
155.543,208.5945452168022,-510.68502199108906,-15.384479299496604
155.581,208.77541422216325,-510.96103886443984,-15.418023882720775
155.677,208.9526627375021,-511.2319132391011,-15.451672064447678
155.714,209.1569546679715,-511.5463993498638,-15.4909552742688
155.802,209.3096926325532,-511.78437399533647,-15.522862345037737
155.84,209.5409644768527,-512.143663932251,-15.575343969847836
155.929,209.85007279680428,-512.6176590708901,-15.65040520320477
156.021,210.07279538857148,-512.9548599758091,-15.706171862503481
156.08,210.20669363398451,-513.1576083988114,-15.740828574692017
156.166,210.4789827548825,-513.5665904156355,-15.810215679501795
156.253,210.68204484636288,-513.8695293771534,-15.860396108284476
156.293,210.91587061888168,-514.2163880630761,-15.916522613199817
156.331,211.0426161270824,-514.4055427165808,-15.946690876815353
156.423,211.36542514413406,-514.8891581224381,-16.02266472655549
156.462,211.5792704604097,-515.2097175984859,-16.07179896758879
156.602,211.81231622578133,-515.5596372782188,-16.123023065907887
156.642,212.05748168563113,-515.9286069545799,-16.174899745245455
156.73,212.23688395499502,-516.2000691132132,-16.211462441654902
156.768,212.53366466780716,-516.6506057248588,-16.269689375689637
156.858,212.76728471511404,-517.0044379392424,-16.314213873505366
156.899,212.98686111786964,-517.3335913763508,-16.3546528143614
156.94,213.34298696602235,-517.8639469599992,-16.41828220374964
157.041,213.4391665510667,-518.0074611807403,-16.435307227056825
157.128,213.76028325872858,-518.4914907089104,-16.492967528711375
157.166,214.06593760004233,-518.9586213338159,-16.549108094687597
157.209,214.211658052073,-519.1825626134574,-16.57640453554376
157.305,214.50963788789437,-519.6401861887185,-16.63222780366226
157.349,214.8037969315285,-520.09349318651,-16.684979974655306
157.395,214.9440497493826,-520.3103323387247,-16.7093117624799
157.526,215.24855451899037,-520.7833245454939,-16.760080668473563
157.563,215.43831439270505,-521.082848263676,-16.790495782627914
157.648,215.8021124421757,-521.6642181890627,-16.845441554206616
157.732,215.98552405999476,-521.9607241758107,-16.871799347938293
157.817,216.17733658428767,-522.2721753993762,-16.899104029315907
157.856,216.55912203379256,-522.894766031449,-16.953471970807186
157.892,216.7383859731636,-523.188919490135,-16.979302422574932
157.976,217.02426135473883,-523.6616212313747,-17.023335952188802
158.106,217.27922848275367,-524.0822719915349,-17.06492937802318
158.143,217.49822223184992,-524.4437103631124,-17.10131647351568
158.234,217.75567691340305,-524.8666807994248,-17.14514371946018
158.316,217.85312544266242,-525.0272456544781,-17.16215927523055
158.355,218.27189357240957,-525.7211701211098,-17.236053616206135
158.392,218.43142530092575,-525.9868716486961,-17.26465304903894
158.477,218.6628768538323,-526.3761260619398,-17.307782302421884
158.609,218.93314420469497,-526.8333076834631,-17.35982486048593
158.649,219.19199160380896,-527.2748977763081,-17.409695663250773
158.688,219.3842126368241,-527.6061086604747,-17.447969980269704
158.726,219.74654472887693,-528.2396555445664,-17.523584578185194
158.809,220.00310515039934,-528.6954344718642,-17.580281977526568
158.854,220.1478651450028,-528.9555867534008,-17.614750720960217
158.985,220.4355387850041,-529.4793502863915,-17.689136219039284
159.021,220.71547455060443,-529.9936400024586,-17.767844871503428
159.057,220.87429595594963,-530.2894321637963,-17.816611793688992
159.188,221.1304022764159,-530.7742211074827,-17.902598345958722
159.224,221.37582748166568,-531.2478891388515,-17.991247043283835
159.26,221.48798925643916,-531.4692680292443,-18.033694317610923
159.388,221.72543367071387,-531.9487906706875,-18.127290436343657
159.428,221.94568304803056,-532.3973426799256,-18.214381970686333
159.466,222.05143893672994,-532.6093638900232,-18.254566848946297
159.557,222.28997677556947,-533.0853412261301,-18.341309231050218
159.599,222.4785489194545,-533.464314301025,-18.406515808841647
159.684,222.61933168981707,-533.7482183771007,-18.453661544225668
159.769,222.83172368126716,-534.1781138868138,-18.522339201406226
159.807,223.02627600237952,-534.5752885834188,-18.58429850432688
159.89,223.17331653184726,-534.8764102384299,-18.63146858925043
159.938,223.42655581289767,-535.3932976263424,-18.711957611499514
160.068,223.67548925114062,-535.902922620498,-18.79050931247758
160.104,223.79658018025896,-536.1487124331363,-18.827786563199084
160.197,224.07440468102806,-536.6971575406675,-18.910006593464544
160.232,224.24100779789612,-537.0184374197294,-18.95843350441345
160.268,224.57180070086372,-537.641344376046,-19.053880453996697
160.356,224.67530030410433,-537.8330558888903,-19.083698578630845
160.444,224.8963104471439,-538.234112459433,-19.146353894408946
160.53,225.21849097890563,-538.7954352965528,-19.231269965875185
160.566,225.47944522757763,-539.2238152108525,-19.291385609566987
160.656,225.79518401199624,-539.7119701870406,-19.35332948930545
160.693,225.89814610584435,-539.8668341944247,-19.37075597338776
160.78,226.16618099315116,-540.260667942855,-19.409900250255106
160.818,226.6480382761016,-540.9420634798577,-19.461497428010546
160.952,226.759442979967,-541.1050298272207,-19.47223175728996
160.992,227.0669032972483,-541.562597186762,-19.500334571211226
161.031,227.4869405683068,-542.1860423889354,-19.53818185900178
161.118,227.6491749787205,-542.4291801134051,-19.55335195043645
161.158,227.99027145173187,-542.9476424236693,-19.586961176121434
161.198,228.19573986585618,-543.262770967274,-19.609548868573853
161.291,228.471314136724,-543.6925899712119,-19.644748891817756
161.427,228.79337049023536,-544.2132951354748,-19.69772980072443
161.464,228.98690724848763,-544.5343826099365,-19.735860927660553
161.51,229.19468427237612,-544.8826231138146,-19.781131538884694
161.596,229.5335008852204,-545.4645184076229,-19.86260474747374
161.633,229.67402962197872,-545.711254348481,-19.899013475473197
161.719,230.0106955364392,-546.3147992429783,-19.991707205204193
161.805,230.19505192631587,-546.656228955801,-20.044616326440007
161.896,230.36745614204034,-546.9840352860906,-20.09516395178457
161.984,230.59323095485695,-547.4208595543656,-20.161841048170288
162.029,230.85845497451453,-547.943683734166,-20.236603962050168
162.157,231.0219190892916,-548.2718460950348,-20.27914587666112
162.194,231.23242786534706,-548.7049884066234,-20.330904588082547
162.323,231.47282655795988,-549.2331327131083,-20.388167821753
162.361,231.62496882325442,-549.5728684067973,-20.421808481001165
162.399,231.91813770957285,-550.2046557846098,-20.47809991870801
162.438,232.06624149533138,-550.5307394531621,-20.50424777174638
162.526,232.30714237793575,-551.0694454454574,-20.54160651918022
162.563,232.5046686791486,-551.5167391383022,-20.569072870251517
162.649,232.68748894179873,-551.9303705477066,-20.59432956333245
162.688,232.87159166015158,-552.3448218719848,-20.619910408179038
162.733,232.97516142505995,-552.5782699850956,-20.63445204100941
162.82,233.20962967036849,-553.1110552795864,-20.665978207110783
162.907,233.3496249404223,-553.4298403440082,-20.685626880128808
162.946,233.5427548369226,-553.8741165356946,-20.714663947340597
162.986,233.8178824795453,-554.5185281066698,-20.760562695622042
163.122,233.929482860367,-554.7807411266785,-20.781769864207178
163.16,234.09022406832696,-555.158204881125,-20.814659378314417
163.198,234.31393265923452,-555.6884074497107,-20.862124023022744
163.331,234.47267177672381,-556.0657147048222,-20.895715848522457
163.368,234.60338031781492,-556.3740227035765,-20.924860133862637
163.464,234.80139504690138,-556.8520605837243,-20.973331475416018
163.502,234.91103484321616,-557.1233226941977,-21.00122193667761
163.591,235.03076227995228,-557.4212402500985,-21.031960928360604
163.63,235.23600113847496,-557.9396669252225,-21.086744862958255
163.72,235.31853201949252,-558.1540002709264,-21.109571291348516
163.76,235.56473500648775,-558.7777832590441,-21.175350159095615
163.848,235.69772217456978,-559.1101243253041,-21.21006219554812
163.889,235.85209258445337,-559.4942210420859,-21.249937629774934
163.974,235.93441285453105,-559.6985005680539,-21.270770797862667
164.011,236.1037690703413,-560.1138458782667,-21.313124829210153
164.145,236.2472815127855,-560.4747995956542,-21.351578761151472
164.183,236.36173710234362,-560.7881064218489,-21.387374213120466
164.221,236.41953068752963,-560.9597911720514,-21.408416935654856
164.308,236.51092222966452,-561.2378015484646,-21.444531356137247
164.353,236.5871807290191,-561.4682398088564,-21.476459208190477
164.487,236.64676423101974,-561.6484382695559,-21.502848930581052
164.525,236.69185109203158,-561.7806732875066,-21.522671649418072
164.613,236.73731996617445,-561.9113422399645,-21.54235227785844
164.706,236.78996246186261,-562.0566381826246,-21.563433372823226
164.748,236.82072468193843,-562.1355699837898,-21.57372109222888
164.836,236.85225115224844,-562.2106182274938,-21.581764492171715
164.874,236.88511478936664,-562.2857745309678,-21.58704011588219
164.959,236.91656239847012,-562.3793337954226,-21.59391192543285
164.999,236.94282335842576,-562.4593001777612,-21.600334290452167
165.088,236.9711718869283,-562.5453720551859,-21.607563881749257
165.127,237.01109135185268,-562.6653548108371,-21.61818333545594
165.219,237.0433649479827,-562.7611762270927,-21.626947761464123
165.31,237.0768759723081,-562.8614424670582,-21.636471998481426
165.35,237.11206683922012,-562.9669938589641,-21.647019013935108
165.398,237.14581437943883,-563.0696498064949,-21.65800423026002
165.487,237.19200794825798,-563.2119974879448,-21.674502379318938
165.527,237.22466433160469,-563.3128405341108,-21.686745990141674
165.622,237.27315933304394,-563.4640341002148,-21.70566650245854
165.712,237.31237377692906,-563.5871362459815,-21.72148581940249
165.802,237.3613903630801,-563.7404219433138,-21.741436746898472
165.842,237.41056706728304,-563.8943457713123,-21.761648605746046
165.88,237.46762131320747,-564.0736709403528,-21.785311721006593
165.921,237.52641676205224,-564.2582237109615,-21.809487774821775
166.06,237.58187304346723,-564.4322998959127,-21.832066611929577
166.099,237.64960573887407,-564.6441420368918,-21.859505229707224
166.139,237.73059495586944,-564.895995408485,-21.89298207495395
166.228,237.7701745037969,-565.0191188418547,-21.91008400516239
166.32,237.86275876356976,-565.3041490228677,-21.951217303690612
166.364,237.9587519850412,-565.5967732652347,-21.993898959309092
166.451,238.0054756721238,-565.736523992531,-22.012974553316525
166.496,238.1093205052578,-566.0432651461751,-22.051426871695355
166.59,238.21367303979838,-566.3546062347449,-22.085613144205894
166.633,238.2625175599241,-566.5024700067073,-22.10035947004539
166.681,238.37776597733057,-566.8522016523749,-22.132222996429704
166.828,238.49092597300478,-567.1957568330665,-22.16058348336864
166.868,238.5926403387897,-567.5046534500061,-22.18350844038372
166.904,238.66716894009483,-567.7311206458854,-22.19877699275338
166.943,238.78748735621343,-568.0951514992331,-22.224668937832092
166.984,238.89723801075917,-568.4238334461326,-22.25300160614097
167.072,238.98135958396287,-568.671432706631,-22.274658411010563
167.159,239.10125028593347,-569.0180360588704,-22.30252985359232
167.249,239.24848847617244,-569.4406177038707,-22.3329230931065
167.336,239.36522146918443,-569.7743241330253,-22.354250772439286
167.386,239.47038541182923,-570.0736439671387,-22.37119500241863
167.427,239.63631798045458,-570.5441798680209,-22.391915100287065
167.566,239.76680353361184,-570.9123876502342,-22.403592135302887
167.607,239.88440979304224,-571.2383968546361,-22.41515852064839
167.648,240.01673976869094,-571.5997127534936,-22.431348938401243
167.738,240.17514438032174,-572.0296786437185,-22.45279131931983
167.782,240.25996495944855,-572.2581777596785,-22.46526986388733
167.843,240.47185599152536,-572.8255385518488,-22.502531443993433
167.929,240.64464153574363,-573.2847330477318,-22.53807686549618
167.972,240.84119089063557,-573.8031961637234,-22.582338596341486
168.069,241.02652702632417,-574.2782027976178,-22.627003579243507
168.158,241.15699809752817,-574.6058407682495,-22.660154187341647
168.198,241.36906111524507,-575.1256678694505,-22.718259205462545
168.246,241.5185486389219,-575.4855607956416,-22.763652386246008
168.353,241.67224952066374,-575.8515295621415,-22.813376969030287
168.403,241.894687033855,-576.3743180619475,-22.890100890211215
168.445,242.0709309837691,-576.7799878662938,-22.951771019365168
168.534,242.26745620992023,-577.2217929368438,-23.017525119677885
168.575,242.46126705898476,-577.6429679568117,-23.07714948327805
168.665,242.60870131038547,-577.9553044923024,-23.120345438205334
168.705,242.85511397177532,-578.488265913886,-23.195250875096633
168.846,243.05150429848823,-578.9094125873711,-23.252619931722222
168.884,243.26593607582814,-579.3617402792144,-23.310084102356626
168.971,243.48653455964626,-579.823392020891,-23.363437947755358
169.01,243.6483356194434,-580.1638895414471,-23.398539309004605
169.102,243.8349335375658,-580.5576648071245,-23.43452050540344
169.142,244.07538354209186,-581.0669663419737,-23.475585723148356
169.23,244.24367390196062,-581.4220013253156,-23.50055013815532
169.321,244.48559157862815,-581.9245123027949,-23.53378507242448
169.361,244.68981883191924,-582.3429095468753,-23.560912609006607
169.466,244.87026868002397,-582.7105405933626,-23.584666422346515
169.505,245.02873731281687,-583.0343322482963,-23.60503455486193
169.592,245.3331196602196,-583.6589494567422,-23.644447674381098
169.631,245.52175420390827,-584.0429991107336,-23.669892236519075
169.669,245.8294628936681,-584.666938998905,-23.718230418961014
169.805,246.00938647204242,-585.0286864912531,-23.751959374180473
169.844,246.19387782734003,-585.3955602772683,-23.789244945584983
169.888,246.44211867491123,-585.8835640186228,-23.842779270109418
169.93,246.6149717508648,-586.2216819283894,-23.883654155572344
170.018,246.71668782231035,-586.4190865723164,-23.908457013062446
170.105,246.990266991224,-586.9579059873694,-23.976967140019156
170.145,247.14436001913452,-587.2665864686288,-24.016844368983783
170.289,247.33336700440418,-587.6426680504086,-24.066201854436315
170.332,247.5046776377337,-587.9830566940547,-24.108900500069353
170.371,247.6985357093826,-588.3674673252484,-24.153805172696167
170.412,247.87712183034523,-588.722446955023,-24.191109406895748
170.506,248.03770093607636,-589.0417624778461,-24.2202687858329
170.552,248.2538577388073,-589.4712238134275,-24.252527168298258
170.592,248.39985793440033,-589.762674040526,-24.270178575846643
170.691,248.61958992093204,-590.2003665807401,-24.292566364073508
170.779,248.7910620828224,-590.5412366329614,-24.30788049371995
170.818,249.01446433512558,-590.9903605587142,-24.32527139269382
170.911,249.19960143846225,-591.3633164851788,-24.337841385356256
170.958,249.34748528461228,-591.6625967928396,-24.347974965911106
171.046,249.59643538569566,-592.1657950815398,-24.36522278925335
171.089,249.84842182746428,-592.6711510241166,-24.384891564697654
171.183,249.98148274894504,-592.9360826688608,-24.39916628965875
171.224,250.25495055186587,-593.4788151096728,-24.438735216722677
171.313,250.4241805925585,-593.8124039027397,-24.4697966044225
171.406,250.71913782479413,-594.3890860738707,-24.538069368313217
171.452,250.95109644923463,-594.8410634584794,-24.604420332330676
171.496,251.1930456277634,-595.309531116611,-24.682532507926027
171.593,251.40426831914453,-595.7176474612177,-24.75853544158707
171.681,251.62286160963131,-596.1404767900948,-24.84334469490392
171.721,251.7979373313634,-596.4803445348616,-24.914351065381936
171.808,252.01085835441404,-596.8979321344241,-25.002313769328623
171.85,252.20627005561494,-597.2833145065989,-25.08177235862641
171.94,252.4260105455238,-597.7202582633488,-25.16754918795783
171.978,252.62237952620046,-598.11608892227,-25.239462830603685
172.067,252.782364480703,-598.4393315436665,-25.2932162371024
172.155,253.01701989207362,-598.9115649001944,-25.362698887642836
172.197,253.1909369154207,-599.2610621813569,-25.40769036477377
172.287,253.40083378527868,-599.6828855249124,-25.456018487385307
172.375,253.64854617308185,-600.1851145604414,-25.510420146523927
172.415,253.8303951345465,-600.5553490199424,-25.550547769335907
172.505,254.05331508983022,-601.0050764259177,-25.602505455155836
172.593,254.3143497883495,-601.5258869912128,-25.674549845441533
172.633,254.50828387414532,-601.9081481644718,-25.73533245662236
172.675,254.7877537560493,-602.4455478878924,-25.83272881353551
172.721,255.0738464186278,-602.9716057674963,-25.942707350640262
172.813,255.26306685590572,-603.3016622105177,-26.01784057949564
172.852,255.50857965014706,-603.7118682158396,-26.118018768084795
172.992,255.7411822399933,-604.0891347714672,-26.216673777697054
173.031,256.03823869571977,-604.5579287011051,-26.344032108230124
173.075,256.2319428245046,-604.8552809753679,-26.426110531605275
173.21,256.4049554504943,-605.114104605481,-26.497226333081073
173.248,256.71088158471105,-605.5650502138523,-26.615551389511467
173.29,256.94213331038725,-605.9041946998182,-26.69587326683822
173.38,257.1881732309745,-606.262120412806,-26.771518705171758
173.419,257.40918039782133,-606.5802561748291,-26.828902849179627
173.539,257.636530653441,-606.9188054235607,-26.87891801617957
173.597,257.89578880123366,-607.3145945022559,-26.927102592759752
173.638,258.1357318508225,-607.6832111832435,-26.964175049862973
173.688,258.3287620969492,-607.989379511243,-26.98814258965254
173.833,258.4590357673242,-608.2023191727152,-27.002412494140486
173.875,258.7831597933918,-608.766292304255,-27.033846284239758
173.919,258.95322941374684,-609.0913685994792,-27.050235223673752
173.967,259.2117866424479,-609.6488106348669,-27.078787593557706
174.008,259.34489610051025,-609.9687523967514,-27.095671532596043
174.175,259.50377780071597,-610.3772176540266,-27.116706371569336
174.235,259.7189700317251,-610.8645800902148,-27.13733449930743
174.277,259.8621711942881,-611.1830849830786,-27.152106592936207
174.317,260.03994867006605,-611.6020952647673,-27.175189020605785
174.358,260.25815841291774,-612.0915593101437,-27.20567565977578
174.451,260.3734730707264,-612.3307146246343,-27.222320904810545
174.494,260.6118454711153,-612.7954621233578,-27.259654591633705
174.539,260.866849583405,-613.2629908708934,-27.302606421717883
174.746,260.9949518146742,-613.4891253339838,-27.325872385362743
174.786,261.2123807478222,-613.8614358546643,-27.367967779882548
174.828,261.4910011224415,-614.3182787351399,-27.42399971031756
174.869,261.70380169998305,-614.6657080478324,-27.4676905478737
174.964,261.95974746550854,-615.104657179109,-27.525136554634884
175.006,262.1176167928337,-615.3834983697227,-27.5631156233423
175.049,262.33595722922223,-615.7799987058901,-27.618426369397582
175.144,262.5395832787749,-616.1728221725913,-27.676407403814835
175.188,262.6453775529254,-616.3913125246236,-27.710450485891982
175.229,262.9028550927952,-616.9709209462952,-27.80540178164182
175.331,263.06304760067405,-617.3689970416604,-27.87049170443072
175.374,263.1428487445595,-617.5903296535967,-27.905807133050644
175.523,263.32080670115283,-618.1592176031361,-27.99521528185062
175.564,263.4167909267902,-618.565465521308,-28.060361015485086
175.607,263.444486072403,-618.712913755266,-28.084991043923992
175.647,263.5207240839828,-619.3513841657574,-28.19937817075015
175.741,263.5333655450428,-619.6750983898397,-28.26210133062881
175.783,263.5340525725468,-620.1562595673298,-28.3579242381914
175.833,263.52017152046074,-620.5040407822885,-28.429407056273362
175.926,263.4946812184903,-620.8727111400771,-28.505208706215967
176.016,263.4642915433169,-621.2137196444413,-28.57333481657878
176.06,263.42429891877725,-621.5797912814414,-28.64331688774638
176.153,263.3806658241517,-621.8574496408419,-28.69513943469451
176.196,263.2817957440276,-622.2671626523171,-28.772083883212247
176.287,263.1785710752677,-622.572830204428,-28.83095575120143
176.391,263.0709157531567,-622.830733679495,-28.882330430209237
176.432,262.86212527951386,-623.2495331395918,-28.97012916795228
176.475,262.7471065678712,-623.4829710886662,-29.021738540072533
176.52,262.5779063906128,-623.8708435694329,-29.111530910507895
176.614,262.4657112077279,-624.1514231317288,-29.178443831193135
176.708,262.3425062287545,-624.4639094700703,-29.25349801693514
176.752,262.18917268125006,-624.8744045660914,-29.35128288337239
176.794,262.0715204469882,-625.2041188456096,-29.427897383936738
176.886,261.9704250882133,-625.5046356656433,-29.497297825134524
176.978,261.85517303249827,-625.9231937682836,-29.59681011547275
177.022,261.7659403797842,-626.3538929091635,-29.707266922659585
177.114,261.72823098684546,-626.6192997213806,-29.7808338877619
177.158,261.6830466922054,-627.0487326023353,-29.908398682445068
177.25,261.6611428780081,-627.4085077185865,-30.020670625331974
177.293,261.65573220681597,-627.7369052489382,-30.124035889978728
177.387,261.65962651758286,-628.0783256411738,-30.231531606518217
177.431,261.6698319001013,-628.4186807380445,-30.33998970262502
177.525,261.68286009301073,-628.7283005085666,-30.438532110448648
177.567,261.7019944057501,-629.0470588440639,-30.53848594855708
177.659,261.724340408712,-629.3244038683249,-30.623624259581334
177.702,261.7632628975027,-629.7064905511891,-30.736578356627604
177.794,261.80140106340724,-630.0230529432753,-30.82463715897694
177.836,261.8374500949021,-630.2862537484962,-30.89124698260548
177.886,261.8961209204447,-630.6663012308575,-30.978080591229144
177.987,261.9412549715602,-630.9321610678768,-31.03363256793736
178.045,262.0213729374055,-631.3661433145314,-31.116857135167038
178.154,262.0714374046324,-631.6218431605503,-31.161388471966745
178.193,262.1423627628227,-631.9630628271577,-31.21519613377734
178.232,262.24083595332775,-632.4074476628056,-31.279426719565464
178.32,262.29058415364835,-632.6163713127996,-31.308060473372166
178.364,262.3822042824535,-632.9685046417791,-31.351546740520064
178.501,262.51327969733063,-633.4264188334031,-31.400373055373166
178.541,262.60331877708825,-633.7216271379086,-31.427817065589323
178.579,262.71751889113426,-634.1024754908564,-31.458972863144368
178.618,262.85756587099564,-634.5610965382675,-31.49240826754908
178.71,262.9669006813431,-634.9240870935546,-31.51538549021126
178.801,263.05958331078716,-635.2356352247897,-31.532842976149936
178.886,263.1840863204935,-635.6429463801239,-31.553343203187836
178.924,263.3020347000498,-636.0144646071776,-31.57321927429416
179.014,263.4600838648328,-636.4893788469085,-31.600977226421804
179.062,263.60607730129607,-636.9115075212404,-31.627318166499066
179.164,263.7198817920533,-637.2325379025654,-31.64962419303501
179.202,263.86987552308705,-637.6522189841199,-31.68374848320383
179.287,264.0499790539787,-638.1759134919056,-31.731928489440293
179.37,264.1653283240618,-638.5064892899644,-31.765423141541987
179.407,264.33355186321353,-638.9387897851514,-31.817353196482372
179.492,264.54709279515714,-639.4355694191756,-31.88762936953924
179.529,264.7292953718218,-639.8354420703029,-31.94758775390133
179.619,264.8929307685774,-640.1850721248978,-32.0030058920581
179.703,265.0915244326299,-640.598526820586,-32.072910886991366
179.741,265.3089961267175,-641.03599152673,-32.15190771897676
179.871,265.4813832655325,-641.374798911355,-32.215462747448356
179.907,265.7312114901211,-641.8429716976133,-32.30861744272141
179.944,265.94311120202997,-642.2140154301779,-32.383092949709464
180.031,266.1308225572089,-642.5314618844473,-32.44457708520605
180.071,266.4398631038123,-643.0387916277645,-32.538513368641475
180.204,266.57720517202546,-643.2633703795286,-32.57690170250078
180.244,266.8062031142947,-643.64449141321,-32.63661609997911
180.281,267.0142859942751,-643.9962852291595,-32.68725028100954
180.367,267.253125498096,-644.398483582936,-32.74387528639602
180.404,267.5334565124199,-644.8552560975091,-32.8062846130608
180.52,267.7951200180327,-645.2753372102159,-32.860123013878706
180.555,267.9806526957351,-645.5725117066725,-32.89708007838084
180.648,268.28495685750903,-646.0586967755379,-32.955580782859556
180.693,268.50441035074425,-646.4081858913808,-32.99630754883276
180.776,268.7495297345468,-646.792657536074,-33.04039761523481
180.812,269.01497445040303,-647.1988751611042,-33.08754785731941
180.944,269.2113282871548,-647.4913047123537,-33.12155098707157
180.982,269.55073439628285,-647.989682958241,-33.18020980274471
181.069,269.81784843953756,-648.3761273637668,-33.225924742029065
181.107,270.0522159913706,-648.7112752256813,-33.26432170139017
181.145,270.3640848027629,-649.1561244105908,-33.3135835166828
181.279,270.59284905814536,-649.4795810530655,-33.34851658457765
181.316,270.93003666781465,-649.9433951861251,-33.39675672349165
181.401,271.22051629175604,-650.3353819954046,-33.43572145300317
181.439,271.5186671339786,-650.7478876332021,-33.4741595872847
181.479,271.8245781137531,-651.1763862882502,-33.513051132202804
181.614,272.0378090910205,-651.4764916643185,-33.5406379138924
181.651,272.3391980872871,-651.9016772492196,-33.5803285337625
181.689,272.69712919527393,-652.4045403849179,-33.62630242764385
181.78,272.9260335153268,-652.7274050352896,-33.65474736057422
181.817,273.226881278012,-653.1539382939283,-33.691317491860616
181.956,273.54895785872594,-653.6157412564369,-33.731011204598644
181.994,273.8174306689665,-654.0038328203424,-33.7662573542662
182.033,274.1076513636398,-654.4236306184455,-33.80789462174681
182.167,274.40532498382896,-654.8537478076372,-33.85282151674869
182.205,274.68638056309373,-655.2606472941566,-33.896436027006985
182.291,274.9319033763431,-655.6171834439299,-33.93503874412886
182.331,275.21425628304746,-656.0326856289353,-33.98071843494989
182.37,275.52557664783444,-656.4952832171577,-34.033290761377714
182.455,275.8281208799756,-656.9457361597516,-34.087483376919124
182.589,276.14845685408113,-657.4251102964748,-34.14775202906239
182.627,276.4228164770064,-657.8375621085974,-34.20042639674119
182.666,276.71168036588983,-658.2748059549456,-34.25536329631143
182.757,277.00029916890077,-658.7182097382357,-34.30977570875075
182.801,277.2236035621064,-659.0652862189834,-34.35311186145299
182.845,277.5081082807091,-659.5115177384209,-34.409919149865516
182.978,277.76919922550456,-659.9231047293764,-34.463276737144724
183.028,278.1157652343775,-660.4714947573092,-34.53516494269542
183.107,278.3993978772846,-660.9233103266023,-34.593243430006225
183.147,278.69059320408564,-661.3921755393625,-34.65219591887427
183.235,278.90717596922127,-661.7451572348009,-34.69520428297102
183.274,279.23799053598174,-662.2860589986327,-34.7578045331241
183.366,279.52933480333525,-662.7602975281732,-34.80878522159193
183.404,279.640517454347,-662.9402251429512,-34.826878809143494
183.444,280.00516915041544,-663.5295296860552,-34.88133383803327
183.574,280.2819955851916,-663.9880185709642,-34.918178014332454
183.618,280.467417032447,-664.299542332621,-34.94068799288294
183.715,280.76386553030443,-664.7974409065848,-34.97458755522189
183.753,281.0127083985887,-665.214481105847,-34.99998463115068
183.848,281.2454934050528,-665.6080384163139,-35.0213671162108
183.905,281.45552360135184,-665.9647616569322,-35.038513026183466
183.989,281.7636092960797,-666.4899633712314,-35.061598543776654
184.034,281.97233701847426,-666.8433593632953,-35.07762603411851
184.122,282.2373057940822,-667.2948459543462,-35.10129474417516
184.159,282.56578251216683,-667.8548412484713,-35.13634813033809
184.25,282.7723708569366,-668.2102496388476,-35.1620145790651
184.289,283.0333230745638,-668.6620145864237,-35.1981467641676
184.328,283.22026200696183,-668.9876535029695,-35.22675018529645
184.468,283.54261708209856,-669.5465799937639,-35.27937519517161
184.526,283.7870457570548,-669.9679823622847,-35.3207722684123
184.572,283.8346908981663,-670.0502535665069,-35.32882531285776
184.612,283.8346908981663,-670.0502535665069,-35.32882531285776
184.755,283.8346908981663,-670.0502535665069,-35.32882531285776
184.794,283.8346908981663,-670.0502535665069,-35.32882531285776
184.894,283.8346908981663,-670.0502535665069,-35.32882531285776
184.933,284.93431580870555,-671.9885837913852,-35.472610505239345
184.979,285.2880543135643,-672.6267607358958,-35.49808121220656
185.022,285.5282442053355,-673.0650901535942,-35.510627966633024
185.073,285.7294076140414,-673.4394765316606,-35.51848139900059
185.223,285.9761051486481,-673.9099674712822,-35.52756164210277
185.266,286.2838880418975,-674.5060875721313,-35.541537224278386
185.357,286.50908926950103,-674.9418401672187,-35.55690648268214
185.398,286.8213727963032,-675.536534857218,-35.586494438657155
185.443,287.0478843399538,-675.9650908971557,-35.6156662327152
185.585,287.23442563181413,-676.3215055197345,-35.64693048885752
185.625,287.4383795467592,-676.7122710480469,-35.690179636453024
185.664,287.6302883042344,-677.0806877159295,-35.74049537849936
185.706,287.7961152870527,-677.3982742650949,-35.79209043857668
185.804,287.9574363802151,-677.7083619184449,-35.84943244138495
185.85,288.0598393849495,-677.9067956252909,-35.889000125593554
185.989,288.20023824870736,-678.181594927837,-35.947207923719674
186.028,288.3042505641414,-678.3869352830649,-35.992751207843185
186.069,288.39324181491475,-678.5635601396469,-36.03181522117245
186.159,288.4794733646448,-678.7347321399435,-36.06774202670891
186.199,288.5607263904969,-678.8961364522918,-36.098435188161886
186.292,288.6286734069197,-679.0291537850767,-36.12109957126506
186.343,288.67853343536075,-679.12625530017,-36.13571423880035
186.383,288.7289475236523,-679.224170343351,-36.14831891867436
186.474,288.7678964854294,-679.2997412886328,-36.155731307522785
186.52,288.7847330058224,-679.3321580662415,-36.15731176668163
186.609,288.8017358805024,-679.365196233696,-36.15786230113417
186.648,288.8072762147429,-679.3761513722225,-36.1574238165644
186.737,288.80764238729915,-679.377076632533,-36.155688869006326
186.784,288.79841480351195,-679.3592613560501,-36.15173184049155
186.872,288.7866818655792,-679.3364206015268,-36.147948928747184
186.962,288.7653863145963,-679.2948255383455,-36.141620844656615
187.001,288.73071143259165,-679.2269526734725,-36.13156369804449
187.139,288.70293455102546,-679.1725292022795,-36.12342125751667
187.179,288.65869339688743,-679.0862131647154,-36.11040241297485
187.219,288.5965956010723,-678.9651141614765,-36.09202885861646
187.307,288.5510815731746,-678.8761977351429,-36.07854439607465
187.347,288.4743225140017,-678.7261498738966,-36.055742867158926
187.437,288.41553595358295,-678.6115182533063,-36.037997185106434
187.527,288.3758242518057,-678.533882759601,-36.025353975469216
187.566,288.3330705921427,-678.4502867935623,-36.01074069703486
187.605,288.300260800585,-678.3858342110243,-35.99814814587165
187.746,288.2785317150875,-678.3427204362924,-35.98843495723128
187.786,288.2714978593855,-678.327779472235,-35.98433629242618
187.827,288.26761198390284,-678.3209642699339,-35.98272026905033
187.917,288.2637192694877,-678.3149542759994,-35.98166311630615
187.956,288.25921437017314,-678.3075865067025,-35.97990165541901
188.045,288.2526024024469,-678.2939191386332,-35.97587235437513
188.084,288.24929918251723,-678.284384604761,-35.9724651610199
188.173,288.24512505474456,-678.2726297460586,-35.968257025467324
188.267,288.2404908254094,-678.2614835674849,-35.966074354139096
188.306,288.2375603604282,-678.254797387983,-35.9663754578433
188.396,288.235534980175,-678.2504496105153,-35.96776772469434
188.454,288.23484305058025,-678.2487931388326,-35.97075719197727
188.494,288.2409892371385,-678.25890655177,-35.975319232982116
188.632,288.2603177292817,-678.287852798397,-35.9830826066902
188.675,288.28493723201973,-678.3207433880665,-35.99031390650018
188.77,288.30922333619844,-678.3515291820175,-35.99629389010062
188.809,288.3517163677927,-678.4051141588952,-36.00562814467082
188.847,288.3920571854886,-678.4558636342772,-36.01370532060059
188.935,288.42601196162445,-678.4979171123526,-36.020066301538975
188.982,288.4830120986841,-678.5668312908641,-36.03049216379782
189.073,288.538360552544,-678.6320142034373,-36.04072859090468
189.12,288.5967528967472,-678.6991787426152,-36.05166384192171
189.211,288.65076256749825,-678.7597021438335,-36.0619179344676
189.3,288.72531672706305,-678.841130437501,-36.07626903658465
189.338,288.81392868543116,-678.935258826261,-36.09342284022074
189.378,288.88783044798265,-679.0115726223494,-36.107743658562754
189.469,289.0200668425761,-679.1440148681784,-36.13338381238299
189.508,289.0968751734358,-679.2187997618652,-36.1481675321387
189.646,289.1892773018549,-679.3060521576073,-36.16602175650925
189.685,289.36203905271645,-679.4627048660659,-36.2000406011141
189.724,289.45426418104313,-679.5435676821555,-36.21784224016892
189.814,289.5707398263225,-679.6428441115029,-36.23954280028289
189.904,289.7710197753461,-679.8072099856615,-36.2746977264697
189.991,289.8586726198257,-679.87612281396,-36.28945896461923
190.03,290.0186166516572,-679.9960457445278,-36.316111573515855
190.069,290.2588998191705,-680.1635350160254,-36.35584268280917
190.157,290.3937022024309,-680.2515252885687,-36.377955728355175
190.248,290.5458814873903,-680.3462922478187,-36.40253695907256
190.342,290.79392067013947,-680.4897136781714,-36.44070514313688
190.386,290.946147342656,-680.5706695714424,-36.46284253212713
190.49,291.17156046667793,-680.6824564733168,-36.493782968418884
190.529,291.45289865390794,-680.8111049328746,-36.530603562245034
190.57,291.7390249875472,-680.9288938212801,-36.565467675874515
190.658,291.8831277511117,-680.9831130424985,-36.58138976019569
190.697,292.1385702497594,-681.0723318195933,-36.60638377102745
190.786,292.40884014653614,-681.1568966041499,-36.6281769955923
190.825,292.6422501057528,-681.2220889936121,-36.64413056876941
190.867,293.1007424180024,-681.3272562056471,-36.668539217819244
191.007,293.2177485415487,-681.3494417624001,-36.67327385044075
191.047,293.5403337223984,-681.4032207152981,-36.68383664516631
191.087,293.98454448991305,-681.4593619404859,-36.69407212425881
191.178,294.33115785129263,-681.4880397714145,-36.6993481447052
191.225,294.53301040344905,-681.4986665349835,-36.70061532216022
191.315,295.05238424188843,-681.5041205894179,-36.69863311267537
191.405,295.2791253558678,-681.5017170593658,-36.696797698748924
191.445,295.7956622897767,-681.5074756233364,-36.693543115161106
191.535,296.16290614421325,-681.513622755211,-36.691061169586874
191.624,296.3936009454219,-681.519688670805,-36.68954788465757
191.663,296.9050594242961,-681.548947646257,-36.688660937248244
191.713,297.36927155410865,-681.5925144381355,-36.692982670549895
191.857,297.8358250768038,-681.6453416160839,-36.70230485590767
191.896,298.2745476315138,-681.7017901006705,-36.71522328080425
191.935,298.5466967313938,-681.7422049823466,-36.72694755587514
191.975,299.259850811993,-681.8572890285745,-36.774506235556316
192.099,299.60251884978595,-681.9188411985106,-36.80533276164164
192.14,300.1112861469301,-682.0162334231554,-36.859726282084694
192.291,300.73972682169165,-682.1511034220993,-36.93915399923287
192.332,300.9368210998965,-682.1967690905456,-36.96603316990948
192.372,301.60573987562685,-682.3612472532194,-37.0647256491136
192.413,302.1053643958157,-682.4945837028918,-37.148417583065594
192.455,302.373778082807,-682.569743657513,-37.195008055061464
192.496,302.9288874922622,-682.7264545847227,-37.28941126222304
192.595,303.2457530284195,-682.814598206634,-37.338761993013065
192.652,303.66333211734144,-682.9283737981605,-37.39653736726561
192.692,304.12380429658174,-682.9979626456294,-37.51382577818015
192.785,304.44177441042416,-683.0003928427919,-37.67604686620356
192.878,304.84932140645054,-683.0165237658438,-37.89781958775038
192.92,305.1849885773498,-683.0325227951904,-38.08571079429419
193.06,305.5468480800508,-683.0502619638436,-38.28740650356363
193.1,305.92153789762597,-683.067786704831,-38.49307336361983
193.141,306.2310307991455,-683.084148737908,-38.658581221048735
193.236,306.571583901435,-683.1023336901557,-38.834403846429325
193.286,306.9221534195459,-683.1218187170318,-39.00562165269554
193.332,307.27066437097324,-683.2038423634095,-39.17134494752787
193.428,307.3718407910215,-683.278313225399,-39.21747770509768
193.488,307.5354383294156,-683.407481367287,-39.28669070290033
193.557,307.6623377933661,-683.5069789146901,-39.331736153659904
193.6,307.87055119419296,-683.6666897097967,-39.392883342975665
193.693,307.949203849966,-683.732166147434,-39.41037908884982
193.735,308.10518865568145,-683.8724624611373,-39.43180153336294
193.826,308.2278832402755,-683.9821574256081,-39.4344218942353
193.866,308.2926014497216,-684.039352352303,-39.43037458995633
193.957,308.43068843982496,-684.1622948903881,-39.4057999526226
193.997,308.5407086061511,-684.2603866056962,-39.370414604787186
194.089,308.60095662570404,-684.3138265219553,-39.344914384637605
194.189,308.72884211457915,-684.4257377381532,-39.27421936946246
194.229,308.7846006269102,-684.4735562390008,-39.236755815040624
194.319,308.88377050158874,-684.5565375174126,-39.15881721385898
194.363,309.0016588986035,-684.6507866671279,-39.048075057558435
194.452,309.0742160440716,-684.7059081441085,-38.97072229894235
194.492,309.17097550842925,-684.7754674972933,-38.855972454687276
194.631,309.288336428519,-684.8531731674448,-38.70064326922079
194.672,309.4087814013428,-684.9239967730273,-38.534018305534744
194.713,309.4711052844319,-684.9583603752076,-38.45703834144672
194.803,309.69752553992487,-685.0422365059786,-38.32029193457112
194.843,309.86168827952747,-685.0980364693116,-38.241654738309705
194.884,310.1236114165257,-685.279135932747,-38.11941388509524
194.97,310.23829260354,-685.3652069943921,-38.10016943203567
195.107,310.3053224226433,-685.426270506623,-38.09119590244734
195.145,310.41930950158144,-685.5396141762302,-38.07516413034324
195.185,310.5757971391396,-685.6887153168648,-38.04914103654312
195.227,310.7156844084154,-685.8069196913021,-38.02091861336038
195.318,310.7581978321116,-685.8418209472762,-38.01171326798351
195.358,310.86591968015364,-685.9397088835262,-37.99060494016584
195.495,310.9708220801558,-686.0507888599551,-37.97328839862564
195.534,311.0348633161066,-686.1339763299327,-37.96864625980754
195.631,311.1254435790179,-686.2705849174508,-37.97273759971097
195.68,311.18080514441556,-686.3581896585434,-37.980615848894104
195.721,311.25885901326967,-686.4887320948375,-37.997565374503154
195.809,311.3586338664495,-686.6624975004001,-38.02853212494591
195.898,311.4261158335364,-686.7785745142867,-38.05248372576881
195.936,311.51944192984337,-686.9440686232168,-38.08825487030185
195.976,311.6375654826266,-687.162369753889,-38.13547043797689
196.018,311.70928862510334,-687.296751475091,-38.16435566943812
196.118,311.8040781480938,-687.4747221134945,-38.20212188983095
196.208,311.8826641535636,-687.6233146875694,-38.23267614186534
196.298,311.9830260219948,-687.821265067114,-38.27115106980108
196.338,312.06661213437326,-688.0011165696975,-38.30405924207571
196.428,312.1555641112254,-688.2251817386091,-38.34268907986984
196.48,312.2123383443575,-688.4157863865618,-38.37446225354665
196.531,312.23734770043654,-688.5251003472823,-38.39289672214045
196.666,312.28751753074454,-688.8029184633485,-38.4408056413364
196.704,312.3152257547149,-689.0141983048023,-38.4781170605749
196.745,312.33141083482917,-689.1776243673901,-38.50685024226203
196.782,312.34881746825704,-689.4541543170732,-38.55366570984603
196.88,312.3516892513198,-689.6282825218077,-38.581099905587564
196.973,312.34910660726837,-689.8185373985327,-38.60966365975003
197.012,312.32742205147423,-690.1551329407195,-38.6590422510705
197.099,312.3068633820773,-690.337878932763,-38.685535054274226
197.189,312.2782989459763,-690.5369653235365,-38.71434891393045
197.236,312.20998973365244,-690.8865433955709,-38.76519769476903
197.275,312.16301737831293,-691.072013787602,-38.79260107809557
197.363,312.0868731573589,-691.3277682671903,-38.83061680263086
197.449,311.99592964011714,-691.6249375534018,-38.87485504566649
197.486,311.93918198846654,-691.8239729644419,-38.905060618827974
197.532,311.8548897556801,-692.147655334618,-38.95576044081025
197.624,311.7754563297357,-692.4895658464959,-39.012941496402334
197.668,311.7142354121284,-692.7772220176795,-39.06370182282353
198.08,311.65012312546537,-693.1037800724711,-39.12238814599408
198.133,311.60575708704386,-693.3354163318603,-39.16177895033013
198.173,311.5533735313447,-693.6245552007872,-39.20665297146792
198.211,311.49078190162857,-693.9807948891436,-39.25408687307231
198.249,311.4478270357738,-694.2323585554734,-39.28251605456728
198.287,311.4221165508227,-694.3991941961214,-39.29990027299277
198.325,311.3666193189446,-694.8469926209506,-39.34903663928901
198.363,311.31892721873334,-695.1616425739252,-39.38775169579577
198.402,311.25620517626317,-695.5468850874518,-39.43914959299747
198.44,311.234500270579,-695.6717378878398,-39.456530544782765
198.478,311.1376852668575,-696.1551877695634,-39.525532633906835
198.516,311.05647304890334,-696.5101831149441,-39.572412096345374
198.601,311.0093080049358,-696.7049796564758,-39.596470593739184
198.639,310.8774017346902,-697.2214393844582,-39.65339177363978
198.723,310.77308415779163,-697.5953654236018,-39.691194831558505
198.808,310.63341769116926,-698.0608859376694,-39.73683007112635
198.903,310.5431316011885,-698.3426539615126,-39.76456391500585
198.941,310.4706826572092,-698.5597633115016,-39.78559510847663
199.04,310.237533354535,-699.2197003479612,-39.84459792661943
199.078,310.148474289313,-699.456721434429,-39.863217250259254
199.164,310.03284583115624,-699.7524663272839,-39.88472157370035
199.21,309.85923647448357,-700.1717474482091,-39.911914541535
199.296,309.64876376660743,-700.6083695646695,-39.93831691316325
199.333,309.4818571250956,-700.9531936982089,-39.96357202983205
199.465,309.3280167138703,-701.2841289959899,-39.99262317814703
199.502,309.0593968311579,-701.8732367295887,-40.052837244449506
199.544,308.8372746893807,-702.3890493698831,-40.11214098447306
199.589,308.6556632502456,-702.8469970742789,-40.17130806566547
199.635,308.49585676281555,-703.2678996591225,-40.23124983628861
199.765,308.3246699758544,-703.7386119573063,-40.30357918560725
199.848,308.1603765862658,-704.2129431084991,-40.38064183710219
199.886,308.02607095276085,-704.6198652953383,-40.44667756280393
199.933,307.87766881386136,-705.1064789858623,-40.52626955906089
200.016,307.72274105441676,-705.6748607812914,-40.62533720073492
200.098,307.5871524756965,-706.1710333414542,-40.71688436475023
200.134,307.47581692819807,-706.5835405053456,-40.79584266052643
200.178,307.310898450903,-707.2063739330758,-40.91423583250099
200.306,307.19716903239515,-707.6433889409093,-40.992289952052886
200.342,307.0714389399189,-708.1502848181059,-41.081583084041995
200.43,306.98022054236446,-708.5314051960875,-41.1481246111523
200.516,306.81662513760034,-709.2539479147204,-41.27262203326717
200.554,306.7295575826231,-709.6624165338368,-41.33875858685764
200.639,306.57726604518416,-710.3890333938288,-41.44199455912519
200.677,306.4948073444165,-710.7885855868731,-41.4932498586042
200.765,306.3833011778213,-711.3214211457238,-41.55783260529233
200.803,306.32188647153856,-711.6247540610342,-41.593074417523894
200.895,306.18944907658033,-712.2941747261345,-41.66807640681918
200.933,306.0541636084179,-712.9502112331464,-41.73754707674158
201.019,305.8979897761393,-713.6173143102333,-41.80544476436444
201.102,305.76032106249085,-714.1262328223763,-41.85772549662471
201.185,305.6300221847698,-714.56968812565,-41.90451397693738
201.221,305.4208487332354,-715.2404627357596,-41.97683505867843
201.257,305.25199812588943,-715.7435044478273,-42.03248626568728
201.343,305.0924049423828,-716.1890307198578,-42.0845657929122
201.427,304.8415980551863,-716.8310615988242,-42.16687595492573
201.514,304.6353500115137,-717.3252129774986,-42.235025637824435
201.562,304.36650289433163,-717.9297801278813,-42.321867909785794
201.645,304.1572912504519,-718.3700562535571,-42.38648664757369
201.731,303.91822815079144,-718.8469629062239,-42.45886111566318
201.77,303.60879156301604,-719.4253951341857,-42.550162804667764
201.856,303.4234940188756,-719.7474464066509,-42.602768385700244
201.892,303.1389538512108,-720.2030553990446,-42.67821417848455
201.938,302.867497517899,-720.598387492832,-42.743561287305056
202.066,302.61867899081363,-720.9468824133859,-42.800720988237686
202.103,302.3420918971852,-721.3641666485739,-42.86862260508025
202.233,302.10971428187077,-721.7314694567013,-42.926663144112865
202.269,301.8512588288605,-722.1400905778626,-42.98738588345162
202.306,301.62605965341834,-722.4911591375962,-43.0353609717024
202.435,301.450319527205,-722.7586023639392,-43.06904870486511
202.474,301.20973577303664,-723.1112295418271,-43.11031391943038
202.556,300.9997489682943,-723.4060030893388,-43.142233313997565
202.641,300.8386530410261,-723.6238056236072,-43.16409169406171
202.679,300.57701479623165,-723.9650744486378,-43.19608836449362
202.815,300.444589462563,-724.133436889356,-43.21075491966013
202.858,300.2834762022227,-724.3352096214078,-43.22713442404688
202.897,300.0734573567481,-724.5896063445163,-43.245021663122714
202.989,299.9893438299599,-724.6877549305486,-43.25101575290421
203.028,299.847599229898,-724.8454422326683,-43.25933647404213
203.117,299.63287112556947,-725.0648962654102,-43.26767138305871
203.158,299.5284514528967,-725.1626250479242,-43.26996548077591
203.2,299.3184910531635,-725.347652520659,-43.27235413728039
203.247,299.1402624469627,-725.494511328735,-43.27253122541373
203.383,298.93937181102024,-725.6493597055046,-43.27055626605943
203.421,298.70195522514854,-725.8296720887225,-43.26675617230529
203.459,298.54433427653083,-725.9506111584437,-43.264025310541456
203.588,298.3293181916291,-726.117578788738,-43.25993048343952
203.624,298.1215716513822,-726.2855916688543,-43.255481326469635
203.706,297.91500424484883,-726.4557983381856,-43.251222998332366
203.743,297.66829409151603,-726.6558051024564,-43.24567565148732
203.871,297.425846073514,-726.8495334285515,-43.24021868674566
203.907,297.1117895183053,-727.0963104717642,-43.23217326935003
203.944,296.8506020560302,-727.2990058612648,-43.22451982586631
204.029,296.621650541299,-727.4745433475193,-43.21744606097678
204.112,296.2757945805158,-727.736883951662,-43.20658104610726
204.195,295.9797968653087,-727.9532842703114,-43.196554676942526
204.232,295.6585336539878,-728.1749753730886,-43.186365342265844
204.314,295.32880514669944,-728.3922512211186,-43.17989566999188
204.351,295.0016227927838,-728.601494823546,-43.178003515180535
204.435,294.63206270766403,-728.8298298990225,-43.17985501965995
204.471,294.362809012682,-728.9900963155322,-43.18316689423341
204.601,293.87387920339376,-729.2675603925437,-43.19222251196692
204.637,293.46765396154586,-729.4838868063198,-43.20023592716143
204.682,292.96720881225093,-729.7367454450444,-43.2104174613313
204.768,292.55216417844986,-729.937536686627,-43.22105330700418
204.873,292.19684737622225,-730.1030291809386,-43.23100821759306
204.91,291.73694684661257,-730.3088636604523,-43.2434639718503
204.994,291.32373970905024,-730.4841593538475,-43.25291337484117
205.031,290.8775116231012,-730.6607006394047,-43.26045680172649
205.161,290.36439945627313,-730.8493985795074,-43.2647570769667
205.203,289.90751634921975,-731.0060131518551,-43.263681608914055
205.249,289.4159829878519,-731.164965723374,-43.257985799596355
205.284,288.90293863440655,-731.3202390635525,-43.2466388552935
205.368,288.40216347012944,-731.4600679656261,-43.229893662368966
205.405,287.8586744421686,-731.599103477382,-43.206033266339546
205.489,287.19509077154174,-731.7477168878029,-43.170727784595954
205.578,286.748273934095,-731.836745230671,-43.14552712986779
205.66,286.14939449155224,-731.9463537737143,-43.110757665410745
205.745,285.56055728237095,-732.0419795095556,-43.07607353628998
205.781,285.43954028298543,-732.0615365146655,-43.06900133883636
205.818,284.3251584882446,-732.2427090244095,-43.004622364921744
205.903,283.70419065156904,-732.3377645439701,-42.97007949062922
206.035,283.0775423381993,-732.4358706091116,-42.93987725533975
206.072,282.4440233925677,-732.5472122401056,-42.916384526606066
206.205,281.77464639747575,-732.6873191062554,-42.90079644792877
206.242,281.27283236115926,-732.8018315248892,-42.893655563371794
206.28,280.47497960558866,-732.9940361337816,-42.88732486861085
206.365,279.8023036458971,-733.1672986693121,-42.88765384054517
206.404,279.28078337404946,-733.3126895511426,-42.89050079484929
206.491,278.5009329427891,-733.5508379508539,-42.90041832985992
206.528,277.83352524827484,-733.7740303342171,-42.91517278080852
206.661,277.3282091037043,-733.9550043881745,-42.93095948584687
206.698,276.56947845746305,-734.2493893435293,-42.95925343452092
206.783,276.0131820289106,-734.4818346765823,-42.98189933227974
206.821,275.3043983492381,-734.7931159558518,-43.009802524549514
206.858,274.6717953075671,-735.0918650699715,-43.03642956851564
206.943,274.02737750032,-735.4125557941143,-43.06413924423009
206.981,273.7719369596919,-735.5433541048453,-43.074671629080115
207.115,272.92596454257693,-735.982247921782,-43.10371101011651
207.199,272.2365307841295,-736.3435098915669,-43.11823292144064
207.238,271.64377930650244,-736.6624024764347,-43.12519097823838
207.37,271.02853892914925,-737.0134911297995,-43.130366901911486
207.408,270.1469474152255,-737.5371442145993,-43.13784999171361
207.446,269.69822459652846,-737.8082582300094,-43.142701325000644
207.534,269.19735000873004,-738.1258400863721,-43.153056532720484
207.573,268.22764598005006,-738.8086776143089,-43.20031172969058
207.666,267.88707169307474,-739.0648480447434,-43.225724214671516
207.703,267.18481063019556,-739.6067821004851,-43.289257038730426
207.746,266.7066148195136,-739.98198957881,-43.33992731762635
207.837,266.1536043298569,-740.4223808412441,-43.40450845786319
207.882,265.4739521418904,-740.9716151425162,-43.487412425373805
207.967,264.7889541410334,-741.5327173080516,-43.56716547527435
208.058,264.37887311589486,-741.8710742570162,-43.6104481287436
208.098,263.8133022786467,-742.3403196673714,-43.663230061481386
208.184,263.0359192797681,-742.9929963519547,-43.73133401713153
208.22,262.6251204200143,-743.3476390817846,-43.76652513561925
208.327,262.1961571195135,-743.7375276911797,-43.80577790591437
208.375,261.61839134200136,-744.3024940809953,-43.86751133579514
208.419,261.2226661741282,-744.7097707461213,-43.92045423255968
208.552,260.82729114495567,-745.1348830107257,-43.98556609234035
208.589,260.48257310798977,-745.5227251613687,-44.05580256650131
208.626,260.1324980132594,-745.934333548682,-44.141637705069854
208.717,259.8970396692181,-746.2183634203319,-44.20723126242967
208.802,259.5276632974311,-746.6731526684345,-44.31881769773997
208.892,259.33997855352595,-746.9061020534517,-44.37495668450359
208.931,259.0908400986781,-747.2153361751136,-44.445776480614626
209.017,258.79670517560095,-747.5784208367896,-44.52025503160269
209.075,258.58055265005214,-747.8390172121875,-44.56586437449519
209.128,258.3851580979214,-748.0700596224088,-44.60005341082564
209.214,258.12334286791923,-748.3926258481191,-44.64086560056023
209.253,257.86856894833585,-748.7262941069931,-44.68099072632131
209.291,257.64022826570186,-749.0207001805154,-44.715711051711594
209.439,257.3155409413502,-749.4305750074296,-44.76543593067365
209.479,257.18206702995144,-749.5896659701896,-44.78504962241354
209.529,256.8975125926849,-749.9096080362702,-44.82467114414726
209.574,256.5920563267539,-750.2252710254114,-44.8641970339707
209.716,256.4045484655247,-750.4047134411697,-44.88743088180297
209.756,256.13836822293683,-750.6359378827868,-44.92209746762069
209.796,255.79960661819558,-750.9196789560789,-44.96856285058874
209.885,255.59871976022018,-751.1754947675847,-45.018523262256394
209.925,255.356127364285,-751.3846496339338,-45.053913103381035
210.016,254.93493065815824,-751.7434625207658,-45.112848759085296
210.056,254.57321595527884,-752.0533432943222,-45.1654048588552
210.195,254.4026404317544,-752.1991135705684,-45.19164268688888
210.234,254.02124264143958,-752.5242693262439,-45.25386581426568
210.274,253.7323808604505,-752.7665467721894,-45.30398905328596
210.314,253.47645832897177,-752.9799388910848,-45.35021039084546
210.408,252.98095107578757,-753.3856528255864,-45.44228245108545
210.451,252.64854315772192,-753.6502357004945,-45.505044220571904
210.545,252.2210500383481,-753.9710714198094,-45.58606598198554
210.593,251.91317639435627,-754.1874458317827,-45.64387608556635
210.701,251.7030076342428,-754.3270411550272,-45.68299107302411
210.741,251.1068052140821,-754.6855090457951,-45.7934466478593
210.804,250.7924273244481,-754.8534818040771,-45.85144114387276
210.91,250.4054296112833,-755.0433599022864,-45.92230340697705
210.948,249.96093605662753,-755.2400497409975,-46.003150151861746
211.037,249.5750289438514,-755.3931617623326,-46.072473647701486
211.076,249.17965828727526,-755.5328702739951,-46.14211552747605
211.166,248.75744774158898,-755.6666580500224,-46.2122203062232
211.206,248.42856808893436,-755.7605573140603,-46.2624449564816
211.342,248.02492290914603,-755.8661315135568,-46.31974467044989
211.381,247.73057974592152,-755.9384694959131,-46.35832068767627
211.422,247.2425161406707,-756.0498170449932,-46.415325880754295
211.509,246.84417085009758,-756.1336128836662,-46.453800925890846
211.548,246.54944493625015,-756.1922088111279,-46.47783506794951
211.638,245.98274508348817,-756.295084558674,-46.50985065264334
211.678,245.57571619695904,-756.3639082168725,-46.519486672672144
211.821,245.07738494380592,-756.4390178969986,-46.51706541568146
211.862,244.79159957324526,-756.4748296048298,-46.50981754708948
211.906,244.31256493510293,-756.4903599274578,-46.49108498573159
212.042,243.88752260103198,-756.4489520506005,-46.46737095953108
212.104,243.601122168695,-756.3906609433022,-46.450070087654694
212.153,243.11639431720045,-756.2513533343546,-46.42194833044266
212.193,242.8934718002511,-756.1731095035856,-46.409845801164266
212.29,242.3262428655218,-755.9284066958429,-46.38188794325177
212.331,242.007779278613,-755.7610448421432,-46.36661015197433
212.424,241.6620792315283,-755.5553374262025,-46.3493519763
212.466,241.27892856304044,-755.2942739945386,-46.32903867681901
212.56,240.92121169548335,-755.0213602681054,-46.30737946667918
212.603,240.60970718381162,-754.7457043685687,-46.285933822319805
212.696,240.40298170221465,-754.5344714296078,-46.2698632213843
212.763,240.04831239559832,-754.1231146196766,-46.23905387032491
212.856,239.8144043035041,-753.818509354479,-46.21694729961061
212.952,239.607865175538,-753.5197551435601,-46.19537729657202
213.007,239.34807697743585,-753.0977650486896,-46.16432617194019
213.052,239.12805176596893,-752.6811236597792,-46.13294503673856
213.097,239.0088594405499,-752.4191700488091,-46.112388001562294
213.139,238.83302408362377,-751.9681699421423,-46.075237166344266
213.234,238.74653347600292,-751.7114249241407,-46.053006339273736
213.275,238.5813205603639,-751.1327861745024,-46.00053100929398
213.318,238.4688035348181,-750.6506818328537,-45.953049350732044
213.412,238.43215658172255,-750.4765364542778,-45.93471133177749
213.476,238.32038975408733,-749.8926787917911,-45.86685932145977
213.58,238.23750829217056,-749.3937992978148,-45.800301297180766
213.622,238.214369183716,-749.2048046686205,-45.77326672277121
213.664,238.18072273185652,-748.6243699377432,-45.684979919457334
213.757,238.19592502614353,-748.1748983979523,-45.61364722378647
213.799,238.22273265672774,-747.899002847156,-45.56939519416562
213.904,238.305782883161,-747.3727134772613,-45.48414340579495
213.943,238.35852411945757,-747.1100417691509,-45.440964753351864
214.034,238.45029511346792,-746.7209188333698,-45.375635253388054
214.078,238.61134378218952,-746.1523680405545,-45.27537468363016
214.164,238.6997022213346,-745.8850915726348,-45.226077054755166
214.214,238.8113365931991,-745.5841272473266,-45.16883540243094
214.274,239.0826673616116,-744.951421486746,-45.04229949661112
214.376,239.20777242039415,-744.6909196493401,-44.9879388766351
214.421,239.36325916205922,-744.3915306526428,-44.923962460577116
214.464,239.6626948535781,-743.8464305727636,-44.80525905916693
214.553,239.79827576302318,-743.6187307324948,-44.75492651424756
214.647,240.01405667167296,-743.2830511725622,-44.679090754252115
214.746,240.23186820185938,-742.9649710591034,-44.605484539790126
214.785,240.51060721703396,-742.5841310069674,-44.514818467549674
214.833,240.76091815563927,-742.2610407770903,-44.436139037369
214.961,241.02423110332433,-741.933454793165,-44.35520149338808
215.002,241.33415378338032,-741.5498994436748,-44.26280993186219
215.046,241.61766416001655,-741.2008763584895,-44.18319591588761
215.093,242.0537039359713,-740.67110358526,-44.07074987670876
215.135,242.1928215845892,-740.5037451996279,-44.03714353532942
215.282,242.57169881008838,-740.0512049982483,-43.95009533916158
215.369,242.98741448211806,-739.5613214037951,-43.858997318826624
215.409,243.2752963906181,-739.2211735749585,-43.798022199728734
215.45,243.6007787231245,-738.836119630542,-43.732180654329056
215.541,244.04543624199812,-738.3134908594625,-43.64919478484009
215.581,244.39231018488283,-737.9073384264088,-43.588554698706616
215.67,244.6102061926266,-737.6530311694221,-43.55011613537732
215.759,245.07677751252328,-737.1117101933719,-43.4631409979811
215.796,245.21484806176954,-736.9525904340456,-43.43527801199377
215.89,245.5992723631928,-736.5112153905809,-43.352387452937705
215.978,246.0733365794316,-735.9621724650086,-43.2422124348908
216.017,246.24924766549753,-735.759338564394,-43.200008689093295
216.056,246.63528813879583,-735.312776271779,-43.10369907255529
216.142,246.95822939628565,-734.9312633876746,-43.018202885380674
216.182,247.2591559987946,-734.5692321483125,-42.93513904629137
216.267,247.64226477599956,-734.0921314353097,-42.825337855641806
216.352,248.08018577262217,-733.5056026416567,-42.69563214767834
216.389,248.40438936445582,-733.0483131076048,-42.60011111680706
216.525,248.59976252457733,-732.7608460478236,-42.54244260736638
216.563,248.88376152422214,-732.3291530024525,-42.459469840375334
216.603,249.19713234207012,-731.8291541050233,-42.36840408068343
216.641,249.46138215167224,-731.3883041542197,-42.291814887159546
216.781,249.7076175666573,-730.9582778777813,-42.219519267469764
216.821,249.9961944316575,-730.4206797672693,-42.13317370080824
216.914,250.248961837416,-729.960003650095,-42.063525616311296
216.958,250.5541325824479,-729.4268399327082,-41.98818908766191
216.996,250.81489697929067,-728.9761514741615,-41.92875040410007
217.133,251.16684719100783,-728.3965323703122,-41.85641903166686
217.171,251.46331960587037,-727.9274840602396,-41.80154734107106
217.258,251.90247873378755,-727.2567420062124,-41.73147130169565
217.3,252.04450311927934,-727.046107846435,-41.71121086871176
217.339,252.42497094044083,-726.4960338714234,-41.6607513203258
217.431,252.72270643495938,-726.0736081674752,-41.62183249599323
217.471,253.03534885051198,-725.6381539712025,-41.58070039860044
217.558,253.42818604907345,-725.1057976027779,-41.528651910396604
217.597,253.71527228792075,-724.7264956119758,-41.48878848842469
217.687,254.08952950984593,-724.243796281406,-41.4306965668128
217.826,254.57798509267764,-723.6302521749581,-41.34081562331812
217.865,254.71739126529383,-723.4578200495092,-41.312494576504406
217.905,255.0495825775593,-723.0533981327569,-41.24090880447548
217.944,255.35952967007773,-722.6844703941089,-41.170578673556975
218.033,255.7913049259243,-722.1778613890484,-41.066854123951174
218.071,256.1066904406023,-721.8111443753575,-40.986769857831604
218.159,256.5326550128638,-721.3248434795071,-40.87608798362476
218.261,256.8463191894659,-720.9713460929532,-40.79502762142454
218.299,257.0353865521289,-720.7642000677914,-40.74808919316109
218.388,257.80049544958604,-719.9716818423723,-40.58538048081863
218.43,257.9781358087329,-719.7904765008777,-40.552817440083174
218.581,258.6554848262433,-719.0963120888331,-40.44571381238728
218.621,258.86991982469505,-718.8752974593721,-40.41737529674464
218.661,259.20689265235836,-718.5282047933064,-40.379138273753455
218.703,259.39388682946276,-718.3366291937846,-40.361957202188535
218.746,260.1431048817176,-717.5817212950527,-40.312939466320586
218.838,260.3680014925196,-717.357109558457,-40.301043894571194
218.925,260.68576289096046,-717.0397623404001,-40.28451444131798
219.012,261.1485686932373,-716.5784009339067,-40.2583802000334
219.105,261.3514723186111,-716.3764808719723,-40.24540134153557
219.147,261.8877149679936,-715.8508670669577,-40.20271650534511
219.193,262.06154698430066,-715.6820303794248,-40.18481651901652
219.282,262.42801866993176,-715.3285263810799,-40.13948024362651
219.369,262.8874613054131,-714.8870473860379,-40.068081571909715
219.413,263.1885608393676,-714.5989980487544,-40.014969263431055
219.501,263.56798320436144,-714.2385532734603,-39.94446775474364
219.588,263.71328008619184,-714.1011990024268,-39.91698484547433
219.626,264.21163976057574,-713.6319453325825,-39.82347593464911
219.722,264.62243957349347,-713.2460951863094,-39.7493672129894
219.762,264.775868378109,-713.1023038474864,-39.72250093537349
219.802,265.26515555270385,-712.6421825803468,-39.64003470544469
219.911,265.6322894527671,-712.2956292115499,-39.58340000811705
219.972,265.7676259843219,-712.1681366427923,-39.56424319549842
220.01,266.23507677762336,-711.7280887220834,-39.50516209004451
220.096,266.45543090419756,-711.5222786777977,-39.48096726500387
220.135,266.85246469254287,-711.1522900473502,-39.44194440947297
220.177,267.2899811272027,-710.7452783599991,-39.40366232319013
220.273,267.695750828604,-710.3695467252393,-39.37089655235167
220.334,267.96230666227524,-710.1257111438331,-39.35064231223981
220.401,268.41966914906106,-709.7132852744364,-39.318668486085386
220.465,268.84614785608426,-709.3351831649271,-39.29032278687259
220.598,269.09357782122186,-709.1187467792911,-39.274211892383875
220.636,269.5731348126823,-708.7043341299271,-39.24344500696023
220.674,269.91593079973205,-708.413726080315,-39.22119726650266
220.766,270.2164477538178,-708.1616914294721,-39.201680501905855
220.805,270.79505180692075,-707.6856699548255,-39.163139873496675
220.938,271.38546034232996,-707.2125810821514,-39.121518263873725
220.981,271.74465257616373,-706.9292728895755,-39.094760239663685
221.066,272.2989656043238,-706.5010574843706,-39.05232586695442
221.108,272.60190252389646,-706.2699842186183,-39.02805121933716
221.195,273.2443038508187,-705.7743648338334,-38.9717092452874
221.233,273.6982967926104,-705.4266692750751,-38.92894188808239
221.318,274.2573289115578,-704.9999272201433,-38.87351440837847
221.356,274.3564474905129,-704.924006683026,-38.863639584172745
221.49,275.07320122298006,-704.3725304670838,-38.792681048493876
221.539,275.656912536082,-703.9237428413213,-38.7386067892605
221.581,275.84547071219333,-703.779528449812,-38.72228516383112
221.621,276.5112984008712,-703.2699974806851,-38.66895478655999
221.713,276.80232799227247,-703.0457111789821,-38.649800265506485
221.761,277.21240366086175,-702.7261156633351,-38.62869895131203
221.85,277.97535034862284,-702.1263145798179,-38.60943485296713
221.894,278.1631095241787,-701.978764246748,-38.60891516746423
221.984,278.5562814334734,-701.6690719507778,-38.6131218812352
222.025,279.250878420959,-701.1175849189096,-38.63410071749459
222.118,279.41508952150355,-700.9860503633437,-38.64100267551402
222.209,280.03123087937286,-700.4909496556779,-38.67234145886985
222.248,280.22387196843204,-700.3371186968727,-38.682813771784595
222.337,280.60026852066244,-700.0367941572272,-38.703136424395694
222.376,281.0513576253134,-699.6759575414196,-38.72382081709662
222.415,281.2553754333949,-699.5132704978406,-38.730617204231095
222.561,281.6842918560173,-699.1748307726161,-38.73790019475484
222.601,281.89261759166453,-699.0131002717906,-38.73803897416687
222.642,282.34367224411085,-698.664996655831,-38.73136757186637
222.734,282.7320967567873,-698.3690324634263,-38.71884140683886
222.775,282.95588587095364,-698.2003203762567,-38.70896505298174
222.867,283.42161509229726,-697.8515945494254,-38.68237861700348
222.957,283.8102794622575,-697.5626094926951,-38.65369597618297
222.999,283.9570525375184,-697.4536642072604,-38.64146759803958
223.039,284.4514150231096,-697.086779674701,-38.59547481377655
223.182,284.85805299030824,-696.7873937252797,-38.553930146682546
223.224,285.08908776639186,-696.6192954088423,-38.528921865416294
223.269,285.42363387001444,-696.3770706361569,-38.49110605239309
223.317,285.8231917879289,-696.0899749195183,-38.444844931045225
223.407,286.17041746563723,-695.8405996500503,-38.402893705062354
223.495,286.8041613264784,-695.3854679551014,-38.32173279102125
223.535,286.979517976804,-695.2603980865014,-38.298754364273464
223.673,287.4459832741876,-694.9282737544848,-38.23683235297514
223.812,287.92018334500244,-694.5923373940659,-38.17511361398391
223.85,288.163237008476,-694.4204720327876,-38.14513698057766
223.893,288.7355127637053,-694.0154992125792,-38.080656343209114
223.934,289.0387556182258,-693.8019372957058,-38.05122034177583
223.974,289.462756071735,-693.5036162778923,-38.014946045915764
224.065,289.7013618969101,-693.3364600241821,-37.99651086727488
224.108,290.1695787246764,-693.0163407055754,-37.966288372371594
224.197,290.6271696778905,-692.7206393355466,-37.94527913501355
224.237,290.8807974899952,-692.5625265986208,-37.93654136533476
224.277,291.3733655676608,-692.2676711744299,-37.92607624139299
224.42,291.82458080563043,-692.0095408931685,-37.922516903579776
224.461,292.07882507781767,-691.8680357733668,-37.92149658569116
224.5,292.54396233205307,-691.6151936680054,-37.920226525003955
224.588,292.99218734464984,-691.3824417230251,-37.91905828869372
224.629,293.2411127801669,-691.2587352307911,-37.91820805699905
224.722,293.7990158553456,-690.9903499914662,-37.914008605625895
224.816,294.05123990613095,-690.8736141197619,-37.91039641855306
224.856,294.60077349476865,-690.6253728924175,-37.89535006230446
224.902,294.9744445087595,-690.4599253953801,-37.87717247427014
224.991,295.4351105312835,-690.2714692663384,-37.848573435087445
225.029,295.83398983844035,-690.1140047066757,-37.822132350330435
225.075,296.3406147713483,-689.9055843417993,-37.78773935313512
225.26,296.75926666398016,-689.7358137472108,-37.75940525839155
225.3,297.2026814385961,-689.552292058223,-37.72920362693861
225.34,297.6695562803038,-689.356743720415,-37.69825845099467
225.379,298.2342384864757,-689.1145869359037,-37.66330330918461
225.467,298.71406694114296,-688.9044864896575,-37.63702853940492
225.554,299.1360207012281,-688.7157149663369,-37.617756386925464
225.594,299.7132290759934,-688.4507844280597,-37.59733721828775
225.683,300.2677825201003,-688.1889354123973,-37.58359243456357
225.721,300.75645873907285,-687.9519112439535,-37.57597290722347
225.818,301.35111604323305,-687.6448722984175,-37.57089354285205
225.864,301.92052549272154,-687.3227399107523,-37.56888521918859
225.903,302.2469045322473,-687.125658766667,-37.569054015548375
226.038,302.80058500592037,-686.7753589560256,-37.57049948317473
226.076,303.2706771967387,-686.4897235862885,-37.68797273565838
226.115,303.53722801614975,-686.3410604205529,-37.807696779985065
226.203,303.80525537373694,-686.185430700018,-37.92840062476006
226.242,304.11386969619184,-686.0125137622061,-38.065005052100275
226.329,304.34072025345097,-685.8943879510832,-38.16409784548284
226.375,304.5175133780761,-685.8077965089564,-38.24069638365802
226.433,304.9569121499189,-685.6020706036131,-38.42423733212024
226.562,305.22758397882274,-685.4661942551497,-38.53157372724411
226.601,305.4668117205241,-685.3391069727761,-38.62602564060802
226.641,305.74191205136003,-685.1924563441642,-38.727690651756916
226.783,305.998080942801,-685.057575810065,-38.8130878528695
226.825,306.2344410312067,-684.9341921493517,-38.8827890016654
226.865,306.51528653467324,-684.7874114263531,-38.953932860827194
226.955,306.74175773738597,-684.6687767156205,-39.00202441050419
227.077,306.8801873106534,-684.5454910031235,-39.074331225041306
227.144,307.08127168328133,-684.3564634633418,-39.16227927968987
227.197,307.1814565547376,-684.2622592032116,-39.19351064403577
227.24,307.3471817731741,-684.1063896328994,-39.22708513494575
227.282,307.50354496124845,-683.9589020756755,-39.237810432754316
227.373,307.58402906782425,-683.8737350002817,-39.22966029941938
227.416,307.714482657688,-683.7068201399104,-39.18422620427805
227.512,307.8180929676248,-683.5339171145083,-39.10636905802801
227.58,307.86207285392754,-683.4370226649772,-39.051949953013434
227.622,307.9194880468534,-683.2646936970203,-38.94033902186885
227.718,307.9358118484075,-683.2014395683217,-38.89576030540718
227.76,307.9781570515457,-682.988328168612,-38.73027318671245
227.852,307.99496086005524,-682.8938788309431,-38.65042532570578
227.893,308.0308456764476,-682.6762804506988,-38.447500251491874
227.983,308.0528427142397,-682.5618499101046,-38.32943395474035
228.074,308.08102611405707,-682.4900992663273,-38.24482061948254
228.114,308.19248841389185,-682.344688662,-38.057111820895955
228.155,308.2744397703539,-682.2196676875182,-37.9499721560515
228.295,308.31712072989205,-682.15010120586,-37.90621976463626
228.335,308.45495152865055,-681.926767545412,-37.78506733255449
228.379,308.65436078374177,-681.6437979848605,-37.66334789924349
228.517,308.8081370483052,-681.4334934966272,-37.57782009695171
228.556,308.9237023644249,-681.2762026643687,-37.515132188206735
228.596,309.1498072070667,-680.9520843019199,-37.39551262127367
228.635,309.2905027515442,-680.717403967254,-37.33069804685721
228.684,309.37511121399973,-680.579324717226,-37.31601288015611
228.778,309.54361468934394,-680.326274542242,-37.30992525951024
228.869,309.68631100013306,-680.1129249293382,-37.31101002273442
228.909,309.7639869324136,-679.9965338336473,-37.311953912692786
229.0,309.9087963124397,-679.7717136141341,-37.308884599142914
229.068,310.0198320149105,-679.5914457042655,-37.2979727564267
229.112,310.09006239207235,-679.4739223937399,-37.28584814826468
229.177,310.24389081337205,-679.205127915714,-37.2400934121776
229.27,310.3418505998908,-679.0398807420615,-37.204239241246114
229.313,310.3912245137652,-678.9591819790171,-37.18610575427789
229.402,310.60800056387075,-678.623628141866,-37.115218584433705
229.49,310.80448857860205,-678.3523249529221,-37.064882079298286
229.53,310.87817763637634,-678.2570379018265,-37.04888688273684
229.572,311.15287537391566,-677.9039918131298,-36.9964515375807
229.666,311.302025038023,-677.7188063717207,-36.97271238640542
229.759,311.5139131698179,-677.4670032018125,-36.944571879259115
229.799,311.8287373557826,-677.1171003326336,-36.91201104575015
229.894,311.9319451984394,-677.0083304253288,-36.903150091884356
229.938,312.32849584781036,-676.6128416690244,-36.87499432534037
230.035,312.4613459480947,-676.4893093985735,-36.86719238519197
230.075,312.67201838361973,-676.301847215642,-36.85558420098221
230.166,312.9590563964563,-676.0600649607784,-36.838559207366416
230.21,313.19379277594754,-675.8723248349232,-36.82191330328493
230.302,313.55025544310166,-675.6065391773932,-36.79142249874218
230.343,313.7189995693213,-675.4926453515925,-36.776650250544606
230.384,314.1008457927538,-675.2651455262222,-36.744389654854956
230.475,314.43030682323916,-675.0992785682176,-36.718885250171866
230.567,314.5569983197649,-675.0421372263532,-36.709969786960414
230.615,314.9894520391638,-674.8739029428972,-36.68291467271382
230.661,315.35353508706265,-674.7620863095975,-36.66386375079878
230.754,315.4865389740483,-674.7275154112422,-36.65769538975849
230.795,315.96517690268377,-674.6359511602919,-36.641396795721505
230.896,316.34743033723265,-674.5997422230067,-36.636859111237015
230.95,316.5661792368305,-674.5913737056928,-36.637308173483746
230.99,316.98289593724667,-674.5939786529013,-36.64462303599828
231.135,317.3583310788133,-674.6173122096413,-36.65825294627484
231.176,317.5689126849432,-674.6377126894314,-36.667813885862074
231.22,317.96432089848275,-674.6906850891801,-36.68895728551149
231.314,318.17581850711906,-674.7279656271511,-36.70165282413063
231.36,318.54119368455224,-674.8073411142907,-36.72621254181689
231.457,319.0419134072738,-674.9473764133795,-36.76425396331592
231.499,319.26867806898576,-675.0252250685412,-36.78385176768762
231.592,319.5169451990604,-675.1217023972425,-36.80711645485417
231.634,319.87835018530575,-675.2849540440681,-36.84464493008659
231.73,320.25427951633253,-675.4848372829413,-36.888001911397
231.773,320.4270520684397,-675.5870506744734,-36.90916359088652
231.822,320.76198717015393,-675.8061468117301,-36.95228337049906
231.918,321.04876493592076,-676.0165757215705,-36.9913801976636
232.011,321.37458160440485,-676.2891916338116,-37.0416110455152
232.052,321.6112450277716,-676.5155699667379,-37.08379236019357
232.167,321.7997181418576,-676.7159295083756,-37.121377641961715
232.209,321.92268026888337,-676.8582792456749,-37.14812300483436
232.251,322.2158161940464,-677.2381094088354,-37.219930106685126
232.346,322.31942092709085,-677.390475871412,-37.24885950784085
232.388,322.57567508410153,-677.8263883877921,-37.33183664365259
232.43,322.7097132157425,-678.1023588586295,-37.38441014137669
232.528,322.8122917737735,-678.3490279663731,-37.43136706603133
232.62,322.9290723269355,-678.6822255729129,-37.49430762946929
232.662,323.01822856536296,-678.9944073413176,-37.552424269712105
232.703,323.0751760607414,-679.2400074726709,-37.597648099910884
232.798,323.1389625032189,-679.5964416530534,-37.663245197929825
232.841,323.1662440424228,-679.8050224116962,-37.70161341763719
232.933,323.19588534888123,-680.1819764503066,-37.770794392572725
232.973,323.19928796094865,-680.5451511502536,-37.837139050693
233.019,323.1875585769104,-680.8220772858808,-37.88737844034142
233.163,323.15697268425936,-681.2178480478174,-37.958308704505725
233.203,323.13383522315473,-681.4681030269164,-38.00268866230414
233.295,323.089701741834,-681.8347124914563,-38.06690916532693
233.337,323.0267902958025,-682.2534457260067,-38.13870906642376
233.379,322.9638277241488,-682.6347488142745,-38.20301509470306
233.549,322.9029886030669,-682.9844393857966,-38.26142439928003
233.589,322.83769240824734,-683.3411447305803,-38.3197591238079
233.63,322.7754179950945,-683.6713265944684,-38.371941242992705
233.67,322.69701262954567,-684.0686583640622,-38.432505221721385
233.867,322.6196364726909,-684.4371083720795,-38.486472383171304
233.908,322.5752239554382,-684.643164992341,-38.5160363951922
233.95,322.4491810205688,-685.2033101888317,-38.59446203907959
234.041,322.3575955494981,-685.59295487763,-38.64833764134755
234.084,322.2583962833685,-685.9984914279637,-38.703317423685746
234.123,322.1683325923276,-686.3593155452868,-38.750460641240124
234.173,322.07104637207976,-686.7434186074446,-38.79732633830696
234.238,321.9545903246147,-687.1916332040985,-38.84758253543731
234.276,321.84636001093764,-687.601739235191,-38.890424427148616
234.373,321.7583037134956,-687.9292315729592,-38.92340762914591
234.465,321.5989832138073,-688.5089881707693,-38.98168615708687
234.553,321.505402081507,-688.8442897458631,-39.01550629158487
234.595,321.3809347810868,-689.2815085921167,-39.05937623242971
234.633,321.2248620080326,-689.8166345354914,-39.11234931021011
234.68,321.1473993760512,-690.0775518615403,-39.138210710080386
234.767,320.9895200208838,-690.5970057210183,-39.19226964399769
234.853,320.8882599091037,-690.9224479765177,-39.228875346275686
234.894,320.7067804687264,-691.4948105431992,-39.298134739294824
234.933,320.5608133087356,-691.9445504566759,-39.356134778101534
235.044,320.4169624793127,-692.3792333037901,-39.4140238761716
235.133,320.2266871180195,-692.9473281457432,-39.48898005222571
235.171,320.1012212534847,-693.3152737578692,-39.53629460813431
235.261,319.93767920456713,-693.7857658577043,-39.59689947020246
235.3,319.7607884952404,-694.2859733190515,-39.662039225442925
235.343,319.6262091682051,-694.6614202926393,-39.711457057422535
235.479,319.4520917037587,-695.1408522260484,-39.77440938835707
235.519,319.26634349987,-695.6507439573135,-39.83876089161021
235.559,319.12794516528623,-696.0266881049098,-39.883360686976005
235.646,318.9073307620602,-696.6191828115537,-39.949577758139185
235.689,318.73716146744636,-697.0658430330028,-39.99842258912264
235.775,318.58766913431487,-697.4514989370073,-40.04155033508948
235.863,318.323610367964,-698.1242680454038,-40.118550013863
235.951,318.1715992832376,-698.5083584860457,-40.162940862304424
235.99,318.0151312128628,-698.900853372419,-40.20846481808394
236.031,317.778236226339,-699.4881002791429,-40.278371861856215
236.165,317.60810320190745,-699.8983913688389,-40.33016091605134
236.205,317.46102642741556,-700.2457097183682,-40.37711643435074
236.254,317.2053303320652,-700.8414750617445,-40.46286499336935
236.342,317.0653481373321,-701.1674692395773,-40.51040007487927
236.382,316.91491443902896,-701.5174980165323,-40.56065885875813
236.426,316.6597324709381,-702.1070654843994,-40.64387862065138
236.562,316.52289831901726,-702.4209989952471,-40.68741683083772
236.601,316.3060699768666,-702.914628636765,-40.75441515147162
236.643,316.1513914971307,-703.2656123744487,-40.80022621975212
236.781,315.98209546310386,-703.6492178611406,-40.84723416504477
236.82,315.7657153180603,-704.1414187322054,-40.90156679292784
236.865,315.5724673583389,-704.5800885326877,-40.94491263105755
236.906,315.4282294433575,-704.9062287386314,-40.974925532090765
237.042,315.2005193131612,-705.417637131982,-41.02116825082294
237.079,315.00386073500874,-705.8561823196637,-41.06328772283149
237.173,314.81854615266303,-706.2675983483603,-41.104192342909414
237.214,314.61558083160014,-706.7144141847831,-41.150119929842106
237.301,314.43950615027615,-707.0987410484737,-41.19074219433361
237.34,314.20071698622206,-707.6123565492514,-41.24956999751333
237.433,313.9841099206367,-708.071317055326,-41.309201218788246
237.49,313.8226102421363,-708.4093326095482,-41.358623108032475
237.584,313.49991649193163,-709.0749697444887,-41.46740620991625
237.625,313.3215690940154,-709.4370378526652,-41.53132668076137
237.669,313.08995889693404,-709.9040949804515,-41.61319113507295
237.812,312.8466970157682,-710.3884358322015,-41.69880690796714
237.855,312.67864177955073,-710.7155830044054,-41.756186470833256
237.948,312.4427930851514,-711.1641823428645,-41.833450817851144
237.986,312.28887838505295,-711.4538889620646,-41.88189044867437
238.024,312.058614807649,-711.8913439840707,-41.95202760574978
238.111,311.8606286404749,-712.2662578306138,-42.0058183230139
238.195,311.6573639823234,-712.6408618527864,-42.051503764343806
238.281,311.4400180133402,-713.0396597448769,-42.091524046754614
238.32,311.16762273442987,-713.5299116591145,-42.130870332277425
238.365,310.9791187211144,-713.8628971356071,-42.154086275588895
238.403,310.68872953351087,-714.3706526430059,-42.18584215697513
238.491,310.4310326594841,-714.8161043092698,-42.21097142810959
238.536,310.18749732018375,-715.2303652628785,-42.234077537844826
238.676,309.9121353266076,-715.6914733934539,-42.26233975406308
238.713,309.63754288066457,-716.142585118781,-42.29491066562957
238.754,309.3640055690271,-716.5838436473747,-42.33195768629537
238.843,309.06660638232495,-717.0551759766641,-42.37663906164437
238.929,308.8174334982914,-717.4492884491838,-42.418476674671695
238.968,308.4806749158671,-717.9661655980693,-42.48168378205878
239.006,308.16949053471666,-718.4303103419949,-42.54768800455622
239.092,307.9044089983149,-718.8167410790458,-42.608599725898785
239.177,307.5561404419792,-719.3117374846258,-42.690584537890516
239.221,307.18055944995234,-719.8351168914186,-42.77692366220111
239.311,306.9115436417285,-720.2033346022782,-42.83783144233092
239.348,306.60513768971555,-720.6141616652023,-42.90576976436665
239.482,306.2852457612489,-721.0338918437651,-42.97408808432681
239.519,305.8826480674603,-721.5499365246073,-43.054875103263726
239.557,305.6430224256484,-721.8498530720527,-43.097994977153974
239.647,305.24946343635145,-722.3373640019437,-43.16029923160028
239.687,304.89882990203205,-722.7778149900273,-43.209044846601785
239.804,304.630507793128,-723.1232127315122,-43.244444993100615
239.845,304.3049345663735,-723.5505817654866,-43.28608087146807
239.89,304.004430212487,-723.9688974786966,-43.325704407633225
239.983,303.6376604526296,-724.5182262969113,-43.37775060624517
240.075,303.4024928183395,-724.8908111920908,-43.41319504110197
240.124,303.1967727518529,-725.2289030058172,-43.444811179720546
240.225,302.86356592554347,-725.8109419027003,-43.49958715010763
240.264,302.625344582246,-726.2591867348402,-43.543600116739924
240.305,302.3586480796961,-726.798544635695,-43.598675277013854
240.398,302.1549437691027,-727.2270559226394,-43.640525402409025
240.444,301.98566081086494,-727.5910040274111,-43.672923877671394
240.585,301.7959067806208,-728.011940396876,-43.705368598590496
240.623,301.5663944966664,-728.5365506441813,-43.73808691397579
240.709,301.37039589172764,-728.9904016193932,-43.75932286355828
240.747,301.12891862172825,-729.5665588366568,-43.77758753502104
240.785,300.98594808605,-729.9154656339063,-43.782863371490805
240.918,300.7976292957669,-730.3855250782126,-43.783723200573206
240.957,300.61092386861037,-730.8699157781372,-43.779177916355536
241.043,300.4414793469498,-731.3282703723982,-43.775079333773306
241.083,300.26040593730926,-731.8352715900361,-43.77397619260381
241.169,300.08055324135387,-732.3610561587593,-43.7792146913975
241.215,299.9190906653348,-732.8522802573826,-43.79322002194601
241.255,299.75091371610506,-733.3837249761015,-43.822282726092396
241.343,299.5626733091366,-734.0913143950131,-43.88861397438336
241.435,299.48548849712716,-734.4536124156426,-43.93560826788388
241.522,299.3947343939386,-734.9977676979512,-44.02311098575848
241.563,299.32955573325575,-735.5478165923812,-44.13025956734219
241.654,299.2806739370509,-736.1065568915851,-44.25613450474418
241.692,299.248692572325,-736.5564219438512,-44.36882730820167
241.737,299.2178578832282,-737.0541239748679,-44.49983140741085
241.825,299.20138808430505,-737.3841713949462,-44.58755801009221
241.923,299.1870256873027,-737.8041061157319,-44.696881400061955
241.962,299.1814668066494,-738.255320322987,-44.80934014676433
242.004,299.186321988503,-738.6287504482239,-44.89756575829341
242.138,299.19623533674326,-738.8770054099614,-44.953686091038776
242.174,299.24170787187103,-739.4268639285184,-45.07235776216328
242.211,299.2923047944899,-739.7953008854356,-45.14912885758065
242.344,299.3699386369156,-740.236893646028,-45.23660945114824
242.382,299.4420095752156,-740.6145158294706,-45.30369617819599
242.467,299.50268178378764,-740.9068545472696,-45.351084797404496
242.507,299.6040678032641,-741.336447984168,-45.41446400010477
242.595,299.7028725113667,-741.695477654683,-45.4624111909439
242.683,299.7881507052884,-741.9688017742944,-45.49617953405226
242.721,299.9364571742,-742.3676772326007,-45.54342544622165
242.768,300.092344390265,-742.6869142101684,-45.584072117543144
242.856,300.2552457498551,-742.9580047673892,-45.62244199271743
242.894,300.4508393583753,-743.2320259199009,-45.66592972774015
242.982,300.6628054528212,-743.4951798977962,-45.711525885182596
243.069,300.8727067082016,-743.7278019016362,-45.755244217464565
243.109,301.01418806629044,-743.873403307592,-45.78378980243832
243.152,301.3475094775437,-744.1834653694578,-45.846777734848104
243.286,301.58978630746975,-744.3829882219204,-45.88775402175605
243.334,301.8607821412977,-744.5806308186019,-45.92993294487036
243.437,302.1460502783987,-744.7670242729796,-45.97006902854088
243.475,302.42704172469456,-744.9328205519582,-46.004848574986
243.561,302.7258675678534,-745.0897423103248,-46.03762680793409
243.598,303.00056001719315,-745.2179039833919,-46.06462657204895
243.639,303.305058830666,-745.3436322020062,-46.091404622862626
243.725,303.6434326232674,-745.4640127556032,-46.1178364567279
243.811,304.0048874281828,-745.5716990704506,-46.14388341249878
243.9,304.3316188648378,-745.6514414500203,-46.16606929206142
243.986,304.69546593744917,-745.7206529176952,-46.18811449384782
244.025,305.16778266787196,-745.7802226383542,-46.21309093749289
244.113,305.3759015957705,-745.7950622154714,-46.22281734296399
244.154,305.7491744784741,-745.8047726127177,-46.23824531411799
244.244,306.23376720518627,-745.782724311898,-46.254085454954975
244.332,306.38398959174026,-745.7672584913086,-46.25829916042687
244.37,306.84570396655783,-745.6911072881152,-46.26967291333051
244.408,307.1509527246954,-745.6163290885735,-46.27607830077528
244.496,307.50712856268626,-745.5040505047825,-46.282550918169875
244.541,307.80482537372995,-745.3896470586886,-46.28675249683562
244.673,308.2226668139291,-745.1957943322528,-46.2896091750934
244.71,308.4141835244037,-745.0940237640474,-46.28926839076371
244.751,308.7534592802921,-744.8900685982697,-46.28582027704658
244.79,309.02512618315086,-744.7002599879024,-46.28071007380123
244.884,309.3347325875337,-744.4528255417404,-46.271518772968534
244.971,309.5856250885203,-744.2292690741035,-46.259949463165185
245.058,309.8308603920625,-743.991517531046,-46.24452514125261
245.097,310.1030874888972,-743.6999085785235,-46.22145423098402
245.184,310.27871732719734,-743.4971892939071,-46.20310226986919
245.228,310.64182712836083,-743.0327498505303,-46.15684310347251
245.315,310.7781650706203,-742.837174289445,-46.13603636578779
245.354,310.9760693480914,-742.5257563540296,-46.10074372629663
245.443,311.2738166037969,-741.9763970735797,-46.0320686022323
245.483,311.34458962956694,-741.8230825716041,-46.011870209452184
245.624,311.48077588899497,-741.4742904357634,-45.96556049614941
245.662,311.6128390902369,-741.1066480049889,-45.91847640850659
245.748,311.7620300779706,-740.7514006611475,-45.87537258080965
245.834,311.9735393970165,-740.2785186386942,-45.821725493035785
245.922,312.2070413539092,-739.668311844946,-45.757313524306596
245.96,312.275866329833,-739.4671644853329,-45.736320087122124
246.004,312.5187309246361,-738.7299591315436,-45.663511846564234
246.05,312.58921532239515,-738.5093843831435,-45.64397518621308
246.183,312.7264419569911,-738.0710703596138,-45.60926144989446
246.221,312.8707918868748,-737.597468398473,-45.57725778488822
246.28,313.00321064546165,-737.1503510829222,-45.54937836814224
246.332,313.165689255114,-736.6023116347869,-45.512561453411934
246.422,313.2990261292687,-736.1446894935148,-45.477355077752804
246.472,313.4344375701395,-735.6686476209082,-45.43634194196295
246.562,313.61027836270756,-735.0068947628749,-45.37163184413561
246.602,313.6636982625382,-734.7907328539541,-45.34922111392274
246.694,313.81068248110046,-734.0915203644903,-45.26904926390387
246.734,313.8473699959867,-733.8883086851721,-45.242864340126744
246.826,313.9233369393463,-733.4177717653346,-45.17696481581925
246.866,314.00858949478163,-732.7439098068621,-45.07342833921405
246.956,314.0278593114766,-732.5416563529134,-45.040857587915696
246.996,314.06694706116207,-732.0036392931441,-44.949341377929954
247.088,314.08552017930447,-731.4288461640775,-44.84402609987842
247.13,314.0850050755646,-730.9054260269921,-44.742280418286725
247.272,314.08050755671906,-730.7016242157945,-44.70100922654632
247.313,314.0566780711737,-730.2499790963591,-44.60625070509644
247.353,313.9908340585734,-729.6181554737016,-44.466801678111665
247.442,313.9642161343209,-729.4221247478748,-44.42190210139847
247.482,313.854166750652,-728.8329149391681,-44.28411320046905
247.571,313.7310505965694,-728.401654076578,-44.18567881331819
247.613,313.63451117547675,-728.1345151610406,-44.126393918584085
247.705,313.361036526038,-727.5722843590285,-44.012021136607814
247.745,313.3147291045535,-727.4874785914697,-43.996861617519755
247.836,313.05089676619343,-727.0537339317478,-43.9203423601121
247.876,312.7529063892414,-726.6199904427867,-43.84487113836627
248.015,312.53457088518064,-726.3358754155716,-43.79686758905359
248.055,312.2611926123375,-726.0263041785771,-43.74640397896235
248.144,311.9757621483817,-725.7405424783791,-43.70150515569816
248.184,311.6858810688337,-725.4786078962962,-43.662428947021226
248.279,311.37650173654276,-725.2102362183509,-43.6241161881635
248.318,310.99938050714843,-724.8880795305923,-43.578324523437004
248.361,310.54230806241014,-724.4875941103677,-43.52515533395649
248.45,310.40326957374,-724.3620878046663,-43.509425391953755
248.49,310.0860580692831,-724.0679094305511,-43.473654574960676
248.58,309.7136335195122,-723.710381320183,-43.43024566899061
248.62,309.39303227913325,-723.3939175722944,-43.390990800979694
248.666,308.92412310304763,-722.9105197960884,-43.32867559582638
248.812,308.7085514341324,-722.6760085321201,-43.29750562281902
248.853,308.3791850094744,-722.3162627930793,-43.24796553812024
248.896,307.97421055284957,-721.8766133369265,-43.18355015847794
248.988,307.6957335259869,-721.5832988727694,-43.13648885353729
249.031,307.3960504653864,-721.2771224795082,-43.08178295738156
249.075,307.05286631700517,-720.935260958038,-43.01549428565937
249.169,306.7504822032738,-720.6486168981712,-42.95684880244926
249.31,306.3439941724439,-720.2903631455904,-42.88051886529627
249.35,306.0121620716144,-720.0191368366058,-42.82041361415742
249.391,305.68231544853506,-719.7478449601335,-42.75828536080974
249.431,305.2642465117251,-719.4016465238943,-42.674476268619514
249.522,304.8993960789089,-719.1087385822213,-42.59869878417709
249.614,304.4728342105343,-718.7865242736526,-42.510816442066414
249.658,304.0933300996889,-718.5312880903424,-42.43933638128084
249.698,303.49393681487254,-718.1688288664614,-42.33828491252041
249.787,302.9987057888934,-717.8895936115418,-42.26098686710492
249.877,302.81171899669926,-717.7879653215815,-42.23259614918595
249.917,302.1769091101896,-717.4542912445665,-42.13723859934049
249.962,301.88665208847533,-717.3135180443452,-42.096384777098535
250.108,301.4604421227662,-717.1173024807565,-42.04086384150088
250.15,300.8749352548085,-716.8752237008001,-41.97641505635431
250.241,300.4395738923191,-716.7157103286585,-41.93569402643675
250.281,299.8849503761476,-716.526122127395,-41.885561380821
250.327,299.1811902100504,-716.3079538502242,-41.823155990982514
250.373,298.8783274803347,-716.2276509151197,-41.79941310435072
250.468,298.43505171994,-716.1322029275441,-41.771311518287064
250.567,297.7006208732555,-716.0097463038084,-41.7336562930127
250.608,297.4040747485841,-715.97293303277,-41.721709836640684
250.649,296.88123540018773,-715.9275005377485,-41.70689710276275
250.694,296.25612416243155,-715.8816351885953,-41.6902448216191
250.795,295.96613421311764,-715.8640638969815,-41.68208285969109
250.899,295.44746720493197,-715.8416020958234,-41.666231877789016
250.941,294.832401381553,-715.8232173986341,-41.64006489866017
251.042,294.45320183983983,-715.816032246204,-41.61953953321927
251.103,294.0513554650041,-715.8161281836424,-41.59513858924109
251.143,293.29973803438895,-715.8381384315886,-41.54085614989992
251.231,293.01790149427563,-715.8642160601543,-41.520796078009425
251.32,292.62996753126555,-715.917351185774,-41.49428350515342
251.36,291.9045028947977,-716.0626869846604,-41.449010693184135
251.401,291.64926052934254,-716.1255704462777,-41.43449270523479
251.499,291.01647311796216,-716.2798466084078,-41.397840666252904
251.539,290.8307658708733,-716.319247950954,-41.386761437613046
251.672,290.4357605087662,-716.3974583692564,-41.363348151569966
251.711,289.89148120785455,-716.5025600885626,-41.332316885718456
251.75,289.594994553259,-716.5600933099828,-41.31604036389285
251.84,289.21569792423486,-716.6356709495615,-41.29662394940806
251.879,289.1002579348567,-716.6588004426981,-41.29085943169707
251.965,288.74368038492474,-716.7309455565146,-41.27295122380707
252.01,288.39189187515075,-716.8043503530872,-41.254270297987375
252.147,288.19124691658277,-716.8474503446652,-41.24282038150386
252.185,287.9995416116644,-716.8906970255898,-41.23154322104898
252.223,287.79336812128975,-716.9374406799201,-41.21894232257745
252.316,287.60691846959173,-716.9792639453502,-41.20788613098506
252.361,287.3791360935603,-717.0370731527964,-41.19599070563862
252.448,287.1411572610582,-717.0949524362552,-41.18418931421385
252.533,286.912461016063,-717.1476606190693,-41.17337359080855
252.617,286.6467482092484,-717.2059738100083,-41.161494532237384
252.653,286.3846090761752,-717.2604170298808,-41.15020954902326
252.69,286.13638846742083,-717.3092234440354,-41.140257369033066
252.785,285.8465744406994,-717.3628198921461,-41.12981074459094
252.83,285.5008652799238,-717.4213857460661,-41.1195086911375
252.923,285.1880770406592,-717.4698845252985,-41.11216286805015
252.964,284.9547701018922,-717.503538518079,-41.10786281787526
253.003,284.6310696047701,-717.5542041524516,-41.10435319756411
253.155,284.2266464265472,-717.627243219456,-41.10352270970202
253.194,284.02858027322384,-717.6660530175336,-41.10421592318599
253.284,283.61858634291616,-717.7556283098768,-41.107883653906356
253.323,283.2138993429546,-717.858299269768,-41.115273565817944
253.411,282.91891030969003,-717.9412578572787,-41.122500438099564
253.576,282.50079606798863,-718.0689138399422,-41.134564471971714
253.617,282.3678825729467,-718.1106845946399,-41.13820243358825
253.657,281.8810162613348,-718.2704353648318,-41.1505395976811
253.697,281.47425073874734,-718.4181954075789,-41.15812558134843
253.737,281.34933094261186,-718.466840964504,-41.16000351760613
253.78,280.8833861616616,-718.6673869546196,-41.16651716630048
253.921,280.5689468555777,-718.8218122179974,-41.17108720850723
253.962,280.3428176587588,-718.9421450928194,-41.17454814315985
254.002,279.97389589814463,-719.1527917141423,-41.179950003238076
254.093,279.8144891933572,-719.2506468129875,-41.1825439728579
254.14,279.37834218447097,-719.5423515111205,-41.191108746238115
254.28,279.1373575265858,-719.7187837489566,-41.19645375139942
254.323,278.8296218079066,-719.9633957953071,-41.203571532225965
254.368,278.5714112945334,-720.185909751008,-41.20936950303562
254.412,278.39350962019586,-720.3510815444567,-41.21413334200628
254.558,278.1280963580936,-720.621289297594,-41.22344962127963
254.597,277.88579721459405,-720.8976232821299,-41.23500489023985
254.638,277.7694593326331,-721.0435276730058,-41.242647064540904
254.734,277.55423965515786,-721.341441201071,-41.261354417135124
254.777,277.3650035536609,-721.6361058795006,-41.28235256552392
254.82,277.2238485511508,-721.87618961755,-41.29989510041611
254.918,277.1121391141288,-722.0857912650324,-41.31597345454156
254.961,276.99866406645987,-722.3421701496047,-41.339171023843505
255.003,276.90703170391816,-722.6153450574876,-41.369147891495345
255.166,276.8478225751699,-722.8745901138939,-41.40282343135206
255.222,276.8148157224587,-723.1660308170697,-41.44854221989789
255.263,276.81130078938025,-723.4261644782466,-41.49584270198247
255.304,276.8222755380883,-723.6362187027586,-41.5373229498793
255.398,276.85195185433514,-723.9469937088359,-41.60102683346378
255.44,276.88297868169013,-724.1820865372755,-41.64971231237149
255.534,276.923450132518,-724.4413900954977,-41.701270366932846
255.575,276.97794974080347,-724.7485717538649,-41.755316903296574
255.669,277.01729278044195,-724.9432061243355,-41.78499523798342
255.714,277.08806694575384,-725.2500253063304,-41.82422822556899
255.759,277.143803014643,-725.4695631153211,-41.846898135367496
255.854,277.2236014124063,-725.7576473458448,-41.87103530552412
255.898,277.28713536139526,-725.9670301216169,-41.88467330920321
256.045,277.41545842673696,-726.2756500861018,-41.906413200814825
256.086,277.5460914259184,-726.5088908048265,-41.927499030470955
256.128,277.7044750631799,-726.7517961082923,-41.954988796361306
256.237,277.85212619815417,-726.9569641708337,-41.98269870834392
256.408,278.0888886411383,-727.250523349331,-42.02703156233429
256.448,278.26103284225564,-727.4401265850232,-42.05767192239466
256.487,278.5272667542414,-727.703598102066,-42.10180811831856
256.773,278.790095561885,-727.9346189091127,-42.14179279934791
256.816,278.8835164301117,-728.0108206122235,-42.155544831613156
256.859,279.32117705526616,-728.3410571765189,-42.216711917179055
256.899,279.563742410705,-728.5053167500222,-42.24778314219819
256.941,279.85631089635945,-728.6831754220939,-42.282359413610294
256.98,280.14322174200356,-728.8376200287576,-42.31481815306171
257.019,280.4732419926545,-728.9929648104754,-42.35132468078706
257.058,280.8033332362658,-729.1294837448692,-42.38741821987611
257.099,281.27323942979785,-729.3241291530926,-42.4395091562769
257.14,281.4779630038843,-729.4098139892833,-42.46255337908599
257.18,281.8968996884072,-729.5918234506205,-42.51232443193564
257.22,282.27893316970403,-729.7612911574864,-42.56066925885125
257.26,282.55488583552375,-729.8833458960316,-42.597089489394335
257.301,283.01165681172466,-730.0839764995717,-42.65832684103674
257.446,283.40837511893085,-730.254689972614,-42.70964372998901
257.512,283.68498648770714,-730.3719932344424,-42.743483163216155
257.619,284.070399918775,-730.5348116547939,-42.787572137942135
257.656,284.28513321150854,-730.626106300334,-42.8116104301148
257.703,284.826068701206,-730.8544041489166,-42.87414333474453
257.746,285.20855435539977,-731.015523538654,-42.923026889761616
257.791,285.55778631068483,-731.1631900247527,-42.97002450085262
257.927,285.98708790736447,-731.3449728663869,-43.028106190562994
257.966,286.2071052925399,-731.4380851653322,-43.05641872133822
258.006,286.76389543029575,-731.6729108502698,-43.12293399634427
258.054,287.1768664820878,-731.8466337158858,-43.169077049383674
258.145,287.5046166498396,-731.9839701880131,-43.20518203906482
258.234,287.87862825853233,-732.1404564471151,-43.24806389492889
258.273,288.3200476468634,-732.3236482062737,-43.30195451128367
258.407,288.8060120317743,-732.5229122537826,-43.367177584607134
258.447,288.88678474046725,-732.555995959942,-43.37845761070682
258.488,289.5412289998092,-732.8236778280017,-43.472383991325614
258.562,289.94788702063937,-732.9904772439226,-43.5321299548645
258.601,290.33053749995725,-733.1464096621513,-43.58920754779393
258.692,290.67745762946174,-733.286539131348,-43.6413610153748
258.832,291.1505478953832,-733.4781311544082,-43.71227928600217
258.869,291.49566480891065,-733.6168118799981,-43.76167151935522
258.911,291.83304882862274,-733.7536021538389,-43.810818490987
259.002,292.3240680109926,-733.9511531667385,-43.905364180007666
259.086,292.6532268452627,-734.0734773900087,-43.96450978657509
259.136,293.0053563207119,-734.1940012337554,-44.019191071129114
259.174,293.4118971606389,-734.3239844046353,-44.070773647896885
259.309,293.78846722860476,-734.4391462526485,-44.10784324446632
259.346,294.17422795168545,-734.5576788132695,-44.13358177202491
259.436,294.5614820062477,-734.6820247410873,-44.14821037401737
259.475,294.95337821991313,-734.827070844368,-44.17176949185313
259.514,295.2084873302226,-734.9242098496152,-44.18440287932947
259.601,295.5869645445221,-735.0590422857167,-44.201054055671364
259.641,296.02695367821593,-735.205932441108,-44.213098667002896
259.728,296.3954619647258,-735.3229878459566,-44.21853012746294
259.813,296.74164846631254,-735.4300834615042,-44.22031487408867
259.85,297.1033193751701,-735.5433211263716,-44.220812936318396
259.936,297.63528741544013,-735.7190187428749,-44.22275669048463
259.974,297.9988976367478,-735.849069370128,-44.2306136194278
260.061,298.38022788878163,-735.9874427831865,-44.249234989719355
260.151,298.83791003782744,-736.1522975488717,-44.28675947021054
260.19,299.2242154198051,-736.2879978200549,-44.3302011353656
260.277,299.69811601197136,-736.4516846032864,-44.395847443244236
260.316,300.21950581446663,-736.6297321648193,-44.47870407878088
260.406,300.4357714328088,-736.7028626061294,-44.515023927211644
260.446,300.96897636456276,-736.8800869546931,-44.60801703333084
260.531,301.2830517268235,-736.9854990992555,-44.666164186034166
260.62,301.7617195581345,-737.1451806163461,-44.754299482912586
260.657,302.1616311088452,-737.2776885062593,-44.825306771612475
260.701,302.3929408746716,-737.3535259623401,-44.86446239593539
260.834,302.84706973433657,-737.5010496219925,-44.93680251780893
260.873,303.24280774740777,-737.6305697473094,-44.997583557457745
260.918,303.47253397980404,-737.7058629334749,-45.03268503400352
261.052,303.92990076453736,-737.8559754703709,-45.10181458371113
261.091,304.3337697255301,-737.9887771248265,-45.158521905342184
261.177,304.7126990479542,-738.1116091822969,-45.20662355097835
261.216,305.05332085901756,-738.2219855299041,-45.24588267939424
261.256,305.49116259499766,-738.3647758631114,-45.29169390666806
261.348,305.88395851020744,-738.4913592862093,-45.330400891344766
261.444,306.30610801654734,-738.6279568556611,-45.37258495545177
261.482,306.63294538430694,-738.7326701390643,-45.40673535756588
261.571,307.05020954510894,-738.8669606291575,-45.450919570106805
261.66,307.4684966109429,-739.0001020110186,-45.49568365037561
261.699,307.9164636484314,-739.139843038563,-45.54480416253955
261.737,308.2334133509602,-739.2384769613296,-45.57876818976018
261.776,308.56438474707,-739.3410362574708,-45.61289144986381
261.923,309.0256122514573,-739.4853302077973,-45.65763760139197
261.96,309.3438014332445,-739.5843874434642,-45.68701981413449
261.998,309.74481268634906,-739.7085830253305,-45.72189514695452
262.096,310.1743471824895,-739.8422579419408,-45.754950857902315
262.174,310.5614234106172,-739.9628899900652,-45.78140276544838
262.276,310.913462532313,-740.0728921103529,-45.803428671741585
262.316,311.3628288976484,-740.2129320663493,-45.82849555106344
262.403,311.77165971809285,-740.340698129335,-45.85002248250032
262.445,312.21678637972184,-740.480319593342,-45.87235998995493
262.488,312.7305247285301,-740.6405557951091,-45.89836956781812
262.575,313.03144052424614,-740.7335852409361,-45.914369749054686
262.615,313.4987276861835,-740.8770349052785,-45.941823662447064
262.661,313.9878512060047,-741.0258247145837,-45.97486976250781
262.749,314.32856526798764,-741.1283785867163,-46.000420328887685
262.883,314.79929826793654,-741.2678747800835,-46.04003481424115
262.922,315.28620001395757,-741.4113020474693,-46.09039195235084
262.96,315.63075857335105,-741.511890189731,-46.132327639719904
263.094,316.1100863620148,-741.6502654574797,-46.19873108090974
263.132,316.60521763138263,-741.7903560494707,-46.27426953034842
263.179,316.97742892627946,-741.8945916834818,-46.33080380567918
263.315,317.3606765079105,-742.0008085193415,-46.385821110837526
263.355,317.89238273939463,-742.1463071490806,-46.45706800706898
263.395,318.23851887774094,-742.242093735759,-46.50341868390757
263.482,318.6686368062074,-742.3607045317106,-46.56074252192809
263.519,319.00538726395865,-742.4531410674442,-46.60562639063892
263.604,319.44660649711943,-742.5731540783252,-46.66324415366853
263.688,319.875694183198,-742.6890310639119,-46.7143819010268
263.736,320.29416332123463,-742.8023866912481,-46.75763512906218
263.822,320.6929745565233,-742.9111235857497,-46.7926524841385
263.86,321.0691272030888,-743.0138626582443,-46.821031865538544
263.945,321.5990956544618,-743.1573251687523,-46.85446945266477
263.986,321.95383186188394,-743.2520778581625,-46.87320965250359
264.118,322.3415590367079,-743.3547998962255,-46.890667165183686
264.156,322.7505268551996,-743.4627657565991,-46.90613706373216
264.241,323.33042601307886,-743.616365836335,-46.923512535689326
264.278,323.8129451861547,-743.7433476442648,-46.93550299293457
264.317,324.30872752176924,-743.8730042138391,-46.94689401143677
264.408,324.67992015002915,-743.9691949855178,-46.95408197611704
264.453,325.07592747519743,-744.070176202269,-46.96033397706702
264.537,325.4229565760837,-744.1587645304222,-46.96399477748122
264.579,326.034805309376,-744.3154875805652,-46.96592682007628
264.71,326.43203156396373,-744.4173387808409,-46.96503894535971
264.747,326.92676255681835,-744.5437071894995,-46.963217283987035
264.831,327.39211487292675,-744.6619160148359,-46.96000990421936
264.868,327.80361976737595,-744.7665733027487,-46.95540492057461
264.953,328.32585855800244,-744.9000298204055,-46.94794555377348
265.001,328.80575056112434,-745.0226938037734,-46.941561423366295
265.125,329.22381116368,-745.1289687998692,-46.93556307926798
265.162,329.7621778656769,-745.2652369461916,-46.92808008986049
265.247,330.26525567616915,-745.3920373251136,-46.921124215722955
265.287,330.6981659800181,-745.4995160741116,-46.91489873207354
265.328,331.24703779000845,-745.6358844622034,-46.90872008615139
265.462,331.7578603748558,-745.7608703206436,-46.90691540431487
265.5,332.1935369302498,-745.8651147422944,-46.90734505204472
265.54,332.7439566682176,-745.993588546809,-46.91064665707074
265.673,333.25615820584017,-746.1108104572654,-46.915908185747696
265.711,333.70305905582075,-746.210267262436,-46.92122482688427
265.75,334.2680598784558,-746.3340395504437,-46.93023896459755
265.887,334.8975499832855,-746.4704646977256,-46.942061056125056
265.925,335.244300191182,-746.5446581648695,-46.949515881361606
265.964,335.98929490740784,-746.7035044089575,-46.96798025761615
266.061,336.4634116518373,-746.804693556286,-46.9809985888337
266.072,336.8125589149852,-746.8797142801722,-46.992428943485436
266.131,337.4510270607693,-747.0159734000084,-47.01657499552073
266.203,338.00596679564063,-747.132373010664,-47.03421343654139
266.256,338.473529848888,-747.2300113242666,-47.04627953494247
266.328,339.0254429389008,-747.346775727717,-47.058933882562826
266.46,339.5495014113271,-747.4580674047425,-47.06836621239978
266.512,339.90679199087174,-747.5340042439334,-47.07391330303881
266.549,340.60779249777534,-747.680744386792,-47.0806541202565
266.621,341.02393192817124,-747.7668851846754,-47.08037185556765
266.675,341.5981972040672,-747.8850495529788,-47.0780232356762
266.767,342.1938713413257,-748.0059840785607,-47.07511880703578
266.818,342.66588062250923,-748.1001280579276,-47.07354613183628
266.934,343.278859226776,-748.2177146314665,-47.076221412155974
266.991,343.8956598373254,-748.3321618135923,-47.085529306640524
267.063,344.4948438989495,-748.4386112155382,-47.10196424941671
267.14,344.8997031819957,-748.5083830882242,-47.11650007122273
267.197,345.6307021672212,-748.6319466381849,-47.147569275821354
267.253,346.20891274264795,-748.7267761041142,-47.17748487460926
267.31,346.6914336363385,-748.804224463121,-47.20428473248336
267.402,347.2799501287468,-748.8960559982727,-47.236775986589464
267.454,347.8329478254893,-748.980350874682,-47.26279179275451
267.566,348.3003496609098,-749.0493376352065,-47.27839179322399
267.617,349.10578361819313,-749.166994601607,-47.28609354794759
267.668,349.4352258657601,-749.2171249088788,-47.28246412073355
267.764,349.8045120874817,-749.2751500683967,-47.27452316593843
267.815,350.69825142512707,-749.419911018812,-47.244263637789345
267.855,351.1015111939927,-749.485537557624,-47.22692820802871
267.968,351.5091239800847,-749.5513756273909,-47.20711755438373
268.039,352.3327489290432,-749.6840217457715,-47.16644163149897
268.09,352.87660145880517,-749.7703947651303,-47.144030928563836
268.142,353.4121587421562,-749.8531540554601,-47.12607296186343
268.274,354.1977919044778,-749.970827183714,-47.10603648419794
268.285,354.558249112306,-750.0229680166722,-47.09862015644711
268.316,355.2047388053254,-750.1131063848501,-47.08743700112933
268.373,355.98160187183174,-750.2153702370391,-47.07661264197384
268.505,356.33974835266645,-750.2605153693509,-47.071211592091004
268.516,357.0815131979639,-750.3509526998197,-47.05708015502836
268.628,357.7312888214219,-750.430158750354,-47.04119830106458
268.679,358.10115139253776,-750.4746107176854,-47.03023343887145
268.772,358.5064154428192,-750.5226569363219,-47.01653214313359
268.823,359.236972495809,-750.6121986441293,-46.98695405034539
268.861,359.8873792111438,-750.692892419837,-46.955423793906675
268.973,360.42940368399,-750.7601685389167,-46.92579987299439
269.009,361.05073199269816,-750.8383156717738,-46.88962511322427
269.081,361.69597354104417,-750.9213165636936,-46.85257065567157
269.173,362.2540554957475,-750.9935688914871,-46.82015690221715
269.226,362.99856514505115,-751.0864145574878,-46.778030756524345
269.327,363.5468103711488,-751.1519093485385,-46.74733914572636
269.358,364.11449965805116,-751.2177551831785,-46.71558098078776
269.409,365.1657548513206,-751.3315313765479,-46.66209795887295
269.45,365.4330683322456,-751.358827329317,-46.65037443960745
269.521,366.0229979752848,-751.4170687631773,-46.628769991826516
269.654,367.0987542032217,-751.5154311091046,-46.602803385714935
269.687,367.5098475274648,-751.550045392349,-46.59694360605556
269.819,368.09936291420706,-751.5984483776871,-46.59299813037552
269.835,368.79886351688674,-751.6571133488353,-46.597045668421
269.886,369.5082827922449,-751.7162758944731,-46.61148153647201
269.926,370.09507116727923,-751.7648481547913,-46.629421151242695
270.074,370.97095677503586,-751.8369811636809,-46.66254792052143
270.126,371.3778262975515,-751.8704905160533,-46.67828248206712
270.163,372.4503976215186,-751.9573269905495,-46.71772379390808
270.263,372.8375060737165,-751.9870394817206,-46.72858454666425
270.315,373.6543415863349,-752.0486473343674,-46.741352508123384
270.366,374.02741341123186,-752.0764733819555,-46.74142045218019
270.444,374.8707404365856,-752.1381533811261,-46.72660173673074
270.496,375.2611739061499,-752.165194803639,-46.71550449156081
270.59,376.09728937221325,-752.2163821286842,-46.681671182139496
270.647,377.0395669611805,-752.2697365014443,-46.63302145553905
270.681,377.3179441894904,-752.2865161207598,-46.61855109525658
270.814,377.93716981631974,-752.3262069331464,-46.587823507444
270.849,378.7748829402229,-752.3790668494605,-46.552750642583646
270.906,379.3887579781119,-752.4173039801954,-46.53332474805171
271.019,380.5149735932855,-752.4826978986754,-46.51105988322047
271.029,381.14975103345387,-752.5189734657655,-46.50565027469543
271.131,381.5549683314795,-752.5429403887929,-46.50389319506672
271.188,382.4905725875737,-752.5951166512859,-46.496172492007474
271.24,383.1138063157341,-752.6265254535825,-46.483302777817414
271.335,383.5269369430267,-752.6474974262561,-46.46959156682448
271.392,384.4774155796258,-752.698414947388,-46.426230648059004
271.493,385.10757543616995,-752.7273485396422,-46.38924425844567
271.503,385.85750313503377,-752.7595412981715,-46.33990555699495
271.615,386.1384775086739,-752.7710195319993,-46.321112401238224
271.652,387.36883140435236,-752.820612650392,-46.24296182240323
271.744,387.87137119248166,-752.8423298394908,-46.21711445978701
271.777,388.31105061570435,-752.862239702922,-46.199000836274536
271.832,389.3029983623102,-752.9018003288464,-46.171974773565864
271.985,390.0936463518784,-752.9297110879991,-46.158420582705446
272.016,390.5312590670412,-752.9440742423856,-46.15296075624184
272.067,391.1703503147735,-752.9634875308949,-46.14624867733386
272.179,392.22434317516854,-752.98940706333,-46.129982963157886
272.21,392.6516049079169,-752.9988023978484,-46.116954838558115
272.251,393.53064979202986,-753.0173067975876,-46.07324037439918
272.373,394.2768378212504,-753.0259743667627,-46.0197134422707
272.411,394.5579254127799,-753.0272638394573,-45.99617321313934
272.462,395.5378739163475,-753.0287637492132,-45.90518081228117
272.554,396.3260014055146,-753.0338105361546,-45.83089943618921
272.647,396.77816396598,-753.0398546080863,-45.7888247519835
272.719,397.76367054425793,-753.0702596358793,-45.70876590321626
272.749,398.5867616653785,-753.1066079626676,-45.66689476939666
272.805,399.35156031494535,-753.1402918655349,-45.648686189087584
272.906,400.0555173774941,-753.1696068179953,-45.64611932738774
272.962,400.8770650264344,-753.1979829970217,-45.65622185655292
273.018,401.33290804970983,-753.2110037178846,-45.667288323063474
273.11,402.452779783486,-753.237102263338,-45.70703677431226
273.161,403.0921927041867,-753.2481772287341,-45.73210714695176
273.233,403.5269984363423,-753.2540459529882,-45.74861858741701
273.284,404.3750747784225,-753.2620133182188,-45.776627603405814
273.401,404.9686969019315,-753.2653163122471,-45.78902633811646
273.458,405.7519072741027,-753.2655078035388,-45.793893634568064
273.51,406.69420105110385,-753.2626739956223,-45.77803042804419
273.602,407.4732618404971,-753.2594256913538,-45.74452247879691
273.638,407.763442430672,-753.2580300361392,-45.72774641152188
273.75,408.5945163415597,-753.2522883552837,-45.666566692732715
273.761,409.18703719096584,-753.2492203925992,-45.61513007221498
273.832,409.9788355488842,-753.249916302228,-45.55125792851442
273.904,411.20510612170574,-753.2533483152064,-45.47964340439552
274.022,411.5384816672745,-753.2538357284363,-45.470929691764866
274.094,412.42595932640256,-753.2576059392402,-45.47554589761262
274.145,413.3745146245887,-753.2533805106788,-45.524656044563756
274.202,413.8586685189737,-753.2530333367383,-45.56345144743938
274.253,415.06965951525353,-753.2525965299677,-45.69790766591956
274.304,415.6445677708665,-753.2560627736223,-45.78184921070829
274.396,416.4100750270095,-753.2552278510651,-45.893607941486664
274.488,416.8226711751607,-753.2569434476633,-45.94944211659839
274.528,417.64927365134406,-753.261057458537,-46.04648887115667
274.58,418.40390476222353,-753.2640043234096,-46.11514005772267
274.674,418.8319969945661,-753.2657382104519,-46.14580782495773
274.73,419.7400805990304,-753.2693125618543,-46.189420233493365
274.786,420.64661800430986,-753.272721805357,-46.205271054476555
274.887,421.27885770819876,-753.2749932391743,-46.1996733166518
274.943,421.6950222455066,-753.2764365197671,-46.188723579061445
274.994,422.7290676145299,-753.2798286730383,-46.13607207490395
275.089,423.3656722923439,-753.2817685820853,-46.08534710248534
275.16,423.92630999806204,-753.2833762083088,-46.02960124657977
275.214,424.6737998084027,-753.2815381175693,-45.94154972908473
275.271,425.0989093554913,-753.2751354542128,-45.88737742035153
275.383,426.0951325979097,-753.2614596956022,-45.75697373478823
275.434,426.9265438075578,-753.252581386284,-45.64971780058136
275.471,427.6642808661153,-753.247144448675,-45.55431237036669
275.528,428.30957762064713,-753.246983500097,-45.4698581887597
275.641,429.17535966998787,-753.26798499628,-45.36421536040223
275.651,430.01619604661465,-753.3245552243702,-45.287611355519914
275.765,430.65570173625815,-753.3714136300185,-45.244686873446085
275.883,431.11519823693504,-753.4047276215032,-45.220359294708146
275.957,432.2464254806507,-753.4813219799166,-45.1837139411835
275.991,432.92361840988974,-753.5253441138951,-45.17594554115914
276.013,433.74235953147956,-753.5761435724282,-45.17862292741012
276.084,434.51001504270164,-753.621577365884,-45.18866456144224
276.205,435.18351269135127,-753.6593351482367,-45.200899314859896
276.215,436.0072197525973,-753.7046592331924,-45.217731538712144
276.327,436.8157850212866,-753.7467838227516,-45.233859735462374
276.338,437.449645633208,-753.7780636584955,-45.245169957378096
276.439,438.27184557496594,-753.8152920924962,-45.25618641803317
276.49,439.13755305461996,-753.8515645996102,-45.26052073537642
276.55,439.73076680630516,-753.8749126575286,-45.258401167895386
276.663,440.5573078042602,-753.9060745428777,-45.24905470974312
276.715,441.4248558865484,-753.9370271401626,-45.23222821220122
276.753,442.2056913380869,-753.964471739772,-45.21364627903694
276.805,442.89014204582406,-753.9873741061932,-45.1966330099213
276.917,443.36259390638384,-754.0019757485949,-45.184979836839204
276.948,444.59355527771663,-754.0378062631285,-45.15672231632914
277.024,445.2989286753741,-754.0572387820027,-45.14493725813452
277.157,445.77485257271644,-754.0700879369059,-45.139301800330884
277.194,446.89063910641005,-754.0983328395388,-45.13160554837651
277.245,447.6101971584678,-754.1129943875338,-45.128581547919566
277.276,448.1011695040737,-754.1221856023976,-45.12644529050556
277.408,449.12736666869796,-754.1402643830255,-45.1197491633701
277.439,449.60788894770104,-754.1478335681945,-45.11383465005008
277.579,450.85478501505156,-754.1635397121706,-45.08948522197346
277.589,451.50250117865244,-754.1718002557853,-45.07286227396048
277.681,451.98043519323267,-754.1766575986916,-45.05959117047615
277.732,453.4064599223412,-754.1832785052129,-45.016102531859474
277.77,453.95240274481637,-754.183152726432,-44.99960462366022
277.828,454.8569731988806,-754.1786342347216,-44.973672878612376
277.98,455.6750562349242,-754.1709756614317,-44.95067641171062
278.02,456.4125121832145,-754.1614460706079,-44.929266863286614
278.071,457.3232179729715,-754.1471642565851,-44.89997532564007
278.153,457.93508488250546,-754.135022401541,-44.87532573047753
278.204,458.8498561250916,-754.1155851784783,-44.82698553269017
278.3,459.7364527848059,-754.0929776315643,-44.76324467610556
278.31,460.6507426971095,-754.0705348696837,-44.682888919250786
278.443,461.3544406144093,-754.05490861557,-44.618687030648175
278.502,462.1179392558706,-754.0401530175316,-44.55099516931517
278.535,463.0537536785869,-754.0251694479522,-44.4734932099513
278.627,463.9345270211357,-754.0102276299974,-44.41347749246728
278.659,464.6881951365495,-753.9948683958777,-44.37430942783584
278.711,465.64874801980403,-753.9780226085295,-44.34084478983425
278.806,466.3617008691451,-753.9659198657398,-44.32709199078624
278.877,466.8853805360249,-753.9547973591372,-44.32095462281313
278.969,467.9893340252838,-753.9212276009935,-44.30755052561119
278.985,468.9465664315909,-753.8886863786971,-44.28985855461576
279.077,469.6785979806356,-753.8647777568847,-44.27119847199759
279.128,470.1710771021511,-753.8479871444771,-44.254902002143695
279.223,471.3003776782856,-753.7985589029888,-44.19779899480619
279.258,472.0452065831049,-753.7611446794725,-44.14777998119803
279.349,473.07533946790204,-753.6980214873288,-44.065183824089786
279.451,473.3099772796603,-753.6815154250984,-44.04457734596343
279.502,474.6089883270054,-753.5796665600249,-43.91907890919225
279.54,475.46793919712445,-753.5151183819598,-43.832831991762646
279.641,476.29721769779366,-753.4599828381386,-43.75047913616106
279.676,477.42800672595854,-753.3877273732948,-43.63930690130093
279.776,478.4116029256877,-753.3400174062753,-43.554138636397795
279.807,478.9597494444147,-753.3257101617295,-43.51779277414977
279.868,479.9244006757693,-753.3103415243123,-43.470321017981746
279.939,481.07134353894605,-753.3026888357941,-43.43412010511901
280.031,481.6249734369601,-753.2998623559108,-43.423049762959465
280.143,482.5771721554278,-753.2883986219167,-43.40424406810297
280.197,482.9161861421152,-753.2838782783168,-43.39665121661068
280.208,484.06128720650867,-753.2706862672609,-43.3637037348102
280.341,485.15587027234005,-753.2559939553063,-43.31584323067898
280.379,486.10882346715846,-753.2348550500843,-43.25498088060692
280.431,486.8310540455383,-753.2193896374413,-43.195149346578205
280.502,487.5875287102225,-753.2035777121041,-43.11961064205991
280.537,488.54412793758127,-753.1763124631497,-43.009854517640804
280.672,489.3339814683644,-753.1435300144809,-42.91011248831444
280.723,490.09175866407054,-753.1040699912455,-42.80781763444833
280.795,491.1058842837458,-753.0553161890443,-42.66086932597
280.807,491.81111426475087,-753.035611505131,-42.558477273008805
280.909,492.8173284362899,-753.0177270923455,-42.41721591503892
280.988,493.88512470546544,-753.0269817426955,-42.28072434263004
281.023,494.68402316014533,-753.0548666273139,-42.19891261152122
281.101,495.5400664182392,-753.0857133295505,-42.13406201356764
281.153,496.58347182341015,-753.1186809562428,-42.08428773359901
281.265,497.36185357763804,-753.1366663895211,-42.06738610993591
281.295,498.3439407361284,-753.1533330593616,-42.06607942275758
281.387,499.361480920074,-753.1630385755292,-42.07740174907951
281.459,500.1299305032824,-753.1682032009462,-42.08854590723456
281.54,500.9201516268154,-753.1715539213731,-42.09713233535069
281.573,501.59937495442955,-753.1736702814278,-42.098636582170684
281.674,502.793780660197,-753.1739099213519,-42.07985721661339
281.709,503.5569384601383,-753.1744012395068,-42.05138336788815
281.801,504.4895167543582,-753.1750331361833,-41.99974872212164
281.901,505.3930539483898,-753.1756818359165,-41.93200291065551
281.911,506.18611188548266,-753.1762835290912,-41.8577075406011
282.003,507.15722037994374,-753.1770651660883,-41.748383685415945
282.095,508.05552101050785,-753.1778357485401,-41.629400032435285
282.128,509.02106246924126,-753.1787186508179,-41.48178517875692
282.185,509.7922404434514,-753.1794672776512,-41.349432848297454
282.256,510.54982796806433,-753.1815032192802,-41.20826286861001
282.353,511.3602702406836,-753.2093580003169,-41.08572363763568
282.388,512.3754112867138,-753.2339433482775,-40.99061504509962
282.501,513.3700245528705,-753.2295359602517,-40.905508499246025
282.535,514.22506593647,-753.2052934411785,-40.831609211857256
282.636,515.4632971252478,-753.0745979895562,-40.776765745930106
282.687,516.1825360245625,-752.9887525640503,-40.770885118025944
282.739,517.1359953879473,-752.8615248512408,-40.7634921177758
282.839,518.0729256909474,-752.7361990893315,-40.74921644264958
282.89,518.8094377568624,-752.645329921174,-40.73531778573965
282.982,519.5807653141951,-752.5440447396277,-40.71692258198186
283.02,520.4693764795938,-752.423497351603,-40.69576730272752
283.091,521.3739917657599,-752.3078107247802,-40.68105563969306
283.143,521.965956934157,-752.2288419677952,-40.67565197892765
283.214,523.2229604273995,-752.0505860221873,-40.67765905551465
283.306,523.9891438536727,-751.9416888509652,-40.68990132714208
283.357,524.6218708916233,-751.8514153784113,-40.70747663730117
283.416,525.7216322591722,-751.6841872663141,-40.7585457448825
283.517,526.6646709481321,-751.5348945044096,-40.821116666595344
283.568,527.6218411839944,-751.3767075688086,-40.89289722293421
283.629,527.805948729582,-751.3456415613797,-40.90724280626529
283.708,529.2789636893493,-751.0905351311841,-41.019985785680376
283.8,530.2077405072246,-750.9231978413503,-41.07530752053498
283.851,531.0095093727962,-750.778139680992,-41.10716987130331
283.889,531.729240201207,-750.6482350867576,-41.123051053039035
283.946,532.673201536973,-750.477847890629,-41.125276238810784
284.038,533.6118492448579,-750.3084032829753,-41.10670422145341
284.071,533.7653811632356,-750.2806858684561,-41.10181500402325
284.205,535.2278918219071,-750.0153927328721,-41.02673121355963
284.262,536.1855240685561,-749.8280865726764,-40.9575487020802
284.313,536.9175612282334,-749.674395595099,-40.896722407244965
284.387,537.7025902276231,-749.5038500645585,-40.82853495078473
284.438,538.2204989652763,-749.3933154738303,-40.7861674385145
284.51,539.4212885146536,-749.1463829220309,-40.711835745222345
284.545,540.4275312668577,-748.9593438205096,-40.68669541406649
284.657,540.7949421156746,-748.8918342170371,-40.68499462660702
284.709,541.5995224790144,-748.7447122058911,-40.69588077567391
284.804,543.1286788767682,-748.4659769362647,-40.75936751582941
284.837,544.1062028111852,-748.2857080915743,-40.81271313044391
284.898,544.839503021213,-748.1498926700033,-40.852717113426195
284.979,545.6379039411202,-748.0016586538674,-40.892655755429814
285.071,546.6058562410201,-747.8241417192171,-40.93090993023333
285.122,547.2925119325425,-747.6981601276867,-40.949474233411195
285.214,548.243655886992,-747.52488657821,-40.96311194967785
285.286,549.2350048443378,-747.3470125641128,-40.96266633596008
285.337,549.9883985186877,-747.2068767968195,-40.95622959443341
285.374,550.7899807342452,-747.0441650316379,-40.94815008308882
285.445,551.6109628924481,-746.8640944224891,-40.9426192919928
285.499,552.7064511627065,-746.6119177257693,-40.94591527258433
285.635,553.4931594093359,-746.4264550565903,-40.95703449585716
285.645,554.4842966335871,-746.1853941139922,-40.9790913608245
285.782,555.2431598905868,-745.9955612956333,-41.00032761220206
285.793,556.0599855817076,-745.7910292424899,-41.02539465304034
285.884,557.2302286609986,-745.4946893553129,-41.05973184581546
286.017,557.7473744952431,-745.360927503914,-41.072379247939466
286.053,558.8838834520045,-745.069346887941,-41.09241128235573
286.125,559.5993242829439,-744.8871816203848,-41.09967603002684
286.176,560.4341990078044,-744.6680724063541,-41.103152899172244
286.21,561.3786085468064,-744.4130660044602,-41.09810267334461
286.323,562.3342242918175,-744.1543687765252,-41.07953461035794
286.333,563.0653019245688,-743.9594603268803,-41.056234316688005
286.486,563.8281372362871,-743.7591256909043,-41.021179988734616
286.545,564.6924200622855,-743.532430313959,-40.96697505368621
286.555,565.6894973313445,-743.2717938651468,-40.895412504190915
286.627,566.4849898657313,-743.06003889751,-40.835820467508654
286.681,567.4915117317142,-742.781252160104,-40.76057482966337
286.936,568.4323120771129,-742.5054634484086,-40.69990301507397
286.946,569.2546223942724,-742.2606851782973,-40.66067040033482
286.957,570.2528534571991,-741.9559440556917,-40.633952798085886
541.305,0.04473405702500641,-0.08104215180735401,0.05514459697521465
541.326,0.050047173658682255,-0.08087540125441453,0.056239364539216075
541.449,0.05509325129088232,-0.0807199733879575,0.05659432610139726
541.585,0.05905595254297934,-0.08058051754386049,0.05640617039930822
541.641,0.06166461400855032,-0.08049362160525358,0.05613074973990009
541.651,0.06642895383893661,-0.08033175711525707,0.05544721025526815
541.723,0.07121290877740667,-0.08016704969826982,0.054667502742695745
541.774,0.07396814775104488,-0.08007693741932684,0.05425251918160653
541.866,0.07679330195516082,-0.08000254930360054,0.053927718423779504
541.879,0.0832592341258595,-0.07978764747475274,0.05336663931264809
541.93,0.0861869435383252,-0.0797091028898749,0.05324591657987927
541.969,0.09080167497326763,-0.07958561190966061,0.05319615404532812
542.061,0.09754090229642816,-0.079409951944761,0.053340171940252055
542.137,0.10060137544435288,-0.0793351142604655,0.05344062384034465
542.188,0.10702569269318457,-0.07918638892058774,0.05370751715261115
542.229,0.11180005890806613,-0.07906916333809103,0.053928277253085355
542.382,0.11635863655413121,-0.07896635571799074,0.054123962289035696
542.534,0.12025876295076703,-0.07889644768248115,0.05429681439624401
542.613,0.12885995376417572,-0.07868133140050639,0.054513452016864826
542.623,0.13386048813887422,-0.07858387114730667,0.05460914679678333
542.657,0.13959455107768218,-0.07846145460517406,0.054681043783284464
542.688,0.14672169632035661,-0.07831185575159756,0.05472021568795108
542.739,0.15091072915633083,-0.07822500061808987,0.05472314081100428
542.793,0.1584329926820326,-0.07807373958797639,0.05471572563863053
542.894,0.1646175892203326,-0.07794468880354413,0.054670850450749764
543.067,0.170513139798938,-0.07783697049863485,0.05464022833316198
543.2,0.17692986290979318,-0.07771047189686167,0.05462865319452233
543.21,0.17997239697062187,-0.07766472300970517,0.05463517814646632
543.241,0.18959318067221365,-0.0774763534858875,0.05464723175295258
543.251,0.19644512643661172,-0.07735272280638077,0.05468999866146147
543.343,0.20137693262292444,-0.07728126496881806,0.054744197971534375
543.357,0.21033925337220838,-0.07711253716058944,0.054814946795762556
543.618,0.21743670908532042,-0.07699179163604977,0.05486177983545738
543.628,0.22259994415460505,-0.07692041974270299,0.054926770394420815
543.638,0.2316888224337958,-0.07675017638743781,0.0549849526954799
543.649,0.24099188514940795,-0.07660425450705712,0.055076935843346594
543.684,0.24784263073083296,-0.07648854797315813,0.055119850351663016
543.74,0.253644075931713,-0.07641462033155012,0.055176454683791704
543.795,0.26322831509002864,-0.07627184990088469,0.055285063555612135
543.875,0.27048302701920085,-0.076152851889942,0.05532493031028726
543.955,0.2783890211928866,-0.0760529830472319,0.055381125257863734
544.291,0.2839670156950088,-0.07598822881533941,0.05544790654436395
544.301,0.29053939342579616,-0.0758798178937973,0.055472133652802874
544.332,0.302753755013259,-0.0756988320296895,0.05549208679054213
544.343,0.3087852540736228,-0.07563118612350896,0.0555399575467333
544.354,0.31555987521402973,-0.07552791064017343,0.05556138952515696
544.446,0.3282821239073169,-0.07535073456217338,0.0555956297541878
544.727,0.33445854379317663,-0.07528940102990209,0.055655180884814526
544.737,0.3414670564600153,-0.07519870234087171,0.05570599712123536
544.768,0.3559876932578231,-0.07502776004246133,0.05581128046400083
544.779,0.36017895804328903,-0.07498705287442248,0.055855521282761944
544.789,0.3695409112092314,-0.07487205587657549,0.0559316051427462
544.8,0.3824165566244623,-0.07472036329746867,0.05599876025507128
544.831,0.38907679473174095,-0.07465862552686114,0.056062759461002976
544.891,0.39845481205181754,-0.07455000429837477,0.05612009394724546
544.991,0.4073938798790109,-0.07444939032394113,0.05616189374869529
545.07,0.4220438050000363,-0.074286416502788,0.05623358797362299
545.142,0.431919479754329,-0.07417611181340987,0.056256348611959384
545.365,0.44042375456899296,-0.0740986154466968,0.05630377506719689
545.375,0.445153656029455,-0.07405836695040224,0.05634149506058092
545.386,0.46275947492409847,-0.07386877917041565,0.0564258340046572
545.396,0.4695532718718779,-0.07380741830664174,0.05647475722451145
545.456,0.47677119034326565,-0.07375027432647217,0.056548318870666914
545.513,0.48726028056216497,-0.07364354005612267,0.056620540680117515
545.674,0.502491196559762,-0.07348908994736672,0.05669007256957109
545.685,0.5132291536546361,-0.07338584054805868,0.05675166121891689
545.879,0.5182415401583363,-0.07334673082582809,0.05678515737854564
545.89,0.5323269531191066,-0.07320041014787192,0.05681598063040352
545.9,0.5400610952206593,-0.07315249420559614,0.05686563876063741
545.911,0.5523694355593319,-0.07304614095034236,0.056930126843830225
545.982,0.5687281332094387,-0.07291046162242532,0.057001648379093994
546.043,0.585553889846874,-0.07279984675808335,0.057149725000428364
546.115,0.5989519354047068,-0.07269757241560121,0.057252919445749395
546.227,0.6130292599872005,-0.07262801700104242,0.05739927795754912
546.278,0.6238388926587675,-0.07257764979785061,0.05753744366622848
546.308,0.6486459543321607,-0.07242035912894709,0.057745048413454236
546.383,0.6640833866210014,-0.07235038081137339,0.057858462497579366
546.543,0.6722277488653936,-0.07231912905374968,0.05793071400714134
546.556,0.6899640603993438,-0.07223171108865317,0.058038902087828914
546.634,0.7166332302058995,-0.07211991042525996,0.05817039820516923
546.648,0.7302279964589182,-0.07210230042134148,0.058267583240662835
546.711,0.7459023712651154,-0.07207009532535061,0.05834720769743412
546.787,0.7718472639400678,-0.07202032905862853,0.05844519851578034
546.848,0.7983156268270313,-0.07199085518442629,0.058604843201515266
546.942,0.8201483792020696,-0.07196424554941308,0.05874211110826316
547.054,0.8415768860931669,-0.07194985313793296,0.058913771880758026
547.074,0.8575236364930426,-0.07194733392542443,0.05908578415777427
547.146,0.8765607898651335,-0.07192579127554259,0.059251415297637555
547.221,0.9076477498900204,-0.07191057217796726,0.05951357884895214
547.313,0.9253960000225767,-0.07193768135943002,0.05971043692603906
547.414,0.9511123358663445,-0.07198169176552653,0.059999375405815625
547.425,0.9892303465031502,-0.0720421571093768,0.06039651604757862
547.505,1.0082642820349517,-0.07208262035133364,0.06062898910668435
547.562,1.0368669417141878,-0.07212995836341056,0.06092967107768388
547.735,1.0726368082800903,-0.07219070501451195,0.061258771910109366
547.745,1.0930847830010728,-0.07223602110872837,0.06146868767462549
547.756,1.123645930822185,-0.07229715615917053,0.06176090942635565
547.81,1.1626611684068786,-0.07238135318856456,0.06212038289899091
547.902,1.1846284230745034,-0.07244135354612295,0.062358376520276426
547.953,1.2336530747927956,-0.07255166300658134,0.06284014038657182
548.049,1.2564490164760733,-0.07259769645172709,0.06308890513232468
548.105,1.2800200434952953,-0.072647830966924,0.06338547459529142
548.157,1.3154963892983378,-0.07270145311271985,0.06382714045043603
548.248,1.358603190621647,-0.07276303974232279,0.06434361537568789
548.342,1.3842600867984514,-0.07281301046060848,0.06469042516042245
548.352,1.4207557594051274,-0.07286685119187848,0.065170639804501
548.432,1.4678532383441905,-0.07292276557405743,0.06577098440052809
548.483,1.5150267905965347,-0.07299243799463277,0.06641671680297767
548.601,1.5329889372301366,-0.07302550169437724,0.06667343700940198
548.681,1.5901621207959051,-0.07310972513399537,0.06747331411738611
548.935,1.6369997880532576,-0.07319062128086318,0.0681820407503474
548.945,1.6512644733678261,-0.07322303729544469,0.06839837817492378
548.956,1.7113358858405525,-0.07334005451628962,0.06927274333493472
548.966,1.7644499558158044,-0.0734606641379931,0.07010078726761226
548.977,1.78519088351373,-0.07351488941777165,0.07043051221591301
549.076,1.8295615247386674,-0.0736122551534044,0.07112589987635898
549.133,1.8295615247386674,-0.0736122551534044,0.07112589987635898
549.247,1.9208881271614193,-0.07382342482478736,0.07249347980154475
549.302,1.9656721406783064,-0.07395383568663073,0.07314793940016917
549.461,2.0111899542541902,-0.07410993251964325,0.07387526169865544
549.492,2.059883070543612,-0.0742872395367405,0.07469283901224777
549.502,2.106970718073203,-0.07446557644334564,0.07549120008661392
549.513,2.165799502149424,-0.07470358269363313,0.07657503254907005
549.584,2.205178980288558,-0.07484907054985075,0.0773057499199935
549.676,2.25617688477571,-0.07503581528091004,0.07824201252940599
549.734,2.32029804363801,-0.07527003851972057,0.07943769549361135
549.968,2.361551209941833,-0.07540356503222863,0.08022346409047887
549.978,2.42526919632445,-0.07562230442805917,0.08143260625624937
550.009,2.4781475523504524,-0.07581281695955887,0.08247328776527696
550.02,2.5341407037467487,-0.0760488864807355,0.0836452960734233
550.05,2.5887158874590046,-0.07631311512006711,0.08483984056097404
550.122,2.6431865465229527,-0.07661080954939982,0.08615041769809428
550.177,2.7022574431015842,-0.07693871306917076,0.08763855390194775
550.269,2.7869123429156026,-0.07741403985850664,0.08979241878941813
550.341,2.8299086911486473,-0.07766722350768475,0.09092639633442401
550.395,2.8765584445845827,-0.07791646872472334,0.0921363789884353
550.466,2.9705125632878993,-0.07838421423980678,0.0944919577081591
550.619,3.015448169583588,-0.07858541264466044,0.09566196806405003
550.65,3.0660362821280707,-0.0787573765558856,0.09698918585336602
550.688,3.1433152691031205,-0.07901357787644149,0.09907378691665158
550.719,3.2067761113389928,-0.07923229050936281,0.10090063249801728
550.814,3.2580785382361164,-0.07939581611822755,0.1024274534235381
550.885,3.3399316677989734,-0.07966771527171217,0.10489444847997631
550.916,3.4055129264478534,-0.07995122330900178,0.10698449296768575
550.988,3.490732661584306,-0.08046060748482514,0.10995583432321077
551.161,3.5642633381595985,-0.0809918338504273,0.11271795628247294
551.213,3.615327844574209,-0.08139440419784164,0.1147169020792973
551.223,3.706328661720324,-0.08215109808356862,0.11838974331902907
551.344,3.779323751281333,-0.08275324563761619,0.1213807367725741
551.526,3.852599134427483,-0.08334900814011534,0.12435570422484021
551.536,3.930386593869912,-0.08397119083685205,0.12746272523409408
551.546,4.007741380140101,-0.0845995123599371,0.13046923799715082
551.557,4.0822319955212105,-0.08527024889247523,0.13340120465982697
551.669,4.162209951261852,-0.08594374080670532,0.13660047247035534
551.81,4.2454869136302005,-0.08641478801956627,0.1401988937924461
551.888,4.31967513180024,-0.0871346118007504,0.14414199085073354
551.9,4.402770288055377,-0.08811498712785897,0.14959607961325738
551.914,4.484798421566998,-0.08922239291817671,0.15586463268593054
551.933,4.588849544360271,-0.09074027538135188,0.16477568128050502
552.175,4.656693016893948,-0.09171532812000938,0.1709987998435687
552.186,4.763841760744054,-0.0932708158722616,0.18105772138389087
552.196,4.8519239421080105,-0.09454813465006097,0.1893520798765702
552.37,4.945439682403682,-0.09585462942297115,0.19802548435259704
552.563,5.03892194153036,-0.09694958882385993,0.20645066264491296
552.579,5.131597333937682,-0.09726957430757979,0.2138091642009292
552.635,5.232576770108713,-0.09563713987862103,0.21901276097103306
552.648,5.351503485291775,-0.0923887608735455,0.22150378994333364
552.66,5.451441095572635,-0.08880172655836259,0.22080878849224916
552.672,5.53074313610576,-0.08549356869037278,0.21886324592180273
552.743,5.581096830658126,-0.0834826217585616,0.21723727332452603
552.783,5.76570176542849,-0.07758233271393151,0.20846197592517335
552.861,5.849508519696407,-0.07569460792328642,0.20342549412265054
552.894,5.982527409132128,-0.0732745132091752,0.19497955767783282
552.945,6.058341223685123,-0.07213083509101662,0.19020301652921257
553.078,6.163887115203499,-0.0706815566735939,0.18396508390716004
553.088,6.32373613692257,-0.0688547670788078,0.17605962029949174
553.507,6.401067990799552,-0.06832889810402307,0.17327430137295874
553.518,6.453043967592616,-0.06810534597543848,0.17194217216572882
553.528,6.637602982232735,-0.06807219672062657,0.1703721433400105
553.559,6.710154245797798,-0.06820417279808559,0.17090429481110903
553.569,6.817420816584633,-0.06848342105221929,0.17254644377069495
553.58,6.946388256630318,-0.06884566854274365,0.17520102922477543
553.59,7.0466925283081965,-0.06905086737905704,0.17735132849787139
