time_sec,x,y,z
0.469,72.78404976192857,-191.17215957896423,7.258849219738494
0.577,73.20011942405549,-191.31736651577688,7.276027105358622
0.67,73.30359423668993,-191.35511487436483,7.280320300119996
0.78,73.5879226908603,-191.461509154051,7.292746459254545
0.844,73.8691288523821,-191.57173201308368,7.305827677173923
0.885,74.13919168056722,-191.68145561069443,7.317809680566526
0.926,74.42495599694274,-191.80138451682404,7.329523658653287
0.967,74.78581681945155,-191.9581585298951,7.342286086418284
1.009,74.94498543343381,-192.02833165120154,7.347363413165354
1.049,75.24127953894896,-192.1494045213758,7.358168967100738
1.088,75.59388015132996,-192.29055913239344,7.373396853211034
1.128,75.7883079623321,-192.36838681897405,7.3825319199434745
1.168,76.15604306084765,-192.51656691693958,7.400539742359086
1.208,76.52657745923376,-192.66712381060626,7.418949592387719
1.248,76.697233741004,-192.7361673002916,7.426970931430063
1.287,77.00475788868462,-192.86021177490642,7.440756902061878
1.327,77.37611019370135,-193.00810278830417,7.455676038650424
1.368,77.73689620653482,-193.15098210039196,7.466555002946038
1.408,77.85078700101965,-193.19608458074958,7.469299936114652
1.449,78.1704337622873,-193.32286832192474,7.4762892920908826
1.489,78.46607825199263,-193.43992128085813,7.482134147301053
1.532,78.7222193161742,-193.54178486442677,7.487272358684777
1.573,79.05612136714197,-193.67424435078487,7.493740851166166
1.617,79.35898694988698,-193.79426723484633,7.4991262823180875
1.71,79.68459589393427,-193.92325682267946,7.50477921483558
1.75,80.13513597700597,-194.10123545957336,7.51413772139361
1.789,80.32275894272745,-194.17555219632368,7.518433198165724
1.883,80.66791075927375,-194.31203891350648,7.525923363831424
1.976,81.06806091724823,-194.47039370328878,7.5330384305680695
2.018,81.22875828041177,-194.5339670145175,7.535085008174747
2.112,81.60483946192767,-194.68297139565283,7.538393423112325
2.154,81.97746057336838,-194.83076551195933,7.540497555795483
2.196,82.22101478901972,-194.9303719871733,7.541527794769479
2.287,82.47916429747913,-195.04071214197057,7.542354931207171
2.333,82.73229515434741,-195.1504708473804,7.542939374304652
2.434,83.0941535111732,-195.3096304648744,7.543735805518651
2.477,83.47575936386255,-195.4800873251842,7.544663993600423
2.625,83.81616189928764,-195.63507390987945,7.545097130098085
2.666,84.05628213397257,-195.7463295030856,7.545378214706062
2.71,84.32408319748876,-195.87177696874707,7.545677063965584
2.751,84.67671937931061,-196.03974393742214,7.546213513440492
2.846,84.98471238347048,-196.18919037356582,7.547124295611113
2.945,85.25118021243028,-196.3202291291615,7.548159038454287
2.989,85.64497495738581,-196.5161487160265,7.550504277275223
3.033,86.04358199491492,-196.70712693092543,7.554782387971997
3.076,86.23488022525218,-196.79660365734907,7.557539111706561
3.174,86.66747957605058,-196.99775795357286,7.5654924483940675
3.217,86.93508488837693,-197.12571766955662,7.571610931432431
3.317,87.22730963393809,-197.26891482540125,7.579383570847085
3.363,87.71661724158604,-197.52199739946522,7.5946516110934255
3.475,87.92006267471507,-197.63256104366081,7.601615163103858
3.525,88.44718839639765,-197.94094413094587,7.6215244491609155
3.569,88.7466642842181,-198.1335900285267,7.633231222714372
3.613,89.0888145772877,-198.3746238148945,7.646243630159475
3.71,89.42597981187268,-198.63508868821435,7.65848855188564
3.752,89.68023838543546,-198.84910195454458,7.667259257335644
3.962,89.84496554259215,-198.99952585301375,7.672816272054064
4.047,90.23140425052955,-199.3889849827899,7.6850099761986
4.124,90.44822326536914,-199.6265979340481,7.691024296367232
4.2,90.76486753838469,-199.99620610643487,7.6984082234331765
4.271,90.81060855972916,-200.0508104342069,7.699326533595084
4.341,91.23931965672637,-200.58738146592887,7.704923647323952
4.408,91.38184408971867,-200.7778276455212,7.704631330726883
4.471,91.73667602754682,-201.26285319412233,7.697979723650619
4.511,91.96876358326787,-201.5869339234073,7.689650144065283
4.552,92.19944755209403,-201.91478868699525,7.677841345909826
4.592,92.42427147589021,-202.24092480557957,7.662356832643326
4.632,92.61029234573164,-202.51565451730426,7.647332125906942
4.674,92.8726718559956,-202.91299966700987,7.62254369440727
4.714,92.95475728185431,-203.03915927700498,7.6138348952662085
4.821,93.266371545201,-203.5231050253154,7.576490403544938
4.865,93.49098151964007,-203.87741061808217,7.546487746465289
4.984,93.72183847963296,-204.24515186759314,7.513657389263628
5.031,93.90970898161936,-204.5482420576559,7.485956213234161
5.079,94.15572459580594,-204.9496919443676,7.4480960563104475
5.126,94.37128289111536,-205.3070811030994,7.412199203324462
5.228,94.49557000815605,-205.51522846975567,7.390090573240059
5.273,94.71857279552387,-205.89274862969694,7.349132729364641
5.366,94.8898750550214,-206.1860322388444,7.318269877035007
5.405,95.05463751565716,-206.47009695199685,7.28935042469314
5.494,95.27388566757324,-206.85191631158654,7.251982322079272
5.536,95.37707055456106,-207.0345512975564,7.235054927873605
5.624,95.64176295490049,-207.50521389073228,7.194670518693485
5.712,95.7937553254257,-207.77952658344327,7.17217620111677
5.797,95.93095298141827,-208.02945728829624,7.151722833258177
5.834,96.19618071698962,-208.51790400300888,7.112421058567847
5.922,96.36719231240053,-208.83618419738195,7.088379936321658
6.008,96.39973599235387,-208.89729660699976,7.083897360654504
6.045,96.68156913128387,-209.43073696926075,7.047185647744328
6.084,96.84942974725848,-209.75319411709168,7.027531507969073
6.126,97.02457793663666,-210.09174243830753,7.008694394509419
6.262,97.17944035847894,-210.3922856188314,6.9927508674337275
6.3,97.35740907966081,-210.73810698006687,6.974385748374701
6.39,97.4121351458391,-210.84537841070866,6.968319782323221
6.482,97.62408792629115,-211.262599608324,6.943202492818614
6.521,97.77905211188788,-211.56795320279355,6.924891231850879
6.561,97.92425112910465,-211.8559971868936,6.908635995306355
6.655,98.09623828609668,-212.19984385409973,6.890844377074444
6.702,98.26566533217209,-212.54108440346658,6.874799559624165
6.748,98.45913944865742,-212.93236004658846,6.8586676299917
6.834,98.58116971593464,-213.1799370170209,6.849799913969832
6.924,98.74238609024519,-213.5092475442802,6.838075713891087
6.968,98.91250393308468,-213.8592461626217,6.824838169927702
7.064,99.06580189238198,-214.17682798165072,6.813080024625933
7.152,99.23421998474754,-214.5257109045826,6.803906805903196
7.194,99.40953526120026,-214.89229399752628,6.798069391075728
7.295,99.56594046625275,-215.2235944070537,6.7955288093529305
7.337,99.77067486084164,-215.6607307713785,6.79656044283449
7.381,99.91673601831894,-215.97226200138792,6.801163247664604
7.481,100.11990270215617,-216.4084374329339,6.8118252285251515
7.521,100.2642640884618,-216.72036099973832,6.822063202937343
7.563,100.47586983696746,-217.18235476899275,6.842842438031795
7.659,100.6451825150433,-217.5533387034971,6.865943579232038
7.754,100.78909493530442,-217.8702659344271,6.889519130498542
7.807,101.00398954406592,-218.34673936674287,6.929564150962335
7.871,101.16907614429215,-218.71116793536294,6.9631842806169715
7.998,101.34515727119236,-219.10107947405146,7.000694515938193
8.039,101.52817970746896,-219.50739880579536,7.040402244388076
8.143,101.6923856290287,-219.87640241517985,7.07652317190059
8.199,101.8778410306578,-220.29534341631003,7.118764956258389
8.244,102.06387644563786,-220.71736668953884,7.162677056260478
8.286,102.24403352183177,-221.12572855149492,7.205451724235417
8.329,102.4324061181716,-221.55170648339927,7.248489079940754
8.426,102.62650907918618,-221.99151543680958,7.289963370954126
8.47,102.80975758252276,-222.4067616701157,7.325870222927577
8.563,103.00200430180004,-222.84459430074114,7.359288278699097
8.656,103.21370929694342,-223.33426809208032,7.391776851964522
8.698,103.38591276238908,-223.73566578820757,7.415850263415692
8.741,103.57817144970278,-224.18317681569863,7.439552195153354
8.787,103.79010760134958,-224.67826116887028,7.461678913772516
8.894,103.97117788818258,-225.10154197847152,7.477390824412339
8.998,104.16357722786151,-225.5545559856206,7.489797803382217
9.04,104.36586820207444,-226.03285815968167,7.496450198217616
9.084,104.54278495113948,-226.44950729590096,7.504408964465398
9.238,104.73679986775713,-226.91052078601132,7.5144933501054965
9.287,104.96444830296127,-227.45542737452536,7.527704992433499
9.328,105.10972846248222,-227.8046120556589,7.5364970627907155
9.421,105.28025744310341,-228.21924706749547,7.546001758464087
9.464,105.46726651108021,-228.68275152782942,7.549376423017918
9.507,105.610094447281,-229.02072143242893,7.551053780947299
9.553,105.72990936522524,-229.3051511110793,7.552916740295757
9.702,105.8789279656548,-229.6604079555101,7.556629604053896
9.744,106.03884946639481,-230.0454121005623,7.561403537787413
9.785,106.18244161115851,-230.40235810585804,7.566880815127774
9.827,106.30113053667542,-230.71199816567614,7.571161813246604
9.868,106.46348004292685,-231.13555756789316,7.574437865429019
9.961,106.58674018244994,-231.4449006686293,7.574610096601532
10.103,106.78016199279128,-231.90682864171367,7.572478829327153
10.144,106.93197594035857,-232.2520131149162,7.56946676989034
10.248,107.13183859175766,-232.6853781770521,7.562128080995009
10.29,107.28068202942231,-232.9872131365086,7.55409646973348
10.383,107.48666005492575,-233.3802247008989,7.540974176936231
10.426,107.68374461846449,-233.74307996755107,7.525168651990441
10.466,107.88345417193344,-234.0964851936742,7.5068078330837835
10.516,108.08127019008008,-234.43234734881824,7.487606457823034
10.57,108.26286023716412,-234.72966187472082,7.469970815255152
10.618,108.53645751295389,-235.15762229997142,7.444754429881812
10.719,108.75761703902889,-235.50816287791062,7.42365233513155
10.763,108.93912610640217,-235.80974602944698,7.4036062075891635
10.859,109.20360972117004,-236.25926078020962,7.3705160764291975
10.965,109.41212424555803,-236.62736953446202,7.34150508400964
11.015,109.62850452291897,-237.01585613144326,7.309351112383354
11.063,109.83487958724766,-237.39185099845267,7.2771327025535015
11.159,109.99568591643846,-237.69118612333105,7.251008984690515
11.256,110.21784878343541,-238.10952242887382,7.213629565909727
11.299,110.42100797998873,-238.50090316821053,7.177550144942515
11.341,110.55502584710432,-238.76213965019892,7.153908080614428
11.435,110.76272648208891,-239.17266137010557,7.118900598085062
11.529,110.91117620274841,-239.47249086991988,7.095722289307602
11.578,111.0738269674163,-239.80793542476582,7.0737694692350175
11.628,111.2422609133729,-240.15911632965893,7.056998176716391
11.673,111.4544319665872,-240.61183944023156,7.043146649495569
11.717,111.55043101167992,-240.82134058064938,7.039116108013317
11.828,111.74404507484786,-241.24984199368225,7.035511259436504
11.892,111.9330612047288,-241.67090559260433,7.038493838530897
11.953,112.06871127504309,-241.9761471839452,7.043676464204125
12.044,112.23805534116633,-242.36605872770863,7.054440352108784
12.089,112.4050637461434,-242.75562017893628,7.069867519498317
12.13,112.56947594986678,-243.14352598613283,7.089584906775187
12.229,112.74863695182896,-243.57219639463312,7.114962154378958
12.275,112.9441491506683,-244.0452626744879,7.145348559497322
12.327,113.1164347540164,-244.46540532837054,7.172868600328485
12.43,113.26418650998039,-244.82876134992412,7.196417517368644
12.475,113.47382128575796,-245.34814587528456,7.228023702640655
12.522,113.64777361388607,-245.7830087283406,7.250008730165177
12.616,113.8335201806361,-246.25417468394159,7.267848952939559
12.663,114.01793857110303,-246.72665502740114,7.279649909481336
12.759,114.19513464885554,-247.18398979899067,7.284386133683469
12.904,114.3778865280355,-247.6620805323521,7.282154318922295
12.945,114.58916927389431,-248.22041267519558,7.271786660185995
12.987,114.72347233750685,-248.5794054424985,7.261405786502351
13.028,114.93362702328896,-249.15319020098966,7.238851747783798
13.069,115.10557845158593,-249.62981085857285,7.216180787109096
13.163,115.26226993796209,-250.07056509334146,7.193733767547187
13.319,115.42372220880443,-250.53183682547515,7.169169924258185
13.362,115.61471646706981,-251.08715046414716,7.139067184987496
13.407,115.73694309678608,-251.4494788140099,7.120709039734237
13.552,115.85695977737139,-251.8084832719836,7.10416092051527
13.595,116.02454183142791,-252.31710333393625,7.083140456005722
13.639,116.16176054316998,-252.74033860875824,7.068198676889352
13.682,116.30785297841062,-253.19586457277165,7.054295033480372
13.776,116.45615264074709,-253.66426278026847,7.041556978741838
13.823,116.58997879690328,-254.0969876196081,7.030593743154071
13.864,116.72223508739577,-254.5650784186195,7.017914633048349
13.955,116.85661941262201,-255.10769379759313,7.000929844718343
13.996,116.95545297470244,-255.54561477797714,6.985801601283697
14.086,117.05315327547947,-256.0112829136219,6.968660213336079
14.177,117.14841114885833,-256.5161927755424,6.949367048361495
14.217,117.2094088439291,-256.8788889975881,6.934400768056619
14.267,117.29015450786082,-257.42012408861103,6.909570053143611
14.313,117.34558604067192,-257.82920547665066,6.891234747659183
14.45,117.39706174655699,-258.2617925991095,6.873646919393622
14.493,117.4465108385198,-258.7929682134437,6.853847785221774
14.536,117.47579169475989,-259.2003208734047,6.8411597495846905
14.578,117.51025405061274,-259.7167499981466,6.83015002213827
14.638,117.54429508390426,-260.1638011557308,6.824554600793576
14.729,117.57874965897271,-260.6094547968831,6.823806037658727
14.819,117.61313080639256,-261.0390708355671,6.828262146541974
14.907,117.65233408856628,-261.5147934115278,6.837946151717887
14.951,117.7087781854501,-262.227512927413,6.861584871013292
14.992,117.74517392519223,-262.7058608708326,6.881287564689245
15.131,117.7737487755168,-263.0619138243306,6.895606957368628
15.173,117.82272787569877,-263.63427969510536,6.918529108081813
15.218,117.86176472109611,-264.053594329121,6.933512174014368
15.309,117.88960635923317,-264.3507017407105,6.942392283513399
15.36,117.94072784597009,-264.8805714065607,6.9550890130274325
15.407,117.96000059601204,-265.0794813827297,6.95913855094075
15.501,118.00124495440218,-265.4827737993673,6.965859952323584
15.544,118.04963867930373,-265.91694870810477,6.970112211606107
15.683,118.08921110274969,-266.2616944391846,6.971029542804459
15.724,118.12712147636569,-266.5836322962529,6.9701405257554825
15.767,118.18102494054483,-267.03379116658385,6.966669669299847
15.813,118.21464099528545,-267.3174901102171,6.963437782606718
15.858,118.24904367866216,-267.6160065974098,6.95907593546913
16.009,118.28621123078713,-267.9388725216982,6.953434434899364
16.05,118.31846860918654,-268.21606550328676,6.94796088900037
16.096,118.33332320398412,-268.3484232911269,6.945282036913127
16.203,118.36709242591493,-268.6554528235694,6.9398637125844544
16.242,118.39616505054589,-268.9161804225709,6.936127043924813
16.282,118.41886737869537,-269.1152806113191,6.933405307320186
16.382,118.46492006877759,-269.50769369712697,6.928004505886818
16.422,118.49068561243323,-269.7222692040419,6.925024169273158
16.514,118.51972337014607,-269.9611645387223,6.921659114031158
16.555,118.57331175817174,-270.3990403206107,6.91580165288326
16.612,118.60097160147662,-270.62486770699826,6.912675262809728
16.751,118.63224322640644,-270.87796129378694,6.908598298995727
16.801,118.68829277444047,-271.3264664108216,6.899704650985129
16.843,118.71936129311098,-271.57174884668063,6.894079520695968
16.933,118.76170134334672,-271.90231857054545,6.885688045453776
16.974,118.8225924131085,-272.3671166791124,6.872736433153392
17.072,118.86891013053241,-272.70948692609625,6.862394396197075
17.117,118.90437559878973,-272.9675338991755,6.8544566749024085
17.217,118.96460554722799,-273.4002744516772,6.8410386497794065
17.265,119.01813217389736,-273.78005844763396,6.828752991849413
17.309,119.04248679622995,-273.949497039487,6.822975781055348
17.423,119.10708124829151,-274.3919875397843,6.807617439993962
17.464,119.14148421759238,-274.6225909036872,6.799880474726393
17.508,119.18991116111759,-274.93778703214457,6.7897132484033875
17.601,119.25497062200886,-275.34640292021083,6.776960125133385
17.647,119.3137069748195,-275.7010354885877,6.76588893040865
17.74,119.3490816447144,-275.9099346636998,6.759437241175746
17.834,119.41157482763802,-276.274259994368,6.7482608200303815
17.883,119.4495871466022,-276.4957234545718,6.741613459315687
17.924,119.49960556467599,-276.78481208833847,6.733282667944266
18.073,119.57365286605096,-277.20862113112895,6.721549800126368
18.114,119.60401584702433,-277.38010353691107,6.71695406821452
18.154,119.6713524679403,-277.75214365830254,6.707622912346011
18.248,119.7421531339649,-278.13258192141467,6.698623050690216
18.291,119.79483038043907,-278.4116196162283,6.692527033918623
18.339,119.84314197584547,-278.66410193272856,6.686978461696796
18.383,119.91531125597615,-279.0351701233571,6.677811200519898
18.482,119.97193391314403,-279.32281043391555,6.670026195478883
18.574,120.03763468283535,-279.65440817500547,6.660991446587289
18.669,120.11937522018405,-280.0680781844337,6.651012145229544
18.711,120.19709375504634,-280.45845757234247,6.64326126322517
18.808,120.23686420145296,-280.6539486725477,6.639758567107108
18.848,120.32221970675874,-281.06410720081817,6.633442687794982
18.896,120.3881783508514,-281.3767152631464,6.629596605836014
18.987,120.44816235146516,-281.6573597857255,6.626076546256414
19.026,120.55057492946591,-282.13085445896104,6.618982903003044
19.067,120.60292673457083,-282.37057676384495,6.614586403295149
19.159,120.66991103932534,-282.67639723517937,6.60791751707157
19.205,120.76336702152528,-283.1041242817703,6.5977909446593515
19.304,120.8099420285417,-283.3151238539372,6.592482023015819
19.346,120.8736942415673,-283.5991664752443,6.584319919292483
19.393,120.95764636757862,-283.96372503676423,6.571690518172559
19.552,120.99877871444181,-284.1394147561047,6.564654791433298
19.596,121.04374770980425,-284.3286174706006,6.556320296892608
19.69,121.129425348213,-284.6845571095734,6.53980097878825
19.734,121.18739090397656,-284.92330045348496,6.528778297324422
19.778,121.26156745745614,-285.227030784969,6.515316515138167
19.874,121.30817203115006,-285.4184272122128,6.507054323280556
19.916,121.35599109563273,-285.6156554018661,6.498631141234398
19.979,121.44508768281915,-285.982947259373,6.482864381100342
20.039,121.50402029404813,-286.22775420598623,6.472626603069372
20.131,121.5834293504443,-286.55412278715323,6.459011172197663
20.223,121.66110048162807,-286.8720818973431,6.445050817370259
20.262,121.70657022876833,-287.0581434783383,6.436435946850452
20.302,121.78968943474673,-287.39447693386734,6.420516527240991
20.396,121.82960953838041,-287.5546194318816,6.4128634265278635
20.439,121.9358543153376,-287.9765514465026,6.392483594745713
20.631,122.01058188644487,-288.2707052098621,6.37842164515142
20.671,122.09422211290916,-288.59855602016137,6.362986782532545
20.715,122.16969297378772,-288.8957221948211,6.3485684825304105
20.759,122.25764172602796,-289.2429167065571,6.331112871187898
20.852,122.3122768865637,-289.4594396989918,6.320310546828395
20.903,122.39505779437374,-289.786036834626,6.304022330923658
21.004,122.4738213411274,-290.0926930544927,6.289932289921097
21.043,122.56349093011308,-290.4410557409544,6.275151122520768
21.085,122.64649961824183,-290.7629372248556,6.2618061500776605
21.184,122.73001665773651,-291.08215643471283,6.249248956784527
21.227,122.81862620457525,-291.41677327824385,6.236754996281192
21.268,122.90668425169646,-291.74836479498276,6.224737281747991
21.373,122.99382833416668,-292.0793137455438,6.21142500643991
21.419,123.08013692023091,-292.4068861761916,6.195873485126285
21.463,123.16961281796088,-292.74078539792595,6.177260058829816
21.609,123.25639084544088,-293.05526843111534,6.15940225233696
21.65,123.35018618613667,-293.39190066208204,6.139906244815251
21.692,123.4324566792906,-293.6899119678976,6.121230378907711
21.734,123.5403772437266,-294.07952603826163,6.0951989254809575
21.884,123.63773435835043,-294.4260702628274,6.071900313839677
21.927,123.72445329108393,-294.7329570915755,6.05251341183353
21.968,123.83594829467228,-295.1346857442788,6.028842011454486
22.01,123.91236301895552,-295.4135543862791,6.012584783421289
22.101,124.01468430661214,-295.7820410326187,5.992105297942771
22.143,124.10827190382192,-296.1144600428672,5.97451586986557
22.281,124.21614192106156,-296.4961679663115,5.954973471486198
22.32,124.30625924461197,-296.8162882669265,5.938148362949008
22.361,124.40455393837676,-297.16493836798736,5.919318831605182
22.41,124.53117311637742,-297.6087395408176,5.894235878063327
22.501,124.6258999904438,-297.9379130767751,5.875701129560781
22.544,124.72740365115126,-298.2928637061501,5.856367694970146
22.634,124.82799077074873,-298.6437165385024,5.837973411144063
22.723,124.92343729485695,-298.97338410009604,5.821832662231202
22.762,125.0278488870687,-299.3301152883193,5.804884532452803
22.854,125.16078642451332,-299.78116085481935,5.783579188205778
22.896,125.24429988416213,-300.06390184759294,5.769822521401366
22.99,125.37296220039326,-300.4940026984425,5.747181784008873
23.03,125.47477746614169,-300.8346785971807,5.728149159858404
23.071,125.56591343229081,-301.1399269025303,5.711158636705278
23.213,125.66285491960954,-301.4662921521503,5.692789260455797
23.254,125.77700797739232,-301.8519971430766,5.670677311649271
23.295,125.8715587807528,-302.1700341872128,5.651814338890389
23.389,125.97281876156956,-302.5090313674152,5.631065204129342
23.46,126.06093919110035,-302.8041130759248,5.612287835335849
23.551,126.1879138054526,-303.2325682523063,5.582583033899837
23.591,126.29162090442436,-303.57984064660025,5.555966475488077
23.632,126.43106255056829,-304.0462130088692,5.5168192307208415
23.677,126.51851016817957,-304.3424318528868,5.489713037630793
23.843,126.6241455529385,-304.7027341480763,5.4535295705719875
23.883,126.7276677759156,-305.05725145242985,5.41509978039295
23.922,126.84482652995591,-305.45886479461177,5.369138568588312
23.961,126.9312239482154,-305.75491181165046,5.334040430285654
24.102,127.04440525541126,-306.1436270630815,5.286457671301406
24.142,127.16347198052912,-306.5473257226513,5.235962000867303
24.182,127.27380765053405,-306.9125338417263,5.1879535762695355
24.322,127.38722743035673,-307.2849807934783,5.136383917038131
24.361,127.49462717867968,-307.6330117295784,5.087374382546145
24.404,127.61125099168154,-308.00608030158145,5.034837038775237
24.447,127.74102231834883,-308.419002272085,4.977629193290525
24.488,127.85173718735855,-308.77231138360395,4.930380241443643
24.629,127.99078946220035,-309.21621180367316,4.87329204177972
24.669,128.10827373289354,-309.59249878236875,4.825895069831972
24.715,128.2233841310872,-309.96028335426143,4.780108854296259
24.856,128.34921631614156,-310.35685658360444,4.732171432148846
24.896,128.4502091559578,-310.6744616860406,4.694421798940098
24.936,128.61727958134526,-311.1991295776803,4.6322774297659635
24.976,128.75344020208001,-311.62295003279615,4.583151302381523
25.119,128.9016692292475,-312.0837252759799,4.529602782407878
25.161,129.00433421566245,-312.40447564975005,4.4911563654420235
25.201,129.1653535260218,-312.90785060632277,4.428659129285947
25.305,129.28816321735695,-313.29023948261323,4.379984450617826
25.345,129.49830877459857,-313.9478322608315,4.295983745371757
25.433,129.57050135375084,-314.1739924667086,4.26749411568224
25.473,129.7506989154897,-314.73021308712805,4.197591991276738
25.611,129.84169269065205,-315.0075203842104,4.162333273682066
25.65,129.93869724267458,-315.2995223808326,4.124884674681411
25.691,130.10487564725514,-315.7975284913233,4.061824240326331
25.781,130.2082824818029,-316.10470614474133,4.025071716630961
25.819,130.2657249275908,-316.2756785728996,4.006037048611304
25.869,130.42264417768234,-316.75032406450924,3.961117948067752
26.002,130.5287784654233,-317.0917364219264,3.9345431648154943
26.041,130.58656450083413,-317.2840966374758,3.920571276446708
26.131,130.75039698388508,-317.8309542475957,3.8810464331026537
26.176,130.85741345732083,-318.1944024253401,3.8527502255153365
26.222,130.9737364681455,-318.61072986639255,3.82205500207796
26.31,131.06884183750037,-318.96386277861825,3.7977651775911028
26.35,131.1715759799659,-319.35537214942144,3.7725933674480245
26.486,131.28507964447633,-319.80213737304916,3.745022049226435
26.525,131.38046093753672,-320.1896322457044,3.7214307951227994
26.573,131.49789493095582,-320.67660083999806,3.690510701315617
26.706,131.58196780080917,-321.034917838311,3.666219105567663
26.745,131.67569863101758,-321.455899796309,3.637398641384152
26.784,131.76927772104992,-321.89440604480603,3.6070786327462656
26.917,131.87479060643537,-322.4144315611591,3.570171213169232
26.955,131.923261859258,-322.66293495455255,3.5525350305774737
26.994,132.04622251314117,-323.32046440182523,3.506036994148971
27.04,132.1439610220583,-323.8689439972255,3.4676331961304783
27.173,132.22722022639124,-324.35783490308773,3.4342438941380777
27.211,132.27377742761996,-324.64312688402975,3.4150069291654432
27.249,132.39044550089258,-325.40162573061633,3.362926933374638
27.347,132.46228459850806,-325.90854378554064,3.327985516471159
27.563,132.5350007968135,-326.4487200769052,3.2903294474200067
27.61,132.62037949497054,-327.1096671450538,3.2427927213811927
27.65,132.68214196668032,-327.63008655974403,3.2038510398282085
27.691,132.71727444252542,-327.9465635712738,3.1791373121401847
27.731,132.76732445537937,-328.4209984390815,3.140689493291589
27.879,132.87926065262192,-329.4477043266651,3.0502656233246057
27.921,132.95234210623545,-330.02929498167794,2.9930711464173356
27.962,133.04340162550048,-330.6380870308687,2.928769630122403
28.022,133.13549142678588,-331.1625251133583,2.870186136982241
28.066,133.24561056557826,-331.73281593660954,2.8037379460135554
28.106,133.39488836851095,-332.4177987528835,2.7207171698884167
28.199,133.51715382643744,-332.93289852646893,2.6580293828017147
28.29,133.67744919160785,-333.57344666638767,2.581964961255153
28.383,133.8113047358471,-334.0990338485667,2.5219983530962793
28.423,133.93319968337596,-334.56753772073125,2.4705515985073987
28.464,134.06116731030707,-335.04669402728183,2.420355974211759
28.504,134.19431692800578,-335.5276875323369,2.373866291058448
28.546,134.3138633184744,-335.94244082124817,2.3371748643139654
28.685,134.44055833608576,-336.3653762804405,2.302810454503998
28.827,134.61539173064463,-336.9284046983521,2.2615977944086296
28.868,134.7094216259045,-337.2273517386308,2.2420624324851417
28.91,134.86689071996395,-337.69932695467674,2.2154871554186855
28.95,134.99491951716232,-338.05547711796186,2.1991247218788317
28.999,135.1385937396186,-338.4315941260717,2.1849455345348474
29.041,135.3403967002714,-338.90972660991457,2.1697564307123685
29.26,135.56520340694811,-339.4028485344422,2.1523391137540955
29.358,135.67838629068245,-339.6486643584404,2.142479854656017
29.403,135.9007764723932,-340.1297125159683,2.120963920000719
29.444,136.12207510843731,-340.60128186568966,2.095607410633164
29.485,136.26404116786503,-340.9017383684631,2.077574587556768
29.526,136.47919883049443,-341.3547906848974,2.0494969472761397
29.569,136.63209434016582,-341.6747167794288,2.0295533562936043
29.614,136.79814194468042,-342.02187865583596,2.0090334494148294
29.657,137.01169717844056,-342.4642863349365,1.9852718444988966
29.748,137.19948316607693,-342.84927897572373,1.9664941477887794
29.788,137.38040406859585,-343.20671991271337,1.9511684270921137
29.929,137.57817153693833,-343.5729730682808,1.9387932270735746
29.969,137.83064585655188,-344.01036447297105,1.9289244373790666
30.011,138.03379467481398,-344.34657335157846,1.9249462697519846
30.127,138.26253340163595,-344.71553392759273,1.923956701960833
30.179,138.5200000607117,-345.11286911727507,1.9251615888395293
30.221,138.74600722488952,-345.44673255891286,1.9265381814492741
30.367,138.99885761095527,-345.8061928103993,1.9280367417843252
30.413,139.27105534632193,-346.17804319754845,1.9292204019093617
30.456,139.5216942986403,-346.50766150651765,1.9291677220615497
30.499,139.80881476058116,-346.87096592620776,1.9275152407205383
30.544,140.21300338896003,-347.3620778411999,1.9213036857053396
30.589,140.42921908400658,-347.6314252786798,1.9145023602966091
30.688,140.72169980552286,-348.00367143811087,1.9011727853861942
30.746,140.92690716710456,-348.2661522021195,1.8893443098079956
30.792,141.29251557675025,-348.7305314777136,1.8641057787884563
30.888,141.51234813127002,-349.0087530520357,1.8457689261112478
30.935,141.81913354372006,-349.3964281738929,1.8170821078923325
30.979,142.11310833768525,-349.76842744070564,1.787721755107583
31.022,142.33890480067134,-350.054216649033,1.7646905823661143
31.175,142.6633715174913,-350.46687979937093,1.7317610066785392
31.236,142.9184859054069,-350.7926478180607,1.70652475536383
31.28,143.14193754375708,-351.0788139902039,1.6853786558603758
31.326,143.4280453686548,-351.4467377426877,1.6592928146257293
31.424,143.73016094928852,-351.83739561417883,1.6322578587980274
31.522,144.00665657406168,-352.1975170988706,1.6082948505825811
31.564,144.32746984938902,-352.6180116897282,1.5814391894354571
31.609,144.59099197198674,-352.9654849561242,1.5601443896791807
31.706,144.81708137261904,-353.26404253748626,1.5428584889081378
31.753,145.14617123780425,-353.6998769271653,1.5198257124260977
31.8,145.40798008077246,-354.0493063519293,1.503051824835353
31.897,145.6809129000393,-354.41695910943815,1.4873814988256697
31.948,145.98907086685398,-354.8350420185174,1.4729773504158459
32.058,146.25355441214094,-355.1981464522848,1.46323319455891
32.1,146.47777810173494,-355.5072362121173,1.457000017257002
32.193,146.81049518290385,-355.9683826382022,1.4524322714309221
32.236,147.06768331266633,-356.33170576135626,1.4538236771166737
32.28,147.34082511377537,-356.72480635232665,1.4595724860357677
32.4,147.568471819103,-357.064183751059,1.4668690941715
32.446,147.86288811788893,-357.5123361502818,1.4794361737525605
32.488,148.18163452931196,-358.0057108724246,1.4952608266615925
32.613,148.43819819162104,-358.40916540170485,1.5090584449311564
32.654,148.691598119074,-358.8141638296374,1.5222623600431007
32.703,148.96233548239167,-359.25376274397007,1.5355391790217823
32.745,149.2582504318374,-359.7432211351235,1.547983473983578
32.84,149.51587170754442,-360.1721298187363,1.5532286635863386
32.881,149.78785382926202,-360.6260195247567,1.5536285428099745
32.971,150.05798746991172,-361.0814585413954,1.548713448195457
33.015,150.3545112705221,-361.5902016690054,1.5352719083539341
33.062,150.5711055062725,-361.96393138817746,1.5204443017073856
33.154,150.83481332694564,-362.4206105389934,1.496706807588481
33.247,151.12121153435785,-362.9170756306555,1.4625302218241245
33.291,151.36179716703583,-363.33348338719367,1.4275643786384933
33.39,151.57285547350523,-363.69653418578366,1.3933497592282436
33.431,151.8083383487117,-364.10522612505974,1.3511041634054664
33.58,151.99805025006063,-364.43446641590884,1.3142727798270073
33.891,152.16712582640653,-364.7274790244629,1.2803516838819178
33.933,152.26846428895988,-364.90313647391133,1.2599287606647067
33.975,152.49084032294405,-365.2902351859607,1.215638281211227
34.019,152.65127455948124,-365.5751574009801,1.185053209668439
34.066,152.82281551372543,-365.8869746586478,1.1545537361626828
34.115,152.95333157770574,-366.12469691199806,1.133717797260033
34.157,153.11103849182638,-366.414859068094,1.1115689193663343
34.199,153.2832525392492,-366.7367958367662,1.0910182828512518
34.242,153.43461220497244,-367.02182797786554,1.075890971897934
34.285,153.58350118807567,-367.30394728250445,1.0625453098947162
34.327,153.7217441130781,-367.5684740884612,1.050734294419442
34.369,153.8673065360776,-367.84795499730893,1.039480358832293
34.509,154.01825976638733,-368.13711913009183,1.0298685552459688
34.608,154.18632703437288,-368.4598177203695,1.0207782567197796
34.671,154.33440819371947,-368.7463677424687,1.0139824522946128
34.734,154.54717749799383,-369.1621182387679,1.0062076671872262
34.797,154.70170630768007,-369.4659677172269,1.0033992877144442
34.84,154.79026062444166,-369.6413563583504,1.003046760290431
34.884,155.04596962824684,-370.151807776325,1.0075391974548893
34.927,155.13665158477374,-370.3343786599563,1.010924986776672
34.97,155.33203887238804,-370.7259499370258,1.0219386172722693
35.016,155.54116759549578,-371.1432111219771,1.0395136628783632
35.059,155.6318286671496,-371.3249346550999,1.0484673254495078
35.155,155.82237014325915,-371.70768400167907,1.0688112083635986
35.2,156.01645950927923,-372.09783408967604,1.0893253623744386
35.249,156.1482908347381,-372.36266175993387,1.1021779461933363
35.351,156.26048706791744,-372.5884802267572,1.1122891764692326
35.417,156.41419329017316,-372.90163273173545,1.1259572379187262
35.484,156.57077472591405,-373.2239136436701,1.1404077984863648
35.536,156.6866762488322,-373.4628988281379,1.1509987458643423
35.63,156.85508821210783,-373.8114389628027,1.1652518131248542
35.724,157.02085337292442,-374.15675115134326,1.1775073639579432
35.773,157.14469740865064,-374.41550725122556,1.1853811710710715
35.815,157.38305111712066,-374.9134128728842,1.1963906894686147
35.912,157.53688133075318,-375.2366720018654,1.1997671409081931
35.955,157.6216476683664,-375.4153466777019,1.2005136029631558
36.008,157.78758137128955,-375.76631869854015,1.2000338077130834
36.15,157.91502033279954,-376.03764110109705,1.1984030050456056
36.196,158.1277782301237,-376.4955626665674,1.1899587217185115
36.299,158.185123957652,-376.62043500332805,1.1862239999639996
36.348,158.3657420027231,-377.0166495406524,1.1711443945189899
36.394,158.52457333039595,-377.366575953424,1.1551200655256366
36.438,158.62877648645758,-377.59527066504205,1.1433154037069357
36.481,158.7634318642385,-377.8889595882751,1.126923875209144
36.587,158.87947622910008,-378.14103346007465,1.1126685969300638
36.629,158.9608687146205,-378.3173509370369,1.1032736929834357
36.674,159.10028723046932,-378.61998061444154,1.0891747641137783
36.772,159.2338114762157,-378.91098255019773,1.0772801694619432
36.816,159.35273711852145,-379.17126818420917,1.066621181899535
36.916,159.49817916039797,-379.49114108226024,1.0516253643185962
36.974,159.61506396252497,-379.74938236010547,1.0378555872893855
37.041,159.73631491550515,-380.01854553215895,1.0217926414226497
37.139,159.8624121199689,-380.2990233317232,1.0032124858694544
37.234,159.99061411721868,-380.5831637815102,0.9834723191455623
37.277,160.1436999265623,-380.9206967847575,0.9611736304781289
37.32,160.27564269753282,-381.2103694252337,0.9431203072287531
37.419,160.40206254789456,-381.4874545837226,0.9266608980307467
37.464,160.51756703000862,-381.7421338441963,0.9121491685257865
37.515,160.65166353172904,-382.03827913750473,0.8958229436640295
37.559,160.81695458146274,-382.40255952353056,0.8765157771497059
37.659,160.9467801864526,-382.68909168405884,0.8615339956542982
37.703,161.11516136172878,-383.0617626445169,0.8421971133106183
37.806,161.1937284021484,-383.2367072407408,0.8333142599448138
37.85,161.3944247536026,-383.68565129726863,0.8103954181851805
37.894,161.51238947192428,-383.9505501700565,0.7960477407885946
37.992,161.71306942569566,-384.4022874105714,0.7699907144908025
38.037,161.81245640359919,-384.6261391477345,0.7562512381995532
38.141,161.96151370194906,-384.96169100998435,0.7345040154900744
38.184,162.03380956908512,-385.12456836894427,0.723743564801083
38.282,162.21864630528626,-385.5402314746036,0.6964767087726784
38.38,162.3328242233111,-385.7967214712368,0.6798107157670756
38.425,162.46043105431013,-386.08455574998356,0.6617180067406991
38.47,162.63254380224998,-386.4730914269109,0.6381843013134585
38.523,162.80477912951199,-386.86420716311034,0.6145764529379392
38.619,162.98186392989038,-387.2675733147183,0.5900212119720436
38.663,163.11376378405686,-387.5694166558131,0.5716242441349095
38.818,163.256287294976,-387.89656270000984,0.5517235984574711
38.863,163.41428284200506,-388.25996270127126,0.5295511075867978
38.907,163.48932110658495,-388.43256823256047,0.5188345882699537
38.956,163.68663036865215,-388.8863437439311,0.49033657731629887
39.003,163.84768085531744,-389.25617900503227,0.4674059220086235
39.051,163.99199517886507,-389.58604935251,0.4480912922959419
39.157,164.07018818788015,-389.76489302194483,0.43809286563401884
39.202,164.30444536202202,-390.3011931874061,0.4101876170297487
39.3,164.43047152866097,-390.59232779866204,0.3970375347768993
39.343,164.57680682968447,-390.9315521148676,0.38341956418645395
39.493,164.7679372074585,-391.3765632448376,0.3675703986656913
39.536,164.86770804760044,-391.6095409514412,0.35978726118059967
39.58,164.99830504128477,-391.9156287995015,0.35011143835930625
39.623,165.18568216823923,-392.35548873119217,0.33763349229619166
39.723,165.29021265853845,-392.60141653014426,0.3310176244438594
39.771,165.45644731389564,-392.99325466493065,0.3206150758683748
39.814,165.58536412499626,-393.2971656381932,0.3123650198500343
39.911,165.7291045990607,-393.63544392325747,0.30202083944041647
39.956,165.85037996309188,-393.91970106082897,0.29224426583519403
40.053,165.9919712501564,-394.2512419871115,0.2800832846692174
40.119,166.13185902714798,-394.5793760683974,0.2678656135438757
40.168,166.2403763120891,-394.83551655230804,0.25788403397541515
40.311,166.36270504436536,-395.12701024430464,0.2457046252394548
40.369,166.52927436836734,-395.5280283087179,0.2273309280977287
40.477,166.63669903628332,-395.7897488813635,0.2136186789897181
40.518,166.8062431893914,-396.202094637798,0.18849207283423652
40.559,166.88767356811218,-396.39921675477007,0.1747744196833878
40.652,167.05332405200107,-396.7942484913841,0.1468613691990015
40.695,167.23341526453208,-397.2204241118213,0.11792321491446955
40.735,167.3667007930508,-397.53550331972025,0.09807243729289894
40.826,167.51308918328513,-397.88476017860165,0.07571972850962538
40.867,167.6609395498158,-398.24029955140657,0.05329928369724257
40.908,167.7953417945105,-398.56664440560536,0.03252184477921105
40.958,167.93693867556345,-398.91271013119155,0.009544036001159384
41.097,168.10528955305102,-399.3241109596316,-0.020596433454102225
41.136,168.23423201043232,-399.6492721736435,-0.04536929727152028
41.227,168.36343560366973,-400.0032218277464,-0.07222973056357773
41.269,168.50775448358732,-400.44070171512993,-0.10410214800387507
41.31,168.61277604643556,-400.78350115205257,-0.12912283847083472
41.45,168.71942312541242,-401.1506643370891,-0.1553510900699564
41.491,168.83439825275127,-401.5771791069341,-0.18477878891832233
41.532,168.92260647521255,-401.9327319480629,-0.21033578612011183
41.622,169.00944782160812,-402.3102203281287,-0.23880388164062083
41.664,169.10610664291374,-402.77077300811186,-0.27514296521465553
41.76,169.1739823999594,-403.1278780549294,-0.30321509743939146
41.858,169.25324245643586,-403.5832955640958,-0.3393370173244534
41.901,169.31389247540574,-403.96936104080925,-0.3695591707511312
41.942,169.37206034723468,-404.3252710309503,-0.3967602668752477
42.084,169.43557245182075,-404.6981945075623,-0.4254688367797428
42.125,169.51200280246093,-405.1245241940135,-0.4581537744738
42.166,169.57414590683152,-405.46838819837154,-0.48339433961004374
42.206,169.65197414324382,-405.8999036441751,-0.513182314996925
42.296,169.71944121275135,-406.26403045779557,-0.5365918104266427
42.336,169.79812191261212,-406.67681549619147,-0.5612698568614576
42.38,169.87169548383656,-407.0549453896874,-0.5817884760964205
42.518,169.94829711290333,-407.4340139644096,-0.6003200075266761
42.558,170.03593031775182,-407.8548352436295,-0.6183778716507504
42.647,170.11504593446205,-408.2325871725795,-0.6333746941639333
42.735,170.23672845764207,-408.8111413636356,-0.654604867502826
42.782,170.29077024856798,-409.0647751979026,-0.6638842914982774
42.87,170.37880633115103,-409.4702399963971,-0.679067602013987
43.004,170.4790707043071,-409.9235950034342,-0.6975938631976817
43.042,170.56894401053893,-410.30599170760297,-0.7140893513175968
43.079,170.68598036853507,-410.74800025002264,-0.7342284916519475
43.117,170.7928581583205,-411.11350248392785,-0.752992350622975
43.159,170.87964347967704,-411.3962123327873,-0.7699894192412273
43.245,170.98042371616822,-411.71243830836283,-0.7927017914549026
43.331,171.05212888400686,-411.9348269181997,-0.8108387228387244
43.37,171.12339934307784,-412.1511459411093,-0.8294730710245233
43.432,171.20469853715312,-412.39457520854467,-0.8509026692975965
43.547,171.29278180136959,-412.6544608353154,-0.8733909892121972
43.59,171.3256645304201,-412.7490784975066,-0.8809567687260369
43.684,171.39025644655675,-412.93513122262675,-0.8941589810440007
43.727,171.45860247033505,-413.13145290045566,-0.9045412128439523
43.767,171.4821508289274,-413.1985985074203,-0.90721274927634
43.816,171.5262274053909,-413.3318903729353,-0.9112952666128535
43.908,171.58709872111484,-413.50549538228654,-0.9163857347901114
44.048,171.61475091601466,-413.58314178103694,-0.9190417462417599
44.087,171.67821482856334,-413.7596350442817,-0.9259509868563214
44.129,171.75579673885397,-413.9734409974226,-0.9354937186131451
44.222,171.78794268709296,-414.0619268734356,-0.9396696135731872
44.264,171.856675314165,-414.2511520835542,-0.9490376879959115
44.307,171.9297756629368,-414.4534743131866,-0.9595377963314036
44.4,171.98737597006829,-414.6133319911066,-0.9682292130698613
44.442,172.05021568693633,-414.78781647937933,-0.9782130319932492
44.485,172.14336987097778,-415.052424043162,-0.9926582214130519
44.632,172.2274351371749,-415.2958439068392,-1.0043418895477316
44.675,172.26713007044538,-415.41217604388726,-1.009826153902253
44.768,172.37224905970442,-415.72532844761497,-1.0255453791027662
44.811,172.42897583766313,-415.8965675558352,-1.03524962333276
44.854,172.50906208643096,-416.1392554680425,-1.0505099548136343
44.948,172.6112172321132,-416.44664426196834,-1.072745121100354
45.041,172.71687882790087,-416.7617718023628,-1.0984066545158555
45.084,172.785737614574,-416.9649327935347,-1.1157374772431865
45.124,172.86778599378403,-417.2045911637906,-1.1364113324065102
45.165,173.03586837603493,-417.6927539173146,-1.176951981416039
45.305,173.08893743162434,-417.84592640182245,-1.1892965953501573
45.397,173.22558828593586,-418.23886291333815,-1.2209704802257875
45.436,173.33932848004793,-418.571631442344,-1.2493855655385175
45.475,173.3882350101528,-418.71622673521875,-1.2625608576612137
45.568,173.50988695809184,-419.0802364602804,-1.299501377194673
45.612,173.56838614326642,-419.25677125235296,-1.3195125871073685
45.7,173.63742359908161,-419.4659162681461,-1.3442698394709396
45.739,173.74415691869672,-419.78946705728634,-1.3833128264893162
45.833,173.86829462678833,-420.16250461321505,-1.427225693164985
45.876,173.93350553498027,-420.3572035520276,-1.4489235738747652
45.915,174.06438592099903,-420.7460650360419,-1.4897535451164003
46.002,174.15467556498027,-421.01236373784644,-1.5160654760470607
46.092,174.2211909068276,-421.2081028390641,-1.5349613711625238
46.18,174.2982268636043,-421.4338589989114,-1.556559072599697
46.266,174.441707380389,-421.8502140495031,-1.5948665142028915
46.306,174.51057349351993,-422.04920785298873,-1.6124886729203922
46.394,174.64789738177933,-422.44683832468496,-1.6463714360147037
46.434,174.74650293780914,-422.73457082570707,-1.669502882579195
46.523,174.81832587549792,-422.9444883202344,-1.6857145629669503
46.568,174.9620695960964,-423.36328190479315,-1.7161479790088947
46.609,175.0204845685704,-423.53360475784336,-1.7279158534997805
46.653,175.1426081738207,-423.89073452304416,-1.75146468097941
46.745,175.29747661158717,-424.34487573468806,-1.7795063703019878
46.884,175.4135317294967,-424.6832267113199,-1.7987927771721104
46.924,175.5012595683719,-424.93933408409936,-1.8128166573816316
46.966,175.67453110813136,-425.44527419532983,-1.8395008268243487
47.061,175.81395820872527,-425.8517557224258,-1.860901330960786
47.102,175.87912121390406,-426.04166298372917,-1.871119932606831
47.144,176.0348760371805,-426.4977579861219,-1.8971830726001144
47.283,176.13741532612175,-426.7986502051404,-1.9162842644679756
47.332,176.28240673156228,-427.2263142810175,-1.9458835055394843
47.373,176.38196081535477,-427.5215792241262,-1.966825232854518
47.468,176.48610326914178,-427.83331450697926,-1.9896731033582284
47.508,176.6133538979966,-428.2159029951649,-2.018413215799569
47.598,176.72065289446218,-428.53756869333625,-2.043403155512493
47.689,176.82626689216704,-428.85313397841327,-2.068887178151755
47.729,176.95559729454368,-429.2408415138452,-2.1018481395508672
47.769,177.04551905510698,-429.51078532432246,-2.1259267710071867
47.86,177.15123383421093,-429.8280978588906,-2.1553535034080085
47.904,177.2820161153005,-430.22150209910427,-2.1928956676906353
47.997,177.38657542758693,-430.53860709062934,-2.2238421133755253
48.088,177.49478420428215,-430.867901663611,-2.2566721031207067
48.13,177.5555631664419,-431.0530396989527,-2.275147831625077
48.171,177.73309479649532,-431.59401808033374,-2.3291416300070296
48.27,177.86354682606955,-431.99209853375595,-2.368235828429249
48.36,177.9410910511277,-432.228276567389,-2.390974116859553
48.447,178.0752471999694,-432.6317525643272,-2.427886645433773
48.488,178.19591761818933,-432.97813225367224,-2.4577876652673183
48.529,178.3496513864152,-433.40450544367116,-2.49334308494727
48.62,178.48312344090414,-433.7657099221369,-2.5224273152223873
48.714,178.64737846978298,-434.1997157171037,-2.5549986507255653
48.754,178.8100631974602,-434.62191416637,-2.5853325711406683
48.846,178.93675538166838,-434.9448055864375,-2.6080859713681264
48.886,179.11910092120905,-435.3988869380061,-2.6390271360835413
48.926,179.28409642023547,-435.8008571836736,-2.665400367333035
49.017,179.45958524796004,-436.22074460513534,-2.6917192079323513
49.113,179.6698308505466,-436.7117493632195,-2.7214796692753964
49.154,179.88348332196284,-437.20279242332384,-2.7509225912775435
49.26,180.0147636969584,-437.512941425164,-2.769845640122128
49.34,180.261101956434,-438.0968165203527,-2.809106269498045
49.403,180.45811674001283,-438.5828041375936,-2.8458768877624436
49.443,180.5815931366775,-438.90810863965277,-2.8723935645257086
49.485,180.76443011412834,-439.4242358628854,-2.9161129758388427
49.526,180.93764172603818,-439.95802262426315,-2.962434228023028
49.666,181.0351020232052,-440.280589307487,-2.990656525086962
49.706,181.20305813400086,-440.8733340189359,-3.0441865487004236
49.746,181.3189396345502,-441.31934748331315,-3.085959470645463
49.837,181.43339043370923,-441.8032153984698,-3.13218173630392
49.882,181.52653264195658,-442.2384398564911,-3.1733059971141415
49.932,181.61719817609008,-442.71180879044886,-3.218218792708086
50.025,181.70119625657975,-443.20247786563255,-3.265630870428879
50.117,181.78633004453093,-443.65782171099585,-3.3128947174747907
50.157,181.89765618171,-444.22027533791794,-3.377801325952703
50.257,181.98444220131785,-444.6277160669338,-3.4300801227567206
50.303,182.08760378685338,-445.09275077690086,-3.4973932647948516
50.348,182.21544791452664,-445.65323360857207,-3.591512784045932
50.45,182.33355737827827,-446.1608204192308,-3.6891445647739545
50.495,182.4587373056437,-446.6934974856401,-3.805370246890419
50.588,182.56265262725861,-447.12251340014507,-3.9085550100232638
50.677,182.67016559672516,-447.54975748208767,-4.015583949062091
50.72,182.79446386702057,-448.030879658341,-4.142366623507513
50.76,182.87121479084715,-448.316660005981,-4.219130064417698
50.855,183.00995509244547,-448.8139289574103,-4.352465869077292
50.895,183.131701826073,-449.2340728970621,-4.462157819852166
50.994,183.22725959831456,-449.5562700578201,-4.544832633106807
51.075,183.31731576206528,-449.85756513401066,-4.621041706418424
51.121,183.42186097255959,-450.2132450995961,-4.70771527707825
51.167,183.5095555368808,-450.51044914690766,-4.777459126459036
51.259,183.61259911998067,-450.85098191076617,-4.855347040913756
51.299,183.67890499318537,-451.06555629910946,-4.902840119459398
51.442,183.76663479596277,-451.34768578328504,-4.9634246838607226
51.482,183.84474267412486,-451.59740803718336,-5.015097929276834
51.525,183.8971012785889,-451.76458414139836,-5.048261246375006
51.626,183.973278255444,-452.00710422562935,-5.093555029102845
51.667,184.02481123440356,-452.1721246449259,-5.121692429006572
51.712,184.0719706033462,-452.33073554118135,-5.145482773885334
51.822,184.13001884695254,-452.5361182636451,-5.168848291741739
51.861,184.17383062015313,-452.6970553801938,-5.179690706715121
51.951,184.21947605314605,-452.879461851108,-5.184290237358539
51.996,184.28438110830217,-453.1176676527714,-5.18140162080681
52.087,184.33931440899067,-453.2892957518163,-5.180952362550272
52.131,184.39436003766366,-453.46892872984745,-5.183507301694391
52.172,184.45279928438492,-453.66999291491544,-5.191485643590568
52.312,184.49945042503032,-453.8377591912488,-5.203256185908401
52.353,184.55448046961686,-454.0447243168603,-5.224314642274095
52.46,184.59253437807752,-454.1932463324098,-5.243205008010165
52.501,184.64710673980176,-454.41482918231105,-5.275332472536633
52.543,184.69620122169783,-454.5904484220149,-5.3031355837776175
52.585,184.76230499393066,-454.8010948486567,-5.337582924812978
52.684,184.83001778629784,-455.0157413373395,-5.372199521843356
52.775,184.89508231636125,-455.22189964143854,-5.404288779857495
52.817,184.9652504666029,-455.44209462427193,-5.436595846785423
52.868,185.04718312561263,-455.6968133238982,-5.470831183844524
53.006,185.1233238238841,-455.9315172891804,-5.4999274201063315
53.049,185.23916663771308,-456.2887339931614,-5.540775499339986
53.143,185.2997359913752,-456.4759666444813,-5.560826475646564
53.187,185.38490765510238,-456.74093391564253,-5.588710932452017
53.232,185.48386107846568,-457.0506027460086,-5.621750577400007
53.28,185.5783100502905,-457.34839470174484,-5.655257996827714
53.434,185.66222355559336,-457.61506708345286,-5.687664754259345
53.478,185.74702242074352,-457.883677561472,-5.723469538698737
53.521,185.8427629630257,-458.18871334640556,-5.768307404714136
53.575,185.93195109553383,-458.45819316336775,-5.808958110801058
53.685,186.07431094803025,-458.8872673061964,-5.875392506136734
53.729,186.12506583682836,-459.0426157487518,-5.901217006169588
53.772,186.2326452140141,-459.3701174954805,-5.9586555155372025
53.826,186.32853534871384,-459.6622933539029,-6.012341676205523
54.026,186.41647627605713,-459.9317076566401,-6.064031908098372
54.07,186.47572468328212,-460.11569786937855,-6.100932475453391
54.115,186.56729436245317,-460.403862237292,-6.161017996251985
54.159,186.62419116943647,-460.58510245127957,-6.199871438330661
54.203,186.71342644276382,-460.8683545105529,-6.261691432150741
54.25,186.7957100374004,-461.1271694124293,-6.319110684599167
54.297,186.9221483707487,-461.5207427110344,-6.4071472163577425
54.398,186.96565623078476,-461.65475600875146,-6.43715999116759
54.443,187.05996327401988,-461.93960525134963,-6.501227790812436
54.593,187.15311650844026,-462.2156817050257,-6.56448306674875
54.635,187.23377308262735,-462.4618402372082,-6.621773530546307
54.677,187.33383403762355,-462.79259922709565,-6.700664709176721
54.722,187.3844747910483,-462.96662482470214,-6.743432081278911
54.816,187.42627299253166,-463.1126253692963,-6.780203061520098
54.86,187.5399241827202,-463.51980349014104,-6.88714791505771
54.959,187.5852075298393,-463.68573575638345,-6.9322933806107585
55.053,187.64628416128744,-463.9093083661447,-6.994205018208987
55.096,187.73085667481786,-464.2217580202819,-7.082461917264908
55.196,187.77307239916695,-464.37936648113,-7.127618695092252
55.24,187.8411232550172,-464.6334832863746,-7.200874776928032
55.284,187.911468995666,-464.89092218401333,-7.276157547885447
55.33,187.96897950185763,-465.0911061431372,-7.3354353929753415
55.377,188.02975401971392,-465.2890217361449,-7.394597604140472
55.477,188.10800670072913,-465.53844360819005,-7.4697639079338956
55.577,188.15489110142067,-465.6901105445355,-7.514412161286771
55.622,188.23029256996927,-465.93676550237086,-7.585051238239828
55.72,188.28332145686244,-466.1109046886283,-7.633797577676745
55.764,188.3678784129262,-466.38823169989615,-7.709784056147754
55.863,188.4460838421987,-466.6425469859301,-7.778045824894463
55.907,188.50105739687385,-466.8184376219352,-7.82526175110624
56.001,188.57615262898702,-467.0540606382836,-7.889991194285585
56.095,188.65154978052254,-467.30120842498786,-7.958819316251692
56.136,188.703084435466,-467.48121955152794,-8.009227679280457
56.18,188.77194593905602,-467.7550756932331,-8.086466926346844
56.276,188.824555953402,-468.002100812193,-8.156199359024612
56.318,188.8760202331212,-468.25437150257784,-8.22606328732408
56.414,188.9176039696617,-468.46792410690904,-8.281977422579132
56.457,188.94745890612535,-468.62986914571644,-8.32216607611872
56.551,189.0014609060613,-468.9462064195405,-8.394655624449427
56.595,189.0420579808051,-469.21550094999867,-8.45060540335939
56.646,189.06000775850185,-469.3444522777888,-8.476263861757502
56.691,189.10186773140987,-469.6683241426582,-8.538645942601732
56.785,189.14079643183993,-469.9439901864137,-8.590699651537875
56.882,189.19212104276852,-470.24041300460317,-8.645396659440564
56.927,189.2386399057817,-470.48970893322075,-8.690944727118193
57.024,189.26817894154962,-470.63329458973806,-8.71718656366997
57.068,189.3634169625459,-471.0458183737491,-8.793084072688998
57.118,189.398916592062,-471.1893381209029,-8.819948891869359
57.221,189.49990864082997,-471.5831427849717,-8.895164832436024
57.265,189.57700512393166,-471.8737520778654,-8.951442686143253
57.313,189.68300018909332,-472.25312322572466,-9.02529975867165
57.42,189.7960306210229,-472.6338440003743,-9.10080876342792
57.464,189.85211372607608,-472.81551691980485,-9.13717258801168
57.519,190.00105324793114,-473.2777773969939,-9.232457419243701
57.564,190.08716630142035,-473.528299083425,-9.287050988761024
57.722,190.20617978797372,-473.86171588032227,-9.363753396316412
57.767,190.38346532996215,-474.33611996603855,-9.4814002169513
57.81,190.53645549526982,-474.72516856578665,-9.58409431011205
57.854,190.68929111652545,-475.09518247640494,-9.687356777651956
57.951,190.801669119097,-475.358763546832,-9.763504098773382
57.997,190.90086699256963,-475.5859885431929,-9.830357343439374
58.048,191.12651185240676,-476.08697428091233,-9.98074926813041
58.104,191.22894572168437,-476.3059268204192,-10.046996787662778
58.196,191.39749565306408,-476.6549167570035,-10.153515683230665
58.289,191.47731513983769,-476.81883639242585,-10.20202859020614
58.33,191.69565095943335,-477.2600639936282,-10.324660300006627
58.426,191.84393002079247,-477.5522006100633,-10.399217161910911
58.467,192.02500696428157,-477.895109667188,-10.480539757426925
58.561,192.14597337777582,-478.11847729252696,-10.531527878381183
58.654,192.2842669382016,-478.3680769116965,-10.587483314907843
58.697,192.48180344845105,-478.7062434220355,-10.660343089602861
58.745,192.59440108012785,-478.89296156374684,-10.698860356653114
58.787,192.75408972964595,-479.1532259395649,-10.750037828414946
58.884,192.99249063582445,-479.54236896210097,-10.821136957608843
58.928,193.11658619672858,-479.756829490432,-10.857750247225795
59.022,193.2863025583623,-480.0582529808479,-10.907071903255286
59.117,193.521039371953,-480.4753083533104,-10.973045054624862
59.159,193.66677243473848,-480.73411103193575,-11.01367794351279
59.249,193.88254268369587,-481.11362765176113,-11.076008262248422
59.291,194.09488762044487,-481.4847575431529,-11.138713182883293
59.332,194.21678584793392,-481.69863359821386,-11.174610913602976
59.426,194.51459987406517,-482.22158858703904,-11.26201355423666
59.468,194.68092663825962,-482.5114529917953,-11.311530521387112
59.563,194.82679290091937,-482.76457112068016,-11.355263304667915
59.66,195.05679404489905,-483.16407608810255,-11.425300072540011
59.704,195.27187914410757,-483.53941919598003,-11.493486546589594
59.744,195.4233321993147,-483.8036194731645,-11.54279564827408
59.786,195.58822729628156,-484.0905989450124,-11.595747199475596
59.93,195.77624891131785,-484.41820117591595,-11.655307988106614
59.972,195.95134865582483,-484.7240758359846,-11.70953900894682
60.064,196.1284483572365,-485.0344508174991,-11.761950466403363
60.109,196.34001634259232,-485.40379775704133,-11.81888246636143
60.199,196.49355482085957,-485.67148450891426,-11.857067501008146
60.293,196.70142341273487,-486.0348019581737,-11.905713124473351
60.338,196.81868250053412,-486.2402382169552,-11.932038114942571
60.381,197.09329465522885,-486.71705641205887,-11.9901279639312
60.424,197.2690357567716,-487.0218114999152,-12.025897159261802
60.475,197.5247957084327,-487.4647817598948,-12.077765251209371
60.623,197.71866939006878,-487.8031155372939,-12.116962425091373
60.717,197.9304351352315,-488.1738475226517,-12.160055916506792
60.758,198.17433690460183,-488.6013045990758,-12.211325594799689
60.799,198.39319788336414,-488.9848605342721,-12.259173301989023
60.849,198.61030357945333,-489.3633894857022,-12.306106757056341
60.894,198.8753282531885,-489.82382854138024,-12.361260800172317
60.991,199.07146241467825,-490.16467398587196,-12.401525026110392
61.086,199.32024416050274,-490.59820298612595,-12.45287641553378
61.128,199.52020607838512,-490.9465849906232,-12.495282555073175
61.222,199.7330209576475,-491.31864526863563,-12.54319426515201
61.317,199.97879060470734,-491.750299067045,-12.60118382419526
61.362,200.19398948340393,-492.12751552795936,-12.650896951591108
61.406,200.38440622729564,-492.4617736139228,-12.693265330028282
61.451,200.64621452901727,-492.9219740376661,-12.749955150436534
61.556,200.87614625037367,-493.32609753160676,-12.799182895207991
61.637,201.06734947998018,-493.6617047716539,-12.841449375222368
61.681,201.33974008247912,-494.1376486574285,-12.904513276214942
61.729,201.6399398189078,-494.65873426763454,-12.979686958793621
61.825,201.8180821964998,-494.9661658637702,-13.02857111317607
61.868,202.09366289908752,-495.4398574799324,-13.11038368349648
61.911,202.34777379710334,-495.8743787347947,-13.191523580884166
61.963,202.59372626700397,-496.2925957344734,-13.271203014048808
62.099,202.77794903129634,-496.60440469546376,-13.33075009655164
62.195,203.04479604743614,-497.05692152054274,-13.417778671637251
62.237,203.24270131834186,-497.39182046527236,-13.482725720069993
62.278,203.45610602096247,-497.7541404943132,-13.55403842624716
62.323,203.70622493939376,-498.1797332709402,-13.639116471658127
62.425,203.89070196638588,-498.49495488232293,-13.700959279509533
62.467,204.1107909603067,-498.8671945193689,-13.769125805958367
62.558,204.36770296025415,-499.3043354943166,-13.841704580145631
62.599,204.57261848658948,-499.6554389081425,-13.89395411444039
62.691,204.83725021281043,-500.09310005085814,-13.953465335284307
62.738,205.10518788283693,-500.51175127070485,-14.004866229621712
62.879,205.3395304578276,-500.85660976434355,-14.044306552391902
62.92,205.59073800778154,-501.2092300235302,-14.08277022792592
63.012,205.8443684924918,-501.5540830585759,-14.119648973131802
63.053,206.1444536892228,-501.9486786408886,-14.162087141427548
63.094,206.36438259885662,-502.227505618558,-14.192506742262594
63.188,206.6908448619484,-502.621961840295,-14.237546147857643
63.24,207.01227786765966,-502.9920496333758,-14.283572701426493
63.337,207.31789377830185,-503.3298840182071,-14.328175600668573
63.386,207.65624364006464,-503.697714679322,-14.379692025089525
63.461,207.95293710962122,-504.02502726756387,-14.428067207296152
63.507,208.2477771579296,-504.35822156767614,-14.478865403992216
63.551,208.59923602836955,-504.7579761984207,-14.53926475257785
63.647,208.86345779423306,-505.05721695428997,-14.583455661545855
63.689,209.1414327780468,-505.37550455761277,-14.62926588354972
63.734,209.42832125348895,-505.7106315523117,-14.675842710201238
63.88,209.7329395957014,-506.07689450619824,-14.722581772908882
63.924,209.98877933356104,-506.3940177144743,-14.758169890897165
64.018,210.24680739344592,-506.7276189926572,-14.791355449705264
64.06,210.526783108274,-507.1084485335848,-14.823788295021501
64.101,210.7283697545603,-507.3897503472206,-14.845346564534765
64.195,210.98006708064315,-507.7492827852845,-14.871343310079084
64.292,211.25352246324803,-508.15446879924156,-14.898183310934229
64.334,211.49625526081303,-508.53214172486565,-14.920788029664891
64.377,211.7431078794973,-508.9288777243028,-14.941983825820245
64.421,212.00450116007636,-509.3735582564648,-14.965752587257697
64.515,212.23066760818847,-509.7852664761981,-14.992624657150543
64.61,212.46205038004905,-510.2230824827811,-15.029183288868353
64.703,212.70515214343988,-510.69631334609346,-15.076299047443882
64.744,212.91470863714494,-511.11399463591795,-15.123439431934372
64.787,213.13005141482364,-511.5581957203935,-15.18096019339805
64.882,213.30756312839065,-511.9390306145217,-15.236351592633184
64.924,213.49839339521012,-512.3627535868568,-15.304606590093755
64.97,213.7786429165029,-513.0098755372102,-15.420758494027837
65.074,213.87295836797242,-513.238357519808,-15.464610494625987
65.116,214.0644348623972,-513.7187828859011,-15.559675341749198
65.217,214.26365911792197,-514.2055403797855,-15.658066857984096
65.262,214.38984270154796,-514.4993526260005,-15.717494558689367
65.354,214.59565433647737,-514.9701001510377,-15.812243124874925
65.4,214.7541707390041,-515.3230931252873,-15.881192620623438
65.442,214.92523332197783,-515.6994068644975,-15.951464643071944
65.585,215.13740167804386,-516.1640881682766,-16.034920294396926
65.677,215.3408564502176,-516.6054323759521,-16.112306760810355
65.717,215.5936158342703,-517.147043003226,-16.204218530061496
65.764,215.6980243710804,-517.3666763979434,-16.240115961320527
65.809,215.90088443267427,-517.7880603080474,-16.306850186469603
65.907,216.1096932426775,-518.2184070562654,-16.370673892276557
65.95,216.25966436661685,-518.5251747192165,-16.412210749655117
66.049,216.55718051127337,-519.1359502105615,-16.486986060151395
66.097,216.73301452101876,-519.5093297411061,-16.52864725501368
66.188,216.82826838862053,-519.7113657080699,-16.55012512174912
66.233,217.1029892290755,-520.2891595231317,-16.60734805349034
66.284,217.1936714525825,-520.4793743708367,-16.624936765201852
66.385,217.4424680141165,-521.0011884167903,-16.668336505658147
66.43,217.60766210944377,-521.3459581522337,-16.69489968367074
66.471,217.77096549233806,-521.6862813383906,-16.720170206358347
66.573,217.88491677204803,-521.9252173152798,-16.73793219400497
66.618,218.11778766972526,-522.4105407237038,-16.775787565147084
66.714,218.277167131468,-522.7405622204633,-16.804992207824
66.756,218.41870153267382,-523.0325420243076,-16.83289202532302
66.85,218.66114315155224,-523.5343261248622,-16.88333314379915
66.896,218.8240273187911,-523.869289339137,-16.919071102327877
66.941,218.9952833151486,-524.2217538988846,-16.95926539571022
67.038,219.2072459536157,-524.6594071317043,-17.012122479311216
67.131,219.36464959461694,-524.9854371071991,-17.05295434294007
67.225,219.50693354195903,-525.277095953572,-17.090532313425626
67.267,219.73683346073682,-525.7441298822214,-17.151893340132716
67.362,219.9737162832747,-526.2205497766702,-17.21543805573586
67.404,220.0703205503029,-526.4150506147475,-17.24133009062723
67.447,220.25785040975822,-526.7928558350989,-17.291074736243672
67.543,220.46797938611408,-527.2200319553547,-17.349058637575553
67.584,220.54594642172214,-527.3787269195163,-17.371481238667627
67.625,220.69760947276276,-527.6854873908813,-17.4159818566103
67.767,220.84670768606082,-527.9831364013688,-17.45968780438139
67.807,220.95232685191854,-528.1924656725433,-17.49045409738102
67.848,221.16440825105707,-528.6233322952436,-17.555212964145397
67.992,221.23655051112308,-528.7746162031337,-17.578370664479138
68.033,221.36439691120194,-529.0426518682802,-17.61983224461997
68.074,221.49513154322256,-529.3151846131368,-17.662294643764483
68.165,221.64113023407498,-529.6188247591667,-17.709637473970957
68.205,221.70619834344177,-529.755922932102,-17.731589659940482
68.246,221.79924443337188,-529.95465521996,-17.76456851962064
68.333,221.85375046124483,-530.0763154405807,-17.78550933031002
68.373,221.94054640607607,-530.2778558724835,-17.82097147584065
68.51,222.04633594189508,-530.526149710462,-17.865007596704203
68.549,222.08853688103108,-530.6257435497009,-17.882646945423375
68.59,222.17725898962073,-530.8337878107927,-17.920099834282865
68.679,222.28130258208125,-531.0806107092557,-17.964750381789116
68.724,222.36774973517151,-531.2878348958501,-18.001341803313125
68.816,222.40716612928247,-531.3833553335606,-18.01792430968672
68.857,222.50572699759962,-531.6242957686454,-18.059718892867437
68.947,222.5898236613694,-531.8330393692116,-18.09623187413837
69.086,222.6294875669104,-531.9330002139559,-18.11375699491063
69.126,222.73235028077153,-532.1789355069461,-18.156438480074428
69.166,222.82679930248332,-532.3962976688415,-18.193428653872985
69.256,222.87471492081843,-532.5002790363532,-18.210728440983928
69.295,223.00345698456528,-532.756792516298,-18.252465399605
69.386,223.11936431505814,-532.9795856698933,-18.28796154452374
69.476,223.17505437161753,-533.0851314696579,-18.30448674383601
69.516,223.30488166963238,-533.3270563016075,-18.34189025846456
69.603,223.43483275381158,-533.5613437086738,-18.37832139817047
69.642,223.53878225310498,-533.7427757084415,-18.40669945473249
69.684,223.68331196744137,-533.9881246847225,-18.443765627575885
69.728,223.80504997454733,-534.1895423077277,-18.47294876393687
69.826,223.89928831829096,-534.3417840752899,-18.494554472958697
69.917,224.08382440892365,-534.6507814111548,-18.538902941581455
69.957,224.22521361910856,-534.8720383825906,-18.570449633683154
70.097,224.3382706652925,-535.0423644453128,-18.594597740609856
70.144,224.5586184504471,-535.3655904587126,-18.639874275554746
70.234,224.75416325413633,-535.6422596319403,-18.677999960777157
70.276,224.85119247476086,-535.7759598370069,-18.696423840423023
70.316,225.06996599539247,-536.069610260105,-18.737128487258843
70.359,225.20507872564076,-536.2454440962177,-18.76159768698352
70.454,225.52376743043436,-536.6464400686446,-18.81550372285696
70.551,225.67167407899052,-536.8256960577366,-18.838250686586747
70.616,225.9183844817315,-537.1150661372492,-18.872344975988312
70.709,226.18362517741858,-537.418884073578,-18.907248328920446
70.75,226.34208233643446,-537.6050887585566,-18.928501566852958
70.791,226.63076568489046,-537.957785999446,-18.968042230402745
70.883,226.81052004519387,-538.1890379240339,-18.993932321914883
70.925,227.01221414924555,-538.4637030215629,-19.025108213758074
70.965,227.16919596126058,-538.6880747927362,-19.050456501198965
71.057,227.4060346088603,-539.032731478459,-19.08734018299384
71.106,227.56404168337912,-539.2668989891845,-19.110384843789973
71.245,227.75114389579892,-539.5532220253779,-19.137104394862433
71.287,227.99403769459076,-539.9423715376861,-19.172199886210024
71.328,228.15012555448095,-540.2068382825995,-19.195698471333202
71.431,228.29036222314056,-540.4520747203813,-19.21742537753255
71.473,228.52536618158413,-540.88086096216,-19.25614783465565
71.517,228.65447755261272,-541.1060115481438,-19.277069748109483
71.563,228.8588076664649,-541.4622941042646,-19.312924717688077
71.713,229.0664525164711,-541.845935555784,-19.35548331385121
71.757,229.18725486443657,-542.0736775014655,-19.382141304573537
71.8,229.38525171299736,-542.4565130245422,-19.42879027953839
71.9,229.5669481249099,-542.820803636551,-19.474275733641974
71.946,229.72760681420255,-543.15681564306,-19.5178353198269
72.049,229.8482551341786,-543.4166921325257,-19.552734022313672
72.091,230.02839547995814,-543.8150601950332,-19.609661252474268
72.193,230.15525956293442,-544.1047832731782,-19.65326106343508
72.234,230.22939404139845,-544.2784594816817,-19.679982348542353
72.276,230.41399255028944,-544.7167030445175,-19.74877404927659
72.321,230.57595151576524,-545.0963231090016,-19.80930760070129
72.463,230.73073435768686,-545.4664980857037,-19.868337810609887
72.505,230.8517496263034,-545.7619707754127,-19.913776570810313
72.598,230.97206818158398,-546.0627784317488,-19.958603429304702
72.639,231.11715296306235,-546.4336811966061,-20.011837689319236
72.701,231.23975344402885,-546.7545697740292,-20.0562559969747
72.743,231.3592898891932,-547.0765473443639,-20.09921215325528
72.838,231.49390299325353,-547.4472107464641,-20.1469401930637
72.938,231.61780831873347,-547.7936281338879,-20.190233045942136
72.981,231.7005546078438,-548.028417233148,-20.218897654174498
73.023,231.82950512869144,-548.3997883015295,-20.26220329314188
73.123,231.91652389504878,-548.6608904196247,-20.29129689124258
73.164,232.02209229177276,-548.9934703601375,-20.326842840805654
73.257,232.14376839986608,-549.3426815052984,-20.361114244313
73.3,232.2526860481153,-549.652623728365,-20.38941281443536
73.393,232.33419528166925,-549.8857082119208,-20.40952467092862
73.485,232.48013861974005,-550.3037115291678,-20.44418749009236
73.528,232.59280597949007,-550.6271783639303,-20.469902542023306
73.622,232.67525321569576,-550.8665031256427,-20.487851523252658
73.664,232.80530121796073,-551.245236461915,-20.514661438952174
73.707,232.94490102626145,-551.6505982702611,-20.5437656223757
73.802,233.029518210123,-551.8957081624045,-20.56207219600421
73.843,233.16527533768118,-552.2863046131504,-20.59093663214105
73.886,233.29878047306363,-552.6715405124615,-20.617297242956454
74.001,233.40291684787618,-552.9704929181953,-20.637520961667633
74.042,233.51607065388544,-553.2912634279575,-20.660687429145412
74.136,233.64748903990971,-553.663353047895,-20.689376233819246
74.179,233.75134848320576,-553.9605959285117,-20.71235591714853
74.324,233.86368136907498,-554.283819585794,-20.73793234212559
74.368,233.99519899457175,-554.6602257953667,-20.770765698440016
74.41,234.12345136037192,-555.0297041663977,-20.805586504867534
74.455,234.21481574857552,-555.3007774144129,-20.83120286784606
74.553,234.35733211936886,-555.7500401422532,-20.872307119710285
74.652,234.45806385497542,-556.0716079906258,-20.90224402076072
74.697,234.56570530699634,-556.4163060678845,-20.936205504092527
74.737,234.6993862193969,-556.8572641213733,-20.98065093491863
74.777,234.79557697811148,-557.1840455712808,-21.013440145232693
74.868,234.896310304297,-557.5329932472349,-21.049997482324216
74.96,234.99795922884667,-557.894153211453,-21.089608616702236
75.001,235.1044469901907,-558.2876997237504,-21.133910885221383
75.103,235.19954770797693,-558.651198370919,-21.175699263245633
75.17,235.29952792627756,-559.0412982332141,-21.222262080040906
75.262,235.38995905675506,-559.3837124687055,-21.264518436994138
75.303,235.50965375071365,-559.8097588982474,-21.317530315754965
75.345,235.616514146337,-560.1657379068777,-21.36113623262503
75.436,235.74681588600038,-560.5626980545396,-21.408473008008485
75.477,235.87514512755678,-560.922256742737,-21.449685065544287
75.519,236.02701359475623,-561.3240131696386,-21.494243165153364
75.61,236.1609395918444,-561.6629660027364,-21.531776023040578
75.651,236.3072377970279,-562.0176343674001,-21.571515236656893
75.742,236.48693475630546,-562.428418722635,-21.619086091253678
75.833,236.67754807506597,-562.8338067998857,-21.666801273462255
75.876,236.82274132765332,-563.1270043026745,-21.70086986638273
75.979,237.05234236979618,-563.5688437560858,-21.751159656193096
76.021,237.24029412430946,-563.9182628792986,-21.788836066718346
76.117,237.42762894436316,-564.2758848909214,-21.826409889128797
76.161,237.66276204281667,-564.7455850912706,-21.876692089059617
76.214,237.82681115804453,-565.0760392670136,-21.914549150550755
76.308,238.0058780062669,-565.4297427191227,-21.957160939889064
76.406,238.2602254991467,-565.9180028541859,-22.01371876459922
76.449,238.39241692132697,-566.1706581347432,-22.04141963754566
76.501,238.57544851127858,-566.5212795203579,-22.077130102860934
76.549,238.8233933286035,-567.0075658516976,-22.118863106486856
76.698,238.95126887339183,-567.2648545180671,-22.13765923645056
76.746,239.123651659646,-567.6175996539416,-22.161604886581245
76.789,239.32014661704102,-568.0182291931422,-22.188785747763063
76.907,239.49101082385587,-568.3575217218887,-22.211315391624197
76.971,239.70852967296207,-568.7831750264273,-22.238212724259654
77.034,239.9161853199618,-569.1891016041752,-22.261692822953336
77.089,240.08821424426338,-569.5329444923764,-22.27695813291325
77.131,240.26999650219847,-569.9047181248425,-22.289124654215016
77.173,240.46434287349652,-570.3092554309954,-22.299496557175104
77.27,240.6711818436699,-570.7386296184242,-22.310595308729148
77.313,240.85681610609373,-571.1157085376087,-22.323973068982752
77.41,241.13077774419867,-571.6651028604872,-22.34955934984316
77.452,241.36205513912063,-572.1255691618242,-22.373894581351976
77.497,241.46842696517547,-572.3379121524686,-22.386477058619306
77.592,241.69084234927303,-572.7852264258358,-22.41479022875174
77.69,241.9054917237465,-573.2220858086012,-22.443750941284208
77.75,242.05348739546395,-573.5230266739258,-22.46608377578835
77.791,242.28054348751868,-573.9861846363914,-22.50613790871145
77.833,242.53699563545126,-574.5125402302789,-22.557277226702638
77.927,242.67153932270222,-574.7884178370573,-22.584938995948846
78.024,242.90264426338877,-575.2577005004396,-22.63300492291964
78.067,243.0385737730548,-575.533936869503,-22.660921600676858
78.164,243.11835105048294,-575.697211336931,-22.677453433063818
78.207,243.4060331836364,-576.2888994268262,-22.739580825582436
78.305,243.6052636974287,-576.6992823779767,-22.785144329972013
78.35,243.8220709690508,-577.1430511860793,-22.836190363074735
78.392,244.04880548671034,-577.6065826698403,-22.88996894930895
78.485,244.2873927062036,-578.0960528440239,-22.943461772663
78.581,244.38357511668022,-578.2953125168825,-22.963806790489684
78.625,244.62077977653456,-578.7858322957898,-23.01072912739653
78.734,244.82865299350254,-579.212784654294,-23.051605471591557
78.778,244.92801856792693,-579.4139813327007,-23.072166082660914
78.82,245.17045186803352,-579.8921535712968,-23.122339730509225
78.914,245.30505768813717,-580.1537054596424,-23.150365601185655
78.955,245.48298277776678,-580.497529383635,-23.18727941652125
78.999,245.7305838298335,-580.9783664056355,-23.237857791147235
79.144,245.9403590738421,-581.3902969815849,-23.280124390410236
79.188,246.03783958383644,-581.5830171130209,-23.29988425189677
79.23,246.2845384303962,-582.0697993734547,-23.350726882181846
79.326,246.41285747258127,-582.3244388625166,-23.37746207727406
79.372,246.5848628171745,-582.6658997929324,-23.412667722314353
79.423,246.84659818016775,-583.1885656380435,-23.465789546739444
79.466,247.017884210053,-583.5326730415875,-23.50096057949972
79.562,247.22899081257663,-583.9608340662405,-23.54693219329974
79.66,247.3665235728384,-584.2417586483493,-23.577485290862427
79.703,247.54845183981087,-584.6172010862686,-23.618679006805934
79.797,247.65980496318045,-584.850862350362,-23.645408627728244
79.842,247.86642757542663,-585.2886442353133,-23.696908601370268
79.936,248.04421838018092,-585.6689183949143,-23.742979004300338
79.98,248.126700793652,-585.8454108443841,-23.765025020947462
80.08,248.3355293753511,-586.2885490165695,-23.82142784743587
80.122,248.50937335280827,-586.657853202106,-23.86832097990421
80.217,248.58948146214138,-586.8283662042703,-23.889580958006775
80.258,248.78400607317468,-587.2533903992044,-23.941409808687354
80.301,248.94503423591175,-587.6200726075415,-23.98331432306952
80.401,249.10552635737722,-588.0009827153816,-24.02291009017037
80.482,249.1889810926436,-588.2086139036232,-24.043087351483734
80.525,249.32578222244732,-588.5660756395898,-24.07641094405122
80.574,249.46103485549418,-588.9418754002628,-24.10711849777607
80.667,249.5360637501381,-589.1638359272466,-24.123674333228337
80.759,249.65100055473556,-589.5167473271326,-24.148038225974915
80.858,249.76771042656512,-589.8946687950853,-24.172493137245027
80.9,249.83314439151798,-590.1174897420289,-24.186226046286237
80.946,249.9355856018242,-590.490227357404,-24.20782001232621
80.994,250.05426594942548,-590.8866953655155,-24.22922066753398
81.044,250.15120821685127,-591.1893426384554,-24.245318020364124
81.146,250.25297321676015,-591.5182540719233,-24.263770220881042
81.242,250.37089578833087,-591.9051912643042,-24.286467168622636
81.284,250.47817671302647,-592.2531494051918,-24.310132310539842
81.378,250.58886365902748,-592.6079951924181,-24.337973716188287
81.42,250.73369654327178,-593.0493059137704,-24.379556799614335
81.465,250.8733670019556,-593.4239161336363,-24.421772789884017
81.558,251.04657490904873,-593.8492210331799,-24.47675008539079
81.651,251.22124642128287,-594.2615541987275,-24.536992034234203
81.692,251.33620289781942,-594.5228354123734,-24.577775766086887
81.784,251.53362131056986,-594.9485629024443,-24.648841630229356
81.827,251.70649827400092,-595.3006321207403,-24.711952301397446
81.918,251.8825212635773,-595.6441734891654,-24.77754296725942
81.959,252.0913800962203,-596.0345787923936,-24.855802769682555
82.056,252.2665192137713,-596.3501361815919,-24.92089415005327
82.1,252.4399750573538,-596.6518317589158,-24.982690858401526
82.149,252.65748881574558,-597.0261382139304,-25.056169764398334
82.249,252.86654218961777,-597.39711679489,-25.123788528533566
82.293,253.05800544054625,-597.7474999013939,-25.1811331199587
82.335,253.2017922973644,-598.0178191269016,-25.218820250614726
82.486,253.40110943289906,-598.3926166606777,-25.264000795168585
82.528,253.59507400723953,-598.7513316985143,-25.30308191280841
82.624,253.7771916423544,-599.0859365396503,-25.336188558944457
82.668,253.98396914555184,-599.4659468260325,-25.372697352575045
82.711,254.16289933005828,-599.7946496115261,-25.40605602139692
82.756,254.3562716677555,-600.1465696509704,-25.44504484218072
82.852,254.5699731971702,-600.5316249032429,-25.492272403708313
82.947,254.73466928824215,-600.8260854401597,-25.532946388456338
82.989,254.91753244422162,-601.151140880282,-25.58490171037056
83.03,255.06094381043846,-601.4046612465853,-25.631775489830147
83.073,255.1685939391303,-601.5937574216969,-25.671429084568956
83.22,255.27939540860024,-601.7868404256734,-25.716743290499892
83.262,255.4060660169126,-602.0117995968478,-25.77255110912847
83.33,255.51790237622282,-602.2126824383571,-25.823329103838518
83.534,255.6641005395501,-602.4742853953596,-25.89060069142255
83.577,255.80786652000336,-602.73049254448,-25.956365822305656
83.618,255.90053751638897,-602.8955725356708,-25.99810990787242
83.659,256.04535490287674,-603.1510324876391,-26.061346987007113
83.7,256.17048479446464,-603.3701924394617,-26.114444321595045
83.744,256.27695104109716,-603.5573650603169,-26.15931975394284
83.787,256.40500961839655,-603.7875287127333,-26.214351886821447
83.884,256.5150009124839,-603.9889116387642,-26.26363596903994
83.934,256.6162859431053,-604.174914884332,-26.31042629441899
83.978,256.72897623848075,-604.3809303791198,-26.36297547585039
84.075,256.8422368199434,-604.5879111718219,-26.414602434749156
84.117,256.98428188064474,-604.8500359847709,-26.475806492738712
84.16,257.1303191505732,-605.120947818016,-26.533325608371086
84.252,257.2539827179852,-605.3482206038359,-26.578011244754236
84.346,257.40087898950026,-605.610820530303,-26.626654602564855
84.396,257.5647403467266,-605.896712565839,-26.6766830509971
84.438,257.7142055942068,-606.1569140800608,-26.71880349092109
84.535,257.82820051816236,-606.3534770738726,-26.748392395492004
84.576,258.0366357965339,-606.7090175166345,-26.79829713611977
84.722,258.2040755065025,-606.9905229761811,-26.83537365345032
84.764,258.36033720693433,-607.2502456555652,-26.867972832887403
84.805,258.53168285851064,-607.5317912138435,-26.89938413862626
84.848,258.72289404470393,-607.8428176125542,-26.92868841496312
84.995,258.89246743640035,-608.1157205612968,-26.95029232027443
85.035,259.1151200930125,-608.4772825216589,-26.974767736788834
85.077,259.3540507493101,-608.8672898232437,-26.997355024245877
85.118,259.55099922305857,-609.1758583770213,-27.012270828445764
85.209,259.7685824814627,-609.5111892132625,-27.02641843533553
85.249,259.98446302976276,-609.8391771583149,-27.038686169936767
85.345,260.22444672765823,-610.2014391426458,-27.051423724531958
85.391,260.51411566406244,-610.6338560249603,-27.06709495120714
85.437,260.81556148822915,-611.0757702738591,-27.084445331374496
85.627,261.0270758792434,-611.378428221187,-27.0986871023525
85.669,261.3618825774076,-611.8440749412257,-27.127048865529957
85.717,261.7125398779616,-612.3185164035874,-27.163061060299867
85.758,262.00565877570875,-612.7077348743106,-27.198399531871104
85.853,262.2633064112415,-613.0454786459111,-27.235050534900097
85.896,262.6857588515598,-613.5998784412774,-27.305037333838982
85.94,262.9852901130071,-613.9978910435619,-27.362517410594762
85.984,263.2915818601115,-614.4120362742407,-27.428736789903837
86.078,263.55236867679406,-614.7674860258055,-27.48882778338634
86.177,263.9236895379398,-615.2832430977024,-27.57735521493464
86.271,264.19510885379066,-615.6720835111084,-27.644821286053173
86.365,264.4665585055649,-616.0692418842431,-27.714202348671307
86.407,264.72822702508245,-616.4671086207373,-27.78165738850393
86.448,264.94679906059565,-616.806054547248,-27.83557118866085
86.492,265.1867411010283,-617.1798237048362,-27.891720096257785
86.593,265.37630044381297,-617.4761557153281,-27.933722512912937
86.677,265.5336065238885,-617.7244536675514,-27.966686542208777
86.718,265.75135427692,-618.0745285361512,-28.00978296256332
86.811,265.9279585665277,-618.3630530244828,-28.04257771537516
86.855,266.1368133249258,-618.7125998894834,-28.07931546095074
86.9,266.3252915459236,-619.0434832474584,-28.111157074309318
87.043,266.49149766144933,-619.3499742326755,-28.140713943909134
87.086,266.70046310703094,-619.7506738849706,-28.181506286739875
87.127,266.92998275866347,-620.2043422420502,-28.23472327078551
87.171,267.0760582291626,-620.492116897376,-28.274351325858902
87.317,267.25403914628487,-620.8408731286436,-28.329408010850784
87.358,267.43451382050705,-621.1907473221379,-28.393251813567105
87.455,267.629825336359,-621.5674878624441,-28.47046217179627
87.496,267.79749985142826,-621.8950195154996,-28.542991799432684
87.538,267.9259535900698,-622.146734399023,-28.602330090769442
87.585,268.1295583338893,-622.549539430034,-28.702121714290115
87.68,268.29310186228184,-622.872669560703,-28.786448449921295
87.728,268.54254672754325,-623.3669388345478,-28.920382260111353
87.772,268.62589950806284,-623.5305458529439,-28.966729828207093
87.865,268.7691373991745,-623.8052696474668,-29.047059313543315
87.959,268.9433438692722,-624.1321064954761,-29.146503736494196
88.0,269.02291392111863,-624.2864585639354,-29.19553544090425
88.093,269.1267159615099,-624.4878779460223,-29.260524547073743
88.135,269.27532361052863,-624.7749762456748,-29.350018978075468
88.277,269.35729993066735,-624.9356032032802,-29.397119786082953
88.32,269.46900959194255,-625.1596966574238,-29.45817805733327
88.363,269.61084474382994,-625.4519447135507,-29.529171138502022
88.458,269.7158239362841,-625.6692947823874,-29.575827480863524
88.503,269.8336606511553,-625.9111973622012,-29.62427890135291
88.595,269.99608356354406,-626.2445487788622,-29.688607942303292
88.637,270.05969921668583,-626.3763093123481,-29.714576063371908
88.679,270.1955944100468,-626.6583723278745,-29.772685079208713
88.774,270.32005695567375,-626.9173685557895,-29.829754482210262
88.816,270.4326445661975,-627.1540483342941,-29.884398714263227
88.91,270.5488826938344,-627.3995213286292,-29.943643018045066
88.951,270.6900538095115,-627.6992719018282,-30.018371787448757
89.094,270.7964645177824,-627.9325796617527,-30.077175328613237
89.135,270.91455541194705,-628.1953622530037,-30.14377524048615
89.229,271.03270626242715,-628.46228255573,-30.21014941996529
89.27,271.1650276696744,-628.7666458689594,-30.283425968033384
89.31,271.2623292551897,-628.9938328153679,-30.336792890740497
89.353,271.4469281954175,-629.4325140360306,-30.4362912084909
89.492,271.56852603603596,-629.7274836329901,-30.50104931267049
89.532,271.6358883221428,-629.8921797423967,-30.53705240633451
89.572,271.8069620308487,-630.3142934044836,-30.62886375768963
89.664,271.8948171194245,-630.5329815220242,-30.675733762994696
89.704,272.0165707363695,-630.8381972862492,-30.7402681668124
89.748,272.1861928752385,-631.2718588611812,-30.829791770356906
89.838,272.27799016664875,-631.516011275522,-30.879255734470718
89.927,272.30098058233494,-631.5790395908479,-30.89189584062163
89.966,272.5104160018456,-632.1893095872367,-31.01061245794034
90.104,272.6302120359464,-632.5816791152669,-31.08377454695662
90.146,272.75026110231295,-633.0089006350315,-31.160908051827278
90.24,272.88369416831927,-633.524270347081,-31.25200412213124
90.281,272.93464035461307,-633.7359814202223,-31.288876800024042
90.372,273.04050502514576,-634.2065442734005,-31.370215916964867
90.411,273.1533031932086,-634.7705267047334,-31.467229001783267
90.452,273.2082672038463,-635.0812834138649,-31.520894883731387
90.493,273.27779933113544,-635.5112789099874,-31.595700249446963
90.584,273.33342642407695,-635.8907236458695,-31.662228433825817
90.677,273.41495857867164,-636.4540156313259,-31.761807952595433
90.716,273.46736956046846,-636.8059921962553,-31.824311119839564
90.806,273.5597322430962,-637.4142464199766,-31.932733610950436
90.893,273.62253774679385,-637.8117563885065,-32.003458832894296
90.933,273.68418961498793,-638.180308537422,-32.068991391135796
91.031,273.8195225090187,-638.8642340692071,-32.243778811693005
91.077,273.86598614308366,-639.0495978325403,-32.33596249814741
91.168,273.9546098577774,-639.3931991387927,-32.50297972363836
91.208,274.07950245294546,-639.8536476046309,-32.718307155270594
91.309,274.18993626804036,-640.2426636183053,-32.890317104714
91.355,274.24319150910907,-640.4274877309754,-32.96813070628434
91.398,274.3735913449932,-640.8796981753133,-33.14559299258508
91.54,274.4845683075865,-641.2638412614558,-33.28080955995716
91.581,274.535031576196,-641.4379986798491,-33.337315407329015
91.621,274.66498183956065,-641.8841278726247,-33.46693367034072
91.713,274.7117332367132,-642.1265320020018,-33.5419559389249
91.805,274.71837114810285,-642.2116293288564,-33.56983621138153
91.846,274.73344944813334,-642.4194826187942,-33.62181722821623
91.887,274.745176572136,-642.5969768086431,-33.64826458770338
91.979,274.75043791706565,-642.681542402142,-33.65509200371798
92.022,274.7680943915571,-642.8856706992644,-33.65453667061769
92.071,274.8022188952591,-643.0527169592892,-33.63595501679242
92.222,274.82354074649703,-643.1294011356522,-33.62253953712735
92.264,274.8864185367197,-643.3117039600105,-33.57780776854747
92.307,274.9474757642826,-643.4561854650032,-33.52876588213189
92.403,275.0169205922326,-643.5975151488354,-33.46677603812668
92.447,275.0597832667286,-643.6808082914921,-33.423314568030094
92.49,275.11520151362487,-643.833912881283,-33.35271798988853
92.586,275.1561372398492,-644.0069988730777,-33.29159681459072
92.628,275.19482304228245,-644.1476281151167,-33.26138891413274
92.723,275.26445269346965,-644.401794773375,-33.25058010966487
92.819,275.36128446761796,-644.6863884400068,-33.256183052088716
92.862,275.439668446388,-644.9112704514985,-33.26716218070439
92.956,275.52507330336243,-645.1732141551964,-33.27453420921671
92.998,275.6246753428785,-645.4887303525933,-33.27442605770506
93.093,275.71447251216944,-645.7793688850924,-33.26522487959306
93.14,275.8205564168478,-646.122910779387,-33.241459619558725
93.187,275.8911761261652,-646.3679023636305,-33.218752855514936
93.229,275.9666117201599,-646.6950934312755,-33.19893689218881
93.325,276.0042502365187,-646.852301069429,-33.195417986835594
93.368,276.1100312020927,-647.2618487427745,-33.20427563724655
93.473,276.17708776979265,-647.5046360450752,-33.22169250369052
93.519,276.2653091235669,-647.8060753951908,-33.25452308441106
93.562,276.34480001523536,-648.0687976045194,-33.29096135073701
93.656,276.35770200820673,-648.1115134457453,-33.2973563911209
93.75,276.5028129016655,-648.5894640110315,-33.37259859345073
93.797,276.5595775458503,-648.7778745549884,-33.40134482440672
93.838,276.6702581495591,-649.1557594389329,-33.45846783883792
93.881,276.71550335975854,-649.311631213211,-33.48066186505747
93.974,276.8420345395489,-649.7524732133522,-33.53828251759688
94.068,276.91963972409377,-650.0254250476562,-33.57007319282823
94.112,277.0197836931233,-650.3760801824496,-33.60734188509025
94.164,277.0979377699328,-650.6490122688971,-33.63494017267601
94.31,277.1840265162036,-650.9483556402561,-33.664713799124684
94.463,277.2749020588238,-651.2658868487716,-33.696650267011734
94.506,277.3849949588776,-651.6614905015692,-33.73765485717297
94.551,277.4853940366261,-652.0235537953469,-33.77719881540429
94.591,277.5611221295418,-652.2929344044524,-33.807308615877105
94.633,277.67646098513376,-652.6986652287846,-33.85263405970886
94.673,277.74669210878426,-652.9393064195723,-33.87942983326781
94.716,277.867396096359,-653.3201312211526,-33.921667747260756
94.807,278.00270071020276,-653.7001836667753,-33.96439704786238
94.899,278.1174161412474,-653.9979050154648,-33.997410775379876
94.939,278.26019148750015,-654.3576393821781,-34.03736332380714
95.08,278.38392581157,-654.6637458916127,-34.07146789959941
95.121,278.5222651550106,-654.991369190302,-34.10773304779116
95.163,278.6540730759224,-655.2913430107332,-34.140762551772866
95.205,278.8147722941498,-655.6415738738891,-34.17897908399965
95.306,278.94372013182965,-655.9101002454202,-34.20765957559723
95.371,279.0927238246973,-656.2079729549326,-34.23822373170361
95.435,279.26261854707184,-656.537607268436,-34.26957671906945
95.489,279.39985177796666,-656.8191495533943,-34.29522805355552
95.53,279.54515880625905,-657.1254508466051,-34.32383645347625
95.625,279.7384438877957,-657.5321892132382,-34.36418514103511
95.67,279.879960225431,-657.8310683368118,-34.39503855818509
95.776,280.009472733489,-658.1065670957533,-34.42334649438749
95.821,280.21504536562384,-658.5504436232321,-34.46665272635295
95.945,280.3626846102629,-658.8723587833807,-34.49630335080917
95.987,280.4938634063575,-659.1596609335302,-34.521423569942215
96.029,280.6588841599397,-659.5200687289328,-34.55222958517612
96.076,280.84494906587895,-659.9243476186006,-34.58752117663511
96.132,281.0037153948348,-660.266651850116,-34.617499957128786
96.282,281.14197884510344,-660.5639750400378,-34.64374879194122
96.326,281.34645194123675,-661.0087198033841,-34.6816462185061
96.429,281.53150686178606,-661.418918601387,-34.71304612527547
96.474,281.6654862595275,-661.7187262549813,-34.73364138862644
96.523,281.8132308435588,-662.052578431652,-34.75524007371777
96.567,281.9961451053391,-662.4704080053675,-34.780528466438
96.666,282.18606857719493,-662.9029841119097,-34.802885828778784
96.711,282.3391902567432,-663.2503174541067,-34.8169120381132
96.757,282.50140642382024,-663.6178441101255,-34.828637386121045
96.856,282.6402374953224,-663.9330282346942,-34.83743167958383
96.957,282.8426921239975,-664.3924339351872,-34.84946033314091
97.001,283.0061777811817,-664.7643926055357,-34.860084646843916
97.045,283.1948378329338,-665.1983997269832,-34.87579380858918
97.153,283.22812805483386,-665.2756706831802,-34.87901295850435
97.197,283.5529490888135,-666.0333076283202,-34.915134804561376
97.247,283.75444840625414,-666.5071997073752,-34.941326041049166
97.346,283.8784104528269,-666.8012649794829,-34.95907670127565
97.445,284.07256931547397,-667.2619721092206,-34.99002950051732
97.489,284.2582788228366,-667.7008150842913,-35.025613377817166
97.54,284.38391560133005,-667.9983858174455,-35.05422812807868
97.648,284.5227622409671,-668.3285701451447,-35.08971376438336
97.698,284.6715038318598,-668.6826026971133,-35.129437266732225
97.742,284.80446994486806,-668.9994112545048,-35.16387301382477
97.843,284.943467255209,-669.3319043076925,-35.19851479097969
97.888,285.0985262112616,-669.7095762455156,-35.235400982104636
97.989,285.2557920356371,-670.098724328266,-35.268614986792244
98.035,285.39298525019075,-670.4362450359012,-35.29426153170934
98.082,285.5635687305149,-670.8567515287293,-35.32297921869102
98.183,285.66995247672804,-671.1183036896708,-35.33914715162766
98.228,285.83781973600253,-671.5284816539867,-35.36285029124997
98.327,286.0092807441811,-671.9438405754414,-35.38503268135463
98.375,286.14295041210505,-672.2689690436689,-35.40233165523796
98.42,286.2883131926211,-672.6270499674854,-35.42099927151705
98.468,286.4669988993619,-673.0728838400922,-35.44404951431858
98.582,286.57508548962966,-673.3488413056217,-35.458647194195464
98.623,286.74402335152854,-673.7874370097528,-35.48128517935817
98.665,286.8916766842963,-674.1710305704809,-35.50166249263876
98.761,287.0232580151902,-674.5145651684657,-35.522057746075916
98.804,287.17182940182096,-674.9040152380713,-35.54881070779322
98.898,287.28806522957376,-675.2111134779447,-35.573697076741155
98.945,287.38596844271854,-675.4701875966133,-35.59831990375136
99.045,287.5132606863975,-675.8099777966108,-35.634822668114765
99.088,287.62381157529114,-676.1118751302233,-35.67061929689436
99.183,287.74081271908864,-676.4394719447484,-35.7112290687881
99.226,287.84549319509324,-676.7384325051547,-35.749215252888064
99.279,287.98093597053276,-677.132426985803,-35.80120505006033
99.374,288.0628391438481,-677.3752053652265,-35.83453448032918
99.468,288.18061305543745,-677.7305919613236,-35.8857541719006
99.513,288.2640047568334,-677.9858727211001,-35.9241613830433
99.605,288.37022675098876,-678.3196561510752,-35.97646755454551
99.647,288.4608118327005,-678.6148889092099,-36.02373961831347
99.742,288.5657842963948,-678.9522652880189,-36.0780618670596
99.784,288.65192606098304,-679.217172667225,-36.120676448099914
99.878,288.7456397163059,-679.5038641074184,-36.16659120091683
99.919,288.86103563352447,-679.857213420431,-36.22317341552014
100.012,288.931890546498,-680.0769062475964,-36.25843862757603
100.056,289.045257943693,-680.4291831501196,-36.315863227126044
100.1,289.1611126402904,-680.7873289046103,-36.3748346836893
100.194,289.2542243712334,-681.074148303005,-36.42181560062528
100.236,289.34744741449276,-681.3643643615171,-36.46864435526203
100.338,289.4411032254215,-681.6587367340107,-36.51614478968929
100.436,289.547625871387,-681.9941471082332,-36.570396368859434
100.489,289.6613061436886,-682.3462088891949,-36.62635708878622
100.535,289.7641613942556,-682.6614503918648,-36.67553647468236
100.678,289.8565311133366,-682.946104433066,-36.71892719589053
100.721,289.9746374134312,-683.310321192496,-36.77296254919622
100.775,290.0780823778858,-683.6293503606217,-36.81894953765743
100.815,290.19023064548,-683.9754373853636,-36.8673162390362
100.858,290.2908075406553,-684.2864379537449,-36.909453785668575
100.954,290.39602504028494,-684.61184601209,-36.95345206398429
101.057,290.51417539402155,-684.9774545980936,-37.00527013423181
101.1,290.61649486966974,-685.2926282814643,-37.0512115919845
101.143,290.72469410233947,-685.6245167470569,-37.10009635444868
101.187,290.83889902010776,-685.9720315310465,-37.15121612973229
101.295,290.9241199483042,-686.2292713096631,-37.18888323944606
101.34,291.07082453818407,-686.6704594338512,-37.25305327109493
101.436,291.16723568770396,-686.9607901770408,-37.29448164906532
101.487,291.27369956331495,-687.2823596138475,-37.339245183593675
101.541,291.40448700300294,-687.6773667829483,-37.39319744863022
101.632,291.50049044866444,-687.9689177127254,-37.43347910435057
101.683,291.6263398038261,-688.356914077616,-37.48649071568653
101.809,291.7343578575176,-688.6923003628574,-37.53154721147939
101.85,291.83476840439664,-689.0051568653328,-37.57314943269938
101.893,291.964724134167,-689.4076956221094,-37.62767330466016
101.994,292.0848560832655,-689.7779498892705,-37.67923779398717
102.038,292.19379081071816,-690.1143318387396,-37.726481908423864
102.082,292.3291997905455,-690.5348848256945,-37.78510232689382
102.187,292.4963235733311,-691.0565342914174,-37.856194615806714
102.228,292.5618631973321,-691.2626237017736,-37.883475612134504
102.272,292.69947429278125,-691.6990795592492,-37.94031898055863
102.372,292.81924554616563,-692.0815680613478,-37.99039447594083
102.414,292.9292655456383,-692.430937003355,-38.0381487997077
102.513,293.0694928000522,-692.8746116595291,-38.10206726761544
102.559,293.1938485076135,-693.2663783754533,-38.15911150791459
102.657,293.32868695124586,-693.6911395178751,-38.21953742788304
102.758,293.4531827654958,-694.0847812190854,-38.273526247876816
102.803,293.57915480175404,-694.483425011878,-38.325006301908815
102.843,293.71146515240605,-694.9041105501663,-38.37599512661404
102.895,293.8287736240119,-695.2770368282138,-38.4196652512951
102.996,293.95190616895934,-695.6670052881286,-38.46530379475632
103.041,294.0866215068949,-696.0883801587297,-38.5141649557666
103.15,294.21067977590695,-696.4733393333414,-38.557663521770934
103.199,294.4137875061436,-697.1005835877252,-38.626774200186816
103.256,294.48637668207095,-697.3238155757759,-38.65135549964293
103.301,294.6438253303568,-697.8089148480564,-38.705620731457884
103.35,294.76654621264714,-698.1890345153847,-38.75037993465526
103.635,294.8684975901293,-698.5033594664318,-38.789808510780006
103.69,295.09172949061997,-699.1889099559493,-38.88419765049093
103.735,295.1766866975503,-699.450704885361,-38.92345732441248
103.778,295.3238076696134,-699.8995926195247,-38.9956693267157
103.819,295.4830185783577,-700.376164226128,-39.08070793833423
103.861,295.63009562106595,-700.8168138671269,-39.16757791541653
103.908,295.7128885007363,-701.0650526477115,-39.22027913774858
103.952,295.8437429436182,-701.4544446870572,-39.30901919150412
104.048,295.99592598212996,-701.9066526341143,-39.418076302695454
104.091,296.09749665122797,-702.210359757251,-39.49304107263288
104.134,296.2052497367747,-702.5330505195063,-39.57325773296964
104.179,296.34134179767204,-702.939608799753,-39.6742399405872
104.326,296.44066062358456,-703.2372704450842,-39.74676866676447
104.371,296.5465688579566,-703.5545659910309,-39.82262552380956
104.415,296.66493499949155,-703.9098465601927,-39.90589693823023
104.459,296.83717285022465,-704.4284831495191,-40.024571095176185
104.505,296.8989284129929,-704.6157332971788,-40.06641814661879
104.602,297.070313147279,-705.1358982536959,-40.17949432621225
104.648,297.1304335723713,-705.3171245633886,-40.21751232963203
104.743,297.28422026805333,-705.7796356647534,-40.3116006401778
104.786,297.43568891290886,-706.2394475046381,-40.40019653076496
104.881,297.52014565907297,-706.4979391402419,-40.44725444427195
104.933,297.65249824812815,-706.9033091124435,-40.517035198690394
105.026,297.7913716274892,-707.3284502329624,-40.58596510652933
105.123,297.92897377357366,-707.7527656173055,-40.65038339180035
105.172,298.07555479872815,-708.2040085825719,-40.71476436634504
105.267,298.17774724897674,-708.5137905605313,-40.75559274601369
105.313,298.26621382181736,-708.7813486671008,-40.788786558005995
105.362,298.46543273052544,-709.3869988170721,-40.855909835099794
105.416,298.57121242153295,-709.7101874224245,-40.887972433652635
105.543,298.7225296587347,-710.1747710593335,-40.93130321796389
105.587,298.8672902864694,-710.6197691828049,-40.97123903824371
105.629,298.9839840842103,-710.972960685038,-41.00496174502041
105.671,299.1533905906708,-711.4771769648523,-41.05594978480906
105.764,299.2607684784922,-711.7959930913815,-41.0895225270699
105.858,299.46791964420294,-712.4079737901745,-41.15724836314973
105.902,299.6474720491382,-712.943729221728,-41.22362298858934
106.0,299.73200363625455,-713.1993750455505,-41.258295848695866
106.043,299.9479218920117,-713.8485400170292,-41.358383828264664
106.138,300.13295929571564,-714.3969346524726,-41.45824968328799
106.192,300.2188061465538,-714.6476624206033,-41.50655712795259
106.25,300.43648473548217,-715.2773611377763,-41.6325039441337
106.343,300.6025868094463,-715.7551691566302,-41.731232922475044
106.387,300.67751327539713,-715.9736378218199,-41.77728350617082
106.43,300.84617363403925,-716.4723766017538,-41.88533298727032
106.472,300.9595486684848,-716.8126699616425,-41.962925149995556
106.567,301.1022507679548,-717.2392975993532,-42.065373780689015
106.66,301.1718236262776,-717.4439725440318,-42.11584013389614
106.702,301.2771870399931,-717.7525461277709,-42.193437956850005
106.795,301.38420919953865,-718.0658231817156,-42.27051322062454
106.837,301.4532335492986,-718.2678378701121,-42.31718128110674
106.98,301.56567505515596,-718.5982860286092,-42.386929687429415
107.024,301.61828466886027,-718.7537217104115,-42.41649333009656
107.067,301.7723964961342,-719.2095805760194,-42.489417539405736
107.114,301.87146105628244,-719.5155486194535,-42.53160506363281
107.308,301.98911016302156,-719.8936956111688,-42.585547348108605
107.35,302.08270632968936,-720.1964211106913,-42.631869678622536
107.395,302.1910304437483,-720.5459567346973,-42.68913275868198
107.439,302.2976878681052,-720.8892787922027,-42.74842361754526
107.48,302.3798828474098,-721.1537697502647,-42.796747838770216
107.521,302.4844993105154,-721.4927020128222,-42.860888497264
107.616,302.58361722295473,-721.8148510739404,-42.923021931625556
107.708,302.6660662619041,-722.0820845141544,-42.97427468917266
107.747,302.7748362591361,-722.4334027451129,-43.041256395481696
107.841,302.88093937531266,-722.7777087830414,-43.105428597889556
107.884,302.95484355330495,-723.0191952654468,-43.14840860889831
107.978,303.0682073316862,-723.389317526989,-43.210882688949255
108.022,303.12298610969845,-723.566488122931,-43.239450796865185
108.065,303.26701821360666,-724.0300884143379,-43.31065992691026
108.109,303.3922475637672,-724.4342454685934,-43.36717488474676
108.207,303.5282950455077,-724.8733941787127,-43.423445220926226
108.304,303.6354141202064,-725.2179644134421,-43.465336561193396
108.348,303.74938242348856,-725.584137432101,-43.50869020275189
108.448,303.88933070278586,-726.0351578803954,-43.560707615687704
108.492,304.0170520241769,-726.4446466816582,-43.607263182346344
108.594,304.134436188288,-726.8193505990185,-43.64911475066771
108.64,304.2572780257622,-727.207112665183,-43.69098657404652
108.705,304.3810990392794,-727.5942370394929,-43.73072107580282
108.745,304.5202197367972,-728.0282732449751,-43.77257556963974
108.849,304.6627417767229,-728.4704510715829,-43.81341062529316
108.94,304.7525135719514,-728.7472181329168,-43.83863426324814
108.981,304.89521860319354,-729.1807784528316,-43.879831472309206
109.021,305.0188055972149,-729.5591053532554,-43.91568441951699
109.114,305.1643831874886,-730.0048613087113,-43.95499050066303
109.154,305.28809731549103,-730.3889715599139,-43.98649445187442
109.244,305.4213393370239,-730.8085678431313,-44.01992498891019
109.285,305.5745071970176,-731.3156758228275,-44.060175824383464
109.331,305.6712016727461,-731.6536167077223,-44.08861303060576
109.471,305.82982513572705,-732.2168800537215,-44.142621142822804
109.512,305.9396969870052,-732.6225898022245,-44.187597516617814
109.552,306.049520768114,-733.0539260810446,-44.242294964858615
109.603,306.18701374467065,-733.6417013709995,-44.33177222859018
109.693,306.2789315492405,-734.0653102606994,-44.40571204824664
109.832,306.3675528365968,-734.5070912071691,-44.49038691295732
109.876,306.470198629497,-735.0397565042621,-44.60033849538087
109.921,306.54737392528773,-735.4435961882504,-44.689047444241396
109.965,306.62413641950184,-735.8625627278147,-44.78489994701454
110.007,306.7155192305853,-736.3767692257859,-44.90717410882678
110.154,306.7841875292849,-736.7628038408964,-45.00174089468686
110.195,306.85637830702603,-737.1658865298776,-45.10095884088457
110.237,306.9576713763703,-737.7122176564,-45.233586497650265
110.328,307.0373057572977,-738.0931171559278,-45.32458775028908
110.374,307.1485497573535,-738.5585026566463,-45.4303472584898
110.42,307.23371183225976,-738.8897242916453,-45.49976629306008
110.565,307.3526089040647,-739.3194799487833,-45.58327301647273
110.605,307.49043476045534,-739.7744539663906,-45.66511667813592
110.645,307.60999927233803,-740.1540238089276,-45.72761615212943
110.689,307.7810746113703,-740.6617717472071,-45.80504913568842
110.779,307.9297905285822,-741.0622315034653,-45.86139163117127
110.872,308.10400346998676,-741.4957612281855,-45.91801700880427
110.96,308.26372494446593,-741.8702844896,-45.96342847168995
111.004,308.4445477107365,-742.2722576738329,-46.01034936374651
111.046,308.64246469311905,-742.6905839046561,-46.0581980350409
111.138,308.89504432162846,-743.2100831896388,-46.11815006126761
111.229,309.05227773543055,-743.5479388953624,-46.15867355068639
111.269,309.29153080862,-744.0652375586366,-46.223887154303895
111.359,309.47788502129674,-744.4670873347795,-46.27532929845364
111.402,309.67236021449474,-744.8796531749913,-46.33020122973278
111.494,309.9164695153521,-745.3920528150753,-46.401610387366816
111.544,310.1007881284668,-745.782721122999,-46.45878730169983
111.649,310.33153882921516,-746.2680924391937,-46.53591558797427
111.691,310.5755918360834,-746.7776055509936,-46.62744316153521
111.734,310.7227668019196,-747.0854693347525,-46.68710686115975
111.83,310.9561942647357,-747.5766333081381,-46.78584291588737
111.876,311.196670120126,-748.0897930654395,-46.88948504157986
111.926,311.3753404034268,-748.4812745562292,-46.968313342201725
112.037,311.5648064577636,-748.8997050910878,-47.05294539499363
112.136,311.79496448107926,-749.401822361532,-47.16009651519471
112.179,311.97072306446245,-749.7851002169258,-47.24661488798563
112.223,312.15097926596934,-750.1793057857769,-47.33914917594518
112.318,312.2208330482932,-750.3339997120084,-47.37528379190661
112.362,312.57489223142557,-751.1115579636283,-47.55017958067998
112.459,312.7239388104475,-751.4312835470615,-47.618480114328065
112.503,312.95098594082293,-751.9039473684646,-47.71810103632862
112.598,313.1269858464059,-752.2601417928769,-47.794284919288145
112.64,313.31296335233617,-752.6293434646799,-47.87456272611274
112.683,313.5401619716387,-753.0726623255183,-47.971412219892215
112.777,313.7209868953417,-753.4156006682596,-48.04510020986021
112.872,313.9578752279533,-753.8578848579753,-48.13693858890571
112.914,314.18931779832906,-754.2823708883045,-48.22154185084406
112.968,314.3452483096014,-754.5629765478908,-48.275975321386284
113.104,314.589206983144,-754.9918412973792,-48.357453578388345
113.171,314.82510186609744,-755.4150194131486,-48.433863098489326
113.239,315.00864026712657,-755.7465516985449,-48.49097107529565
113.281,315.20295184673,-756.0968094808132,-48.5487884510095
113.323,315.41175602732966,-756.4734071658156,-48.607745120155414
113.366,315.62909667579606,-756.8658281119551,-48.66641364649371
113.463,315.8225441735543,-757.2156896783309,-48.71637872779138
113.509,316.10295959352794,-757.7214687228559,-48.783085168834646
113.555,316.2496854723587,-757.9864631533226,-48.81484758426626
113.714,316.44475946988683,-758.3391037427418,-48.85466706311598
113.756,316.65367807191734,-758.7175820887836,-48.895188757714095
113.797,316.8214386701135,-759.0233752810643,-48.92814412148624
113.839,317.01876196710225,-759.385252064585,-48.96905589491456
113.934,317.201935587862,-759.7219333029634,-49.00916699692368
114.032,317.37042292505123,-760.0306479178474,-49.04561275082051
114.08,317.54900385634573,-760.358972786666,-49.08355836300035
114.123,317.7516602045314,-760.7326003038028,-49.12713879292346
114.219,317.95005009400336,-761.0974036204975,-49.17132804425148
114.263,318.1268835827821,-761.4212270605058,-49.21238671055505
114.304,318.2735960323503,-761.6915412948023,-49.249472127457636
114.451,318.4961334191109,-762.1023783162398,-49.31151590100643
114.494,318.64985325364705,-762.3847414677679,-49.35706376875021
114.537,318.8210637510893,-762.6956255506735,-49.40738307419525
114.633,318.99475408784184,-763.0137833370142,-49.456089837766
114.727,319.10980038866245,-763.2251371289464,-49.487196124950515
114.773,319.2763806189802,-763.53093584762,-49.53117819571878
114.815,319.39894023616347,-763.7561767964614,-49.56338687228788
114.908,319.5275801162999,-763.9916823633151,-49.596872143828136
115.025,319.69268825530935,-764.2941095040851,-49.63921486829588
115.067,319.82054001804835,-764.5271486744266,-49.67031852692827
115.109,319.9639939780598,-764.7868750565999,-49.70299825210043
115.205,320.15116516670787,-765.1228246466314,-49.741209304569054
115.253,320.2878511102213,-765.3692030846184,-49.7664414108786
115.3,320.4660611814074,-765.692002832553,-49.79615003890643
115.342,320.638520892865,-766.006457567457,-49.822979341422865
115.438,320.7820735620908,-766.2695050235574,-49.84469831510722
115.537,320.9741116705778,-766.621463303071,-49.873544385488856
115.58,321.1440178575173,-766.9308180300474,-49.89962092364465
115.675,321.3368361311571,-767.2795421352796,-49.92968587158299
115.718,321.51417320983825,-767.5991430169253,-49.957370548205745
115.763,321.77766011702283,-768.0742471719946,-49.99912196778155
115.86,321.99740524473367,-768.4709191071137,-50.03671459483877
115.903,322.09841044338407,-768.6546822398208,-50.05625978584118
115.995,322.30764656090645,-769.037081241751,-50.101691560879544
116.036,322.45216706372224,-769.3093878200074,-50.13855011261364
116.129,322.60698389176855,-769.6181726607475,-50.1858090045551
116.221,322.71952265897846,-769.8571994938425,-50.22706676361656
116.321,322.82546267302564,-770.085360500809,-50.27075036679315
116.363,322.90978619624207,-770.2633189819691,-50.30765739652776
116.405,322.98827816505224,-770.4246423204673,-50.343135817667815
116.449,323.0890349587667,-770.622799030781,-50.389675903961745
116.492,323.12004302760926,-770.6813064018107,-50.40395508044679
116.589,323.1895330584874,-770.8025875201632,-50.43380126632178
116.684,323.2384586514636,-770.8787431647683,-50.451426174292806
116.729,323.2646039649195,-770.9153864509672,-50.458799953790674
116.777,323.31199112803387,-770.9883544839624,-50.469442211454464
116.844,323.32447396210887,-771.0181661686057,-50.4734159658085
116.96,323.3533779737508,-771.0879496966609,-50.483160799421285
117.055,323.3924418330722,-771.1808938249188,-50.4976052764826
117.096,323.42097496930785,-771.2471445066285,-50.50848071055913
117.141,323.4416334355268,-771.294600857238,-50.51649675054057
117.235,323.4802474572765,-771.3823735639802,-50.53175996962227
117.282,323.5007581236354,-771.4299745612693,-50.540466605174174
117.323,323.5351338036321,-771.5111361616387,-50.556336407064464
117.419,323.57954605520877,-771.6169343503506,-50.57886960639371
117.462,323.5984761240794,-771.662198507434,-50.58892745129913
117.504,323.64249689686653,-771.7667705562909,-50.61265125891339
117.598,323.68762521834554,-771.87393963066,-50.637200698504614
117.646,323.73786623524626,-771.9934912662158,-50.66436136111838
117.744,323.7871733410321,-772.1105512534222,-50.690713313217884
117.789,323.8528663496273,-772.2664423684969,-50.725472023710154
117.892,323.9063496144313,-772.3930152036473,-50.7535380067514
117.935,323.9668267380198,-772.5358482952863,-50.78515720143213
118.04,324.0463982341641,-772.7240311514271,-50.82680910422772
118.086,324.13969040574085,-772.9424706008621,-50.87334831792566
118.18,324.1761228012805,-773.0279553471332,-50.89111690238701
118.223,324.26513437109986,-773.2350451240999,-50.93379694300853
118.317,324.36668805893726,-773.4683775317491,-50.98239085479446
118.36,324.4070288891128,-773.5621011477612,-51.00181772787141
118.404,324.50157012064557,-773.7847833891365,-51.04715180162799
118.499,324.6059450873295,-774.0346234097901,-51.09575953787106
118.542,324.64924108034796,-774.1381485992987,-51.11520075623048
118.638,324.78086902544237,-774.4532634922087,-51.171425863895706
118.68,324.86392257259746,-774.6526903481652,-51.205486245195175
118.776,324.909118290597,-774.7616290812066,-51.22386977649421
118.843,325.0471425014098,-775.0924274171658,-51.279327426652344
118.887,325.10873965356643,-775.2390674106549,-51.30398895800869
118.987,325.2092268870094,-775.4765596787053,-51.34396154444039
119.039,325.3153873423074,-775.7222664491841,-51.38368144554141
119.083,325.38357955873937,-775.8799517972083,-51.40791684887773
119.125,325.4961718133837,-776.1425760690743,-51.4475152327459
119.28,325.6204378653578,-776.4356948368794,-51.49041092756801
119.321,325.71519777534024,-776.6655594721169,-51.52147177617678
119.377,325.8202494458995,-776.9206332118284,-51.55227219759814
119.428,325.99271221546445,-777.3398590450956,-51.59502252981423
119.474,326.0770491787518,-777.5457035289169,-51.61405409064497
119.576,326.194012585889,-777.8311236701982,-51.639315193620746
119.723,326.3551383373127,-778.2240513440595,-51.67308254100385
119.766,326.46412167669655,-778.4904503197342,-51.69617986977471
119.811,326.5841859817125,-778.7882426414347,-51.72445612077155
119.857,326.7575703478651,-779.2217826435092,-51.77124740182984
119.904,326.8999078927305,-779.5802090051184,-51.814304389094616
119.995,326.96765160974735,-779.752386378117,-51.83619271742788
120.041,327.14743516784984,-780.2274621585776,-51.89957345872938
120.087,327.18837991879343,-780.3435093999072,-51.91564785596279
120.191,327.3517036899119,-780.8513707287874,-51.9882807826404
120.284,327.4911271558495,-781.326986981565,-52.05851468057563
120.325,327.56127617419895,-781.5827679021538,-52.097092646950216
120.368,327.6536951625966,-781.9371981358737,-52.15174940627054
120.463,327.7844050781269,-782.4823805128398,-52.23717565481144
120.555,327.86354589579105,-782.8426966141277,-52.294327198768826
120.598,327.9295236552249,-783.1705773477094,-52.34745340657133
120.649,328.01642918546383,-783.6515426890656,-52.427755746377954
120.747,328.0629372711265,-783.9268233197807,-52.47414836272975
120.84,328.1560598249003,-784.4367672642308,-52.56142382593714
120.882,328.24316907062394,-784.8885524318255,-52.63876643718146
120.927,328.3226563309369,-785.2522725658939,-52.7012116432515
120.971,328.42663424286627,-785.6944595457657,-52.77606076453941
121.069,328.5114760733573,-786.0477139602482,-52.8348469938158
121.165,328.5578059987084,-786.2359203152017,-52.866102107930544
121.259,328.65962580615076,-786.6440828844393,-52.9332074397592
121.303,328.7517278547473,-787.0026893172948,-52.99032303488849
121.345,328.8808448505697,-787.4913313790685,-53.06409059656403
121.386,328.9634232046775,-787.794588741617,-53.108062396717685
121.532,329.05483230648525,-788.1518866968678,-53.15911977428124
121.573,329.213461901748,-788.7843637526503,-53.24894451215067
121.616,329.3284093152033,-789.266584935558,-53.317081287685994
121.659,329.39292151288043,-789.5481303893743,-53.35687676707664
121.804,329.4749432216474,-789.9158323261772,-53.40898778803614
121.847,329.6170527826882,-790.5799452618987,-53.50618106126973
121.889,329.6856102035605,-790.9082795297392,-53.55733708087962
121.983,329.7898510207266,-791.420337691748,-53.64169830716179
122.077,329.8940768258575,-791.9536475632989,-53.73469776747464
122.125,329.9560753920869,-792.28544585933,-53.794678577516095
122.169,330.0688778946505,-792.9205315723206,-53.91104304689293
122.212,330.1261735643295,-793.2522816408326,-53.97271307260496
122.308,330.24482108171327,-793.8951718788207,-54.096933295808185
122.349,330.3274615779197,-794.3169592005672,-54.18210631546532
122.447,330.44143912441996,-794.8309854962434,-54.288432399856504
122.542,330.5423141641638,-795.2532746079924,-54.37739514214218
122.585,330.6443902531366,-795.6633917791243,-54.46345648665283
122.628,330.8023720051046,-796.2654744895566,-54.587142665349575
122.722,330.8862273150766,-796.5691372515487,-54.64746753515419
122.764,331.0443674341208,-797.1199870119794,-54.75471283956273
122.858,331.17396679745696,-797.5541101958453,-54.8353136481507
122.963,331.26052759431434,-797.8372777133364,-54.88588396920261
123.035,331.4243379965084,-798.3463362333646,-54.973789872006876
123.077,331.5296983162013,-798.6604996406039,-55.0266981321156
123.12,331.71034123283385,-799.1797816152914,-55.112043781630916
123.251,331.8437375420245,-799.5606384439853,-55.17208791502139
123.295,332.00474713455964,-800.0148040004918,-55.241140168681795
123.344,332.1290565018659,-800.3580686681513,-55.292449513566794
123.399,332.2664112044889,-800.7303144452923,-55.34875289323003
123.468,332.43912817780546,-801.1915727688161,-55.42155887624557
123.572,332.59901698014073,-801.6146566212556,-55.49225137713057
123.666,332.74296806063626,-801.9900154201614,-55.557657423059425
123.711,332.9104369678043,-802.4209454247056,-55.63489868380799
123.753,333.0459293968938,-802.7679625937818,-55.69841485316704
123.799,333.19096600701073,-803.1377867864963,-55.767548900101076
123.849,333.37445040485545,-803.6005687591264,-55.856692753799734
123.947,333.53831304572316,-804.0116916423391,-55.937867709624015
123.997,333.7131153978901,-804.4462000406529,-56.02418688695218
124.094,333.8672214235429,-804.824659316861,-56.099017351884015
124.146,334.0329620614636,-805.2296159246766,-56.177005412077676
124.19,334.1844675200078,-805.5934771145412,-56.244496259082496
124.233,334.34415755555335,-805.9724575230106,-56.312549853233634
124.38,334.5087749845043,-806.3614770994357,-56.3802378316031
124.422,334.69039452442485,-806.7883030417023,-56.451730464006175
124.467,334.88074522549994,-807.2308016038409,-56.52318604393952
124.512,334.9974146434503,-807.4999225543002,-56.565647487494914
124.611,335.2078340809791,-807.9844628767245,-56.63896397632976
124.664,335.3386371975919,-808.2818794329654,-56.68123619929048
124.763,335.5246969853973,-808.6994686377749,-56.73671559731986
124.805,335.66096432783246,-809.0015184095855,-56.77439865274238
124.955,335.773404614159,-809.2495132807849,-56.803996585708035
124.998,335.9323312885575,-809.5989252031104,-56.84477521252052
125.055,336.0528293068529,-809.8663509014033,-56.876434260079805
125.164,336.2204438253206,-810.238093926555,-56.92134196883768
125.232,336.34738942448047,-810.5183337785583,-56.956292627171706
125.301,336.48472999597294,-810.8198453884266,-56.9947579886383
125.368,336.6651991378782,-811.2151425634654,-57.047222975160935
125.434,336.8000237709247,-811.5102904780358,-57.08860266012374
125.489,336.94162043892646,-811.8175438520818,-57.1336647270507
125.533,337.1241055630865,-812.2054621631166,-57.194994539645336
125.576,337.2569199488921,-812.4842428173674,-57.243639969710614
125.619,337.39755860075377,-812.7764623675758,-57.299044211083356
125.717,337.53875566198025,-813.0665898569745,-57.357158561393476
125.759,337.715773483539,-813.4279006317385,-57.431921257298484
125.907,337.8683979561411,-813.7364132891677,-57.49749872922882
125.953,338.0680544750037,-814.1410024390389,-57.58652637617155
125.999,338.24164886680785,-814.4926990182146,-57.6655382744662
126.046,338.3980285565568,-814.8063632046665,-57.73746107078955
126.088,338.5341978327678,-815.0746230980064,-57.80088634280003
126.187,338.74511828043336,-815.4876091668343,-57.90033770073654
126.231,338.89569024397855,-815.7804236403282,-57.97141476169702
126.276,339.06331844510237,-816.1047957694998,-58.050372823597115
126.372,339.23102212083097,-816.4297181120622,-58.12868051540863
126.468,339.38227927850073,-816.7231692520875,-58.19823159430672
126.523,339.5739194122181,-817.0959837181682,-58.28521387320427
126.672,339.7145114959757,-817.3693448353611,-58.347831844045174
126.715,339.86199090815035,-817.6560271367048,-58.4123382307277
126.756,340.06704885065585,-818.0525791611993,-58.498775623212794
126.799,340.20369471777747,-818.3162597810978,-58.55251308033871
126.844,340.34846386177446,-818.5948191753151,-58.60592281173882
126.896,340.5528847823923,-818.9889283489077,-58.6762756863788
126.99,340.6590470650804,-819.1949149107402,-58.71020252511511
127.082,340.83170236511205,-819.5320305549188,-58.76209753367459
127.126,340.97183959299906,-819.8076462974614,-58.80186496636628
127.174,341.13725867808796,-820.1338005289822,-58.8469697709686
127.315,341.28470247328175,-820.4239910191478,-58.88611771864902
127.357,341.5083570699934,-820.8607051347602,-58.945450391561224
127.406,341.64139172412797,-821.1190108014492,-58.98121396755619
127.45,341.80835332635286,-821.4410052023642,-59.02649456305062
127.547,342.07527667221717,-821.9498006295183,-59.09857522228299
127.644,342.1675876630952,-822.1250004022017,-59.12317532953665
127.686,342.3706141489581,-822.5106683433261,-59.17891630684011
127.778,342.54512986483553,-822.8423397673399,-59.229248295172624
127.818,342.74392739626427,-823.220975215281,-59.289919956188385
127.908,342.9570586176028,-823.6341009186002,-59.36367512126782
127.958,343.1388284378209,-824.0001143254955,-59.436806781728194
128.004,343.32934936977404,-824.3873617223306,-59.52072554614932
128.145,343.5417724734184,-824.8175275570107,-59.62215172423549
128.186,343.76610269506716,-825.2731508413941,-59.73868135850984
128.228,343.92694309441043,-825.6068179015987,-59.828158452199546
128.269,344.09899927328365,-825.9660652713167,-59.9282043612659
128.368,344.30520878736417,-826.403041442038,-60.05291604937446
128.408,344.5547308449029,-826.9401123036203,-60.20616968193656
128.5,344.6427275960357,-827.1299324843626,-60.260041204795584
128.542,344.8269468435924,-827.5278758928504,-60.371820578419204
128.635,345.04071263493785,-827.9801761738686,-60.49216925324566
128.677,345.12662053199756,-828.1578271919825,-60.5362354114053
128.776,345.36911142040003,-828.634032657141,-60.64110070086633
128.817,345.5269178945091,-828.9288309486166,-60.69468060077287
128.865,345.7014027883046,-829.2549779854353,-60.743859561673844
128.956,345.93598755003336,-829.7311097892883,-60.8066010578396
129.002,346.1370828197495,-830.1564892055347,-60.85918892241955
129.146,346.29071808120113,-830.4787598711036,-60.89903682050226
129.187,346.5223370934498,-830.9583743209588,-60.96283657659677
129.228,346.7411495548298,-831.4033143040577,-61.02845798887722
129.329,346.84647214532936,-831.6137518660897,-61.06104970668031
129.374,347.16366100612674,-832.2464562655692,-61.16076035422384
129.471,347.3479967496427,-832.6239297154794,-61.22092297877373
129.566,347.5197802179108,-832.9812438529549,-61.278304536897906
129.607,347.76955097687744,-833.514006337582,-61.369464825292255
129.647,347.9012288287509,-833.7983416297569,-61.4217738660891
129.736,348.07350422258395,-834.1723468928166,-61.49392119517563
129.785,348.28174967200016,-834.6297200041982,-61.58583863049358
129.831,348.4641903178733,-835.0413307777211,-61.669939568238476
129.876,348.62703268424445,-835.4151299445666,-61.74646524136284
130.017,348.8675863167284,-835.9368745016556,-61.865813676143716
130.058,348.99350095154125,-836.2153182019692,-61.9358200000089
130.156,349.165109538944,-836.5759523307123,-62.02378939695171
130.198,349.3676174403123,-836.9910047596061,-62.119174651896856
130.29,349.5622471395975,-837.3839332629533,-62.20359898007558
130.334,349.73385098339645,-837.7267919580363,-62.27301782367692
130.398,349.9381409585189,-838.2224607222544,-62.42155267723854
130.495,350.0594713724365,-838.4665541180825,-62.48782803057679
130.538,350.232887219189,-838.7947411055096,-62.572380920914384
130.634,350.5190973274897,-839.2931511490953,-62.68225310312641
130.678,350.621970272513,-839.4671843861752,-62.71483831399678
130.774,350.84214032010783,-839.8365643655314,-62.77427846250396
130.817,351.10558162627973,-840.2853196311659,-62.83503473872241
130.857,351.2440382175984,-840.5238378767795,-62.86336708157029
130.947,351.45408532977274,-840.9185845846631,-62.909930652308105
130.987,351.6841356849893,-841.3923007711084,-62.97465870195623
131.084,351.80100496590615,-841.6433935816842,-63.014003054705995
131.123,352.0066235352906,-842.1163786226977,-63.097295517194425
131.221,352.1832195429309,-842.5553606075953,-63.18422216958248
131.26,352.3468549851692,-842.988732543639,-63.27713423671025
131.397,352.41910605472617,-843.1879065741853,-63.32145553552442
131.436,352.5645451370845,-843.6060130573414,-63.417192773964985
131.525,352.7546435862921,-844.1938918205855,-63.55459896690195
131.566,352.8192820714854,-844.406974196091,-63.604865993783676
131.61,352.98714318086184,-845.0061014739528,-63.7484240841797
131.703,353.1100123268674,-845.4812924744092,-63.86374608495515
131.744,353.18681071845515,-845.770028062942,-63.933696155170594
131.791,353.29547739372595,-846.1602992342614,-64.0279747358519
131.935,353.4176545337464,-846.5780525291896,-64.12835140502176
131.977,353.5560297373107,-847.0018296631372,-64.23059832849913
132.069,353.7216654738797,-847.4342086493187,-64.33597254707502
132.11,353.8272482874356,-847.6858262299628,-64.39705203186571
132.153,354.03703067982093,-848.1398534678029,-64.5071495691385
132.243,354.27536920973296,-848.588461962586,-64.61574003027266
132.383,354.455155381335,-848.8974664728104,-64.68922413565389
132.422,354.5847353919828,-849.1237024835091,-64.74168007893422
132.462,354.86875772426606,-849.6076495209893,-64.84828743911004
132.55,355.0570594408277,-849.9123767544481,-64.91116814326267
132.686,355.1997506565506,-850.1350026496398,-64.95565413117157
132.725,355.44692670685833,-850.5100694431907,-65.027527576637
132.765,355.68123680872,-850.8526774396156,-65.08566715068713
132.804,355.864134820039,-851.1098012945375,-65.12479753354734
132.843,356.1595763042046,-851.5069656032339,-65.17971950429705
132.93,356.41187934751395,-851.8338510822133,-65.21884456557751
132.976,356.5331947265638,-851.9870663267088,-65.23437381769355
133.071,356.8381753952781,-852.363111629348,-65.26507645756317
133.115,357.1074806015383,-852.6746901889849,-65.28410614661186
133.164,357.23713447303,-852.8140403744401,-65.29036527440098
133.26,357.51876085215724,-853.0907380178926,-65.2958055513547
133.306,357.80388724828737,-853.3433708143962,-65.2907303441259
133.405,358.1830511373271,-853.6471033816205,-65.2703758406982
133.448,358.5732009090299,-853.8994201994001,-65.24546157019824
133.492,358.75688683884204,-854.0068664048797,-65.2339084909965
133.59,359.3037531275018,-854.3067433712201,-65.20364604238176
133.686,359.4447666121021,-854.3788282134684,-65.19746800047841
133.733,360.1326137883443,-854.6807616540219,-65.17513249550603
133.828,360.29112210248894,-854.7404223266199,-65.17182938325436
133.869,360.8408161580922,-854.9913178581569,-65.17885374439453
133.966,361.1794881091263,-855.1496122538055,-65.20102901211897
134.032,361.50782311429725,-855.2970260903655,-65.24427878340998
134.075,361.70005140116416,-855.3822964043667,-65.282812869829
134.17,361.8935317120755,-855.4684418000569,-65.33262035317313
134.213,362.04796353190886,-855.5356364664483,-65.37794384872853
134.305,362.1534568486436,-855.5788737372991,-65.40928354180232
134.348,362.3662645298791,-855.6614149854042,-65.46812140656846
134.445,362.5303950897104,-855.7192500941969,-65.50693130853966
134.487,362.65434626422064,-855.7601166749595,-65.53060290706674
134.581,362.75437517161384,-855.7922767195065,-65.5456828400367
134.623,362.7963446950718,-855.8057947164464,-65.55080691584885
134.665,362.8604657133566,-855.8287628735825,-65.55670070651183
134.811,362.88625638604964,-855.8394441124307,-65.55788595898122
134.858,362.9182844031577,-855.8535718779422,-65.56120957178501
134.901,362.9423137756073,-855.8647584033731,-65.56458490033538
134.944,362.97136051612506,-855.8782308440508,-65.56924880076116
135.041,362.99557585195714,-855.8907740292709,-65.57382665272428
135.092,363.01460622118645,-855.9022326706064,-65.57795575474137
135.144,363.04092583803964,-855.9181062330184,-65.58384823816516
135.296,363.0714524666515,-855.9363347322683,-65.5906592206664
135.341,363.1127923008778,-855.9605859891941,-65.59977656903806
135.384,363.1611774904644,-855.9896315568146,-65.61044315203128
135.436,363.1950633110746,-856.0077796791915,-65.61734517224522
135.528,363.2569186564683,-856.0391790908369,-65.62959284456088
135.569,363.3036145884494,-856.0630369321045,-65.63900034917583
135.663,363.3782835161413,-856.1019563432377,-65.65437826022776
135.706,363.4491978833404,-856.1398576281271,-65.66914718445645
135.8,363.524003093006,-856.1801516329357,-65.68478875865793
135.893,363.6083560845386,-856.2260760192049,-65.70255141894955
135.936,363.68297627417496,-856.2674312916835,-65.7184249093566
136.031,363.7941795000803,-856.3285337656076,-65.74263212394533
136.078,363.88615781989074,-856.379153927773,-65.76323749739907
136.123,363.98885079970444,-856.4370605470183,-65.78528423217517
136.172,364.1223419331924,-856.513917550174,-65.81217303427627
136.265,364.26099111239273,-856.5924362465607,-65.83845303531473
136.358,364.3584509781739,-856.6423413932033,-65.85504216785478
136.401,364.5278720161896,-856.7271231077419,-65.88242986527507
136.445,364.70162957467124,-856.8116159663612,-65.90791015518471
136.538,364.84705454882544,-856.8768891622173,-65.92692876386542
136.58,365.00900870729794,-856.9457951470401,-65.94654097151681
136.63,365.1508721955958,-857.0045072254602,-65.96256851549623
136.722,365.3623579964392,-857.0897319326815,-65.98478466766835
136.815,365.5428075676573,-857.1596169515377,-66.00266195428344
136.856,365.73620594325,-857.2329830023468,-66.019153673233
136.907,365.9530267892329,-857.3151050031297,-66.0327553315978
137.018,366.123444046349,-857.3787729740117,-66.04030632819826
137.057,366.38936262775405,-857.4880814577333,-66.05238752366427
137.153,366.6006515739946,-857.5802666631259,-66.06284048014942
137.207,366.88314896416836,-857.7057766416434,-66.07667558117612
137.3,367.12293854954885,-857.8160651637055,-66.08909699531779
137.397,367.3624084496132,-857.9289127818961,-66.10279885591092
137.439,367.6520989719978,-858.0760414570425,-66.12042970184228
137.482,367.90564611118714,-858.2175224503843,-66.138553508256
137.526,368.09185653891086,-858.3313791619579,-66.15433258981523
137.62,368.37163901478465,-858.5202570129234,-66.18257839625488
137.662,368.65601935048994,-858.7283689022939,-66.21523689077668
137.715,368.83137034416654,-858.8625156125764,-66.23768371267892
137.86,369.1106791106447,-859.0896209413532,-66.27874634456197
137.903,369.3812223135534,-859.3187036879012,-66.32350223107267
137.954,369.55964932731064,-859.4749194772174,-66.35501659004893
137.998,369.8366701110173,-859.7226178756854,-66.40564989087181
138.092,370.1077292447394,-859.9723370774151,-66.45838340669769
138.189,370.3204040618727,-860.1716085744722,-66.5008706571769
138.231,370.54248389484826,-860.3825646861727,-66.54548496381324
138.275,370.80408115372154,-860.6397855375217,-66.60107945175321
138.327,371.00269756929936,-860.8421664399169,-66.64506373011847
138.425,371.2178192440307,-861.0629979911356,-66.69113196817278
138.521,371.48460536812047,-861.3407572829587,-66.74455493558531
138.57,371.6953225199737,-861.5617191688557,-66.78261656307814
138.615,371.9158041015558,-861.7978530316979,-66.82115581774065
138.708,372.1909807544098,-862.0971551611816,-66.86591251066898
138.8,372.4114648753697,-862.3370898502134,-66.90171811092051
138.842,372.70074124294615,-862.6485127926258,-66.94827305208901
138.882,372.9403012268066,-862.9069323629759,-66.98649739195469
138.972,373.22151488420786,-863.2214570678603,-67.0284442219305
139.066,373.47194877225866,-863.5098840346044,-67.06193905520388
139.159,373.7979157220327,-863.8964158670877,-67.1040074241983
139.2,374.0413238827641,-864.1911703419607,-67.13851245756149
139.244,374.30134921734344,-864.5020028489765,-67.17622462669789
139.344,374.6501591030766,-864.9138959611191,-67.23068682335935
139.385,374.9022158758031,-865.2117808152456,-67.27357338609175
139.478,375.17362936445903,-865.5305752792889,-67.32015849625674
139.519,375.4860207078492,-865.8933815156969,-67.37287178211898
139.561,375.7556843900396,-866.1993253841291,-67.42052748038782
139.652,376.1184171132712,-866.5884160029225,-67.48284180640752
139.745,376.49977086601956,-866.9746650883625,-67.54402041258578
139.787,376.75481594999957,-867.2234565829468,-67.58266636694128
139.881,377.2202252621918,-867.6629128276315,-67.65169452982212
139.924,377.52587705379653,-867.9384294398625,-67.69782973606567
139.982,377.92676512255935,-868.2862062188426,-67.76136315598978
140.079,378.38159143007067,-868.666573716312,-67.83505764514422
140.127,378.71728285746053,-868.937219638406,-67.88775154536859
140.176,379.2289449053882,-869.3359534776547,-67.96305539107988
140.271,379.5564119411123,-869.5865445161907,-68.00745965317526
140.363,380.0368894477199,-869.9533891332413,-68.07066904882856
140.456,380.4686603330929,-870.2865882985117,-68.12910139069248
140.498,380.7869426875476,-870.5314817762367,-68.16876968512412
140.589,381.19251096037874,-870.8438594693687,-68.2135440783141
140.63,381.6859798501084,-871.2251418576396,-68.25610780510789
140.672,381.9921657438081,-871.4667114606682,-68.27675489820012
140.714,382.386800887925,-871.7852147074417,-68.29629202754626
140.805,382.87315439607573,-872.1901802141055,-68.30810743275129
140.848,383.1759211610894,-872.4547094401535,-68.31337849941139
140.994,383.6304723944504,-872.882951256835,-68.32965357535636
141.035,383.97500414291056,-873.2166148540636,-68.34151836072812
141.128,384.3356101586958,-873.5724701000667,-68.35442493131279
141.169,384.784267928438,-874.0232576922127,-68.37389597984645
141.26,385.1199232145498,-874.3739933378492,-68.39342206652577
141.302,385.4646944342305,-874.7489780764365,-68.41880190480566
141.344,385.8697319596629,-875.2177301323054,-68.45869436914893
141.436,386.1687150565182,-875.592804302737,-68.49865804283212
141.479,386.53272008588976,-876.0725748110629,-68.5578095184141
141.52,386.86921204397254,-876.5334423383471,-68.62111777479839
141.612,387.1396416958279,-876.9203148365397,-68.67903296837642
141.712,387.4148936341586,-877.333085938661,-68.74466505538061
141.754,387.7527638912921,-877.8592120199794,-68.83190862999601
141.845,388.0381381273262,-878.3291396270898,-68.91024235064776
141.886,388.2855850150338,-878.7561727438621,-68.98140782569135
141.979,388.58713203870576,-879.3040501847016,-69.07254204381712
142.021,388.7930601512427,-879.7059189797636,-69.14101004864295
142.114,389.00055953488084,-880.1338899925082,-69.21541955744982
142.154,389.209004965643,-880.5799598517931,-69.2917069878132
142.247,389.42377270477425,-881.060589968221,-69.37164572998199
142.289,389.6344094868199,-881.5627558568309,-69.45155522146041
142.383,389.8638009250053,-882.1576518575883,-69.54108786569924
142.43,390.00653298107824,-882.5629443498437,-69.59988443117322
142.542,390.15767963133874,-883.0183169189311,-69.66264581106509
142.585,390.3531807198794,-883.6530002935868,-69.74452669667954
142.681,390.4715025721641,-884.0683814744383,-69.79367814098771
142.724,390.59301746994606,-884.5309211434618,-69.84416057399665
142.768,390.7403480512158,-885.1479373473844,-69.90489013308536
142.819,390.8131885922555,-885.559114349056,-69.94847932101004
142.917,390.8673309539814,-885.9926207469106,-69.99983589843589
143.012,390.92754096694773,-886.5768334730384,-70.07896338400104
143.064,390.95500270416835,-886.896589623846,-70.13118258387931
143.105,390.9847866601739,-887.2686657679197,-70.20059582639288
143.15,391.01297777135596,-887.6138880754982,-70.26977010994892
143.242,391.03594201868873,-887.9167901426084,-70.33167042049826
143.281,391.05825917783227,-888.223760538848,-70.3928223153531
143.38,391.0833258255551,-888.5794566454365,-70.45829782659939
143.443,391.0979899166753,-888.798089221544,-70.49375929809997
143.55,391.1131593323005,-889.0274617961765,-70.52566826930246
143.601,391.1312406635944,-889.3466408196781,-70.56180519265808
143.649,391.1362433027332,-889.535741469041,-70.58019967176006
143.742,391.1371118624661,-889.7636743075873,-70.5994417016309
143.789,391.12612419897346,-890.0299763553303,-70.62264763033204
143.837,391.11328817446304,-890.1690486163534,-70.63887092352905
143.935,391.09333503321074,-890.3901791971882,-70.66870389353733
143.98,391.0715718741062,-890.6363083692418,-70.70694796401966
144.072,391.057684934534,-890.7850464606539,-70.73224027927904
144.165,391.0374932091592,-890.9958826087843,-70.77000140905079
144.259,391.01204690332713,-891.2384832381448,-70.81435661833723
144.301,390.9945880218432,-891.3909960707031,-70.84187523651735
144.35,390.97500877947687,-891.5547912182947,-70.87079182960957
144.425,390.9376593550643,-891.8435152485487,-70.9195569993131
144.518,390.9205233051041,-891.9640191349584,-70.93934051613371
144.562,390.89378046877255,-892.1196984808431,-70.96544973919015
144.612,390.85842300542345,-892.3133475264073,-70.99821978433619
144.653,390.8418256614824,-892.4106784508774,-71.01505127672414
144.76,390.8304262389918,-892.4952197413029,-71.02948379023377
144.857,390.8298568904472,-892.5712379108119,-71.04114192227581
144.899,390.8375100466445,-892.5959495564043,-71.04461023721365
144.942,390.84741136076855,-892.6245347715728,-71.04992564054749
145.086,390.8517266645245,-892.661936598711,-71.05780180515137
145.128,390.84649978122275,-892.6966247614387,-71.06622639116
145.185,390.83818083844903,-892.7264029644077,-71.0741310221718
145.298,390.82837349269516,-892.7624701726289,-71.08382297562065
145.343,390.8236803115116,-892.780207935136,-71.08860948271058
145.405,390.81961137132805,-892.8009524280535,-71.09377321407567
145.451,390.8150997849786,-892.8313188808971,-71.10047451986088
145.561,390.8110362881824,-892.8662522628322,-71.10761147156893
145.607,390.8095920189553,-892.8816450105068,-71.11066196197828
145.656,390.8068479983752,-892.9358738075775,-71.12107944578253
145.705,390.8051373920013,-892.9796835398473,-71.1297421385326
145.804,390.8041579282285,-893.0024770639897,-71.13439501303958
145.847,390.8012487081669,-893.0817585987389,-71.15134864836682
145.945,390.7992524797567,-893.1354387879219,-71.1633952817765
145.994,390.7963458604767,-893.217159894731,-71.18210165239054
146.053,390.7941883181371,-893.2732064731325,-71.19513023410394
146.154,390.7917578166896,-893.3721847928829,-71.21727299015765
146.199,390.79026972239006,-893.4651001898956,-71.23725290530558
146.253,390.78873993999866,-893.5529600444739,-71.2557826502773
146.348,390.7877377973292,-893.6445316586115,-71.27461560654206
146.391,390.7870692379894,-893.7772414000068,-71.30136635296094
146.485,390.7865078768858,-893.8857511243364,-71.32304758316667
146.528,390.7857076562302,-893.9951434055109,-71.34430202569922
146.675,390.784851235302,-894.1504420567993,-71.37363313368758
146.717,390.7845450204006,-894.2906870351154,-71.39949396809016
146.761,390.7848356086413,-894.419391078677,-71.42277283068705
146.805,390.7853297258487,-894.4948524300171,-71.43629042001686
146.903,390.7890985341392,-894.7625640727788,-71.48394369231306
146.945,390.79230926114576,-894.91625780886,-71.51145704180567
147.043,390.79747854309005,-895.1323929526941,-71.55259678260103
147.086,390.8023890984503,-895.3066265067974,-71.58857563402887
147.188,390.8069159556701,-895.5388485719619,-71.64498361351758
147.23,390.8105644711486,-895.7340495408283,-71.69861138107387
147.324,390.8134047337301,-895.8898207739796,-71.74443573595448
147.367,390.8197241561062,-896.0991499027515,-71.80753830315285
147.461,390.83528892081245,-896.3338462649017,-71.87503931300785
147.503,390.8400129556519,-896.393859771114,-71.89172085026468
147.545,390.87458310854566,-896.7233762080094,-71.98093152619498
147.638,390.90958547636023,-896.9735872912594,-72.04287391606266
147.68,390.9382258312014,-897.1586868649915,-72.08555860334877
147.825,390.9754928167814,-897.3847163775927,-72.1347489959424
147.867,391.0080810484173,-897.570782420783,-72.17311880644365
147.91,391.05948005701066,-897.8441952518326,-72.22569574385193
148.01,391.09746174398003,-898.0470495708114,-72.26344214742039
148.052,391.1425668493538,-898.2944536975631,-72.3082452245697
148.093,391.1847411470921,-898.5296541080052,-72.35041748553334
148.183,391.21970752290326,-898.7437104871995,-72.38948061516288
148.225,391.2597498254439,-899.0097885161312,-72.43812943420176
148.271,391.2972509341796,-899.2593370906698,-72.4847081376451
148.369,391.3371168928975,-899.4846167088187,-72.5307597393936
148.413,391.39719963507457,-899.7750987710174,-72.5916523821329
148.512,391.45422429554117,-900.0424539637548,-72.646443175944
148.557,391.5153400960995,-900.3384844645899,-72.7047939744038
148.651,391.5772102339844,-900.6479421772442,-72.75929757467998
148.693,391.62345082846014,-900.8906908677527,-72.79757284620138
148.833,391.677496842319,-901.1906000177788,-72.84134928709165
148.874,391.7311047287181,-901.5081301676223,-72.88691889880363
148.915,391.77873820687273,-901.8154168823032,-72.93316135988385
149.006,391.8247677176135,-902.0992818450834,-72.97782458041348
149.046,391.887076584464,-902.4536574627606,-73.03837072343066
149.096,391.94889508451035,-902.7827083581082,-73.0995930622322
149.2,392.01954097738707,-903.137171880112,-73.16857152283166
149.241,392.08626183473507,-903.4573721022173,-73.22812699364619
149.333,392.15565628822844,-903.7998959030361,-73.28817883986824
149.376,392.217154028119,-904.1135712144516,-73.33917438754463
149.423,392.27858492660323,-904.4357224321346,-73.38764601297186
149.52,392.34999287219944,-904.8346724314156,-73.44339111084594
149.615,392.4048823075771,-905.1360238834344,-73.48240741678273
149.662,392.4614742565634,-905.4473937092191,-73.52217275863006
149.71,392.53993472340073,-905.8753670818168,-73.57825254975069
149.802,392.5978292679465,-906.1758376489147,-73.61491100133486
149.844,392.66199784526736,-906.515923021468,-73.65279198663092
149.936,392.71739540102567,-906.8586370246088,-73.68921100372
149.978,392.7591545266109,-907.1609048335948,-73.72039261118806
150.12,392.8075787075192,-907.5521972183114,-73.758345344882
150.18,392.83784472870474,-907.8467151224796,-73.78475313258775
150.222,392.862776153859,-908.2149900487382,-73.81975268742491
150.264,392.8724470243468,-908.6609216534098,-73.86943578823326
150.356,392.87118389539586,-908.9053610052048,-73.9010328994774
150.398,392.86471805521523,-909.2868373502616,-73.95625230503617
150.447,392.8524747082305,-909.6944075850167,-74.02654236325748
150.587,392.8414049163249,-910.0709793149132,-74.10190485679595
150.628,392.8204861019865,-910.4640516063025,-74.18915266831368
150.668,392.78930390710764,-910.9150203923381,-74.29868995822955
150.713,392.7596060292309,-911.2532431584872,-74.38639541954876
150.803,392.72555067256553,-911.5920288813553,-74.47952353993651
150.85,392.6791675502094,-911.9745862846039,-74.59370722045952
150.988,392.627929079248,-912.3322601109543,-74.70843583929775
151.028,392.5676383973291,-912.7028021284233,-74.83461704220798
151.119,392.50696882614193,-913.0268976330058,-74.95041753509275
151.159,392.4381595630572,-913.3592931590756,-75.07364102522524
151.206,392.3602987102552,-913.7076950104557,-75.20749642071178
151.354,392.2633812634149,-914.1041006921723,-75.36460363506217
151.398,392.1900047287785,-914.4129043431719,-75.48810606049244
151.441,392.11797519152816,-914.7458670910947,-75.62099525570022
151.484,392.06819636206154,-914.9854069044657,-75.71526173295194
151.579,391.9938151343963,-915.3831665606536,-75.86589440736003
151.621,391.95265626027003,-915.6493183394812,-75.9612018141056
151.714,391.9149520059706,-915.9669571959527,-76.07002607308038
151.754,391.89174963480724,-916.2554654915577,-76.16630647822024
151.797,391.881082317757,-916.559616921652,-76.2654263141211
151.892,391.88120020834083,-916.8853673711932,-76.36955987945015
151.95,391.8878034156844,-917.1302589767844,-76.44472843924729
151.991,391.8984538699842,-917.3848551465253,-76.51984037073379
152.144,391.9191547347815,-917.7496457202178,-76.61965093985543
152.188,391.92883637310274,-917.9914252935636,-76.67779403395247
152.232,391.93676737720824,-918.2977634864669,-76.74148850503889
152.275,391.94668917557954,-918.6135533623559,-76.79667342839258
152.424,391.96430277451555,-918.909603079713,-76.83969721296535
152.466,391.98553320358633,-919.185606181826,-76.87422808706327
152.509,392.0153264791153,-919.5257174051611,-76.91120190457758
152.604,392.05031211935693,-919.8436860326456,-76.94010075836178
152.647,392.08569739206814,-920.1305147594672,-76.96353340336486
152.742,392.1427289988811,-920.4973613855328,-76.9989905738152
152.785,392.21165385722566,-920.8503971877246,-77.04009307680639
152.827,392.2842488768661,-921.1728217593296,-77.08061264124575
152.935,392.37460823997196,-921.537035172496,-77.12976924350932
152.979,392.47880338479405,-921.9140592188828,-77.1864260224499
153.075,392.5930225986881,-922.3150581685603,-77.25350071353768
153.119,392.7226192969723,-922.7706047223676,-77.33479919298634
153.163,392.8255298423404,-923.135964011232,-77.40504235670033
153.313,392.906489699354,-923.412564569107,-77.46120660828012
153.356,393.03612787066606,-923.8372376574492,-77.54921057479811
153.453,393.12917195659077,-924.1308992130643,-77.60930392820916
153.496,393.2437942241349,-924.4856687229939,-77.68161951150972
153.597,393.37889548323903,-924.8985990142602,-77.76674326974677
153.641,393.45470446452816,-925.1251053417504,-77.81342321596571
153.737,393.5872246250457,-925.5251767843062,-77.89194393224426
153.782,393.68309239600285,-925.8238719564721,-77.94305931187449
153.826,393.7675483026254,-926.0959791819823,-77.98398326378833
153.868,393.87819807034276,-926.4446329629019,-78.02449724093344
153.963,393.9994564973796,-926.8012264022713,-78.05088397889222
154.005,394.108115650289,-927.0756650557055,-78.06337651587302
154.049,394.2645108126504,-927.4284580762434,-78.07301066112416
154.196,394.4286910044682,-927.8001162695881,-78.0819623926916
154.239,394.5460990754069,-928.0873038873054,-78.09738171499293
154.334,394.7012160304329,-928.4631919057529,-78.12919935342222
154.377,394.8424556319336,-928.8019900791658,-78.16781265014794
154.42,395.01447719364216,-929.2159134314323,-78.23092132473158
154.465,395.15221472147306,-929.5350982411344,-78.29127263842042
154.564,395.3246376100187,-929.9078706195454,-78.37330867855746
154.66,395.4792145168932,-930.227402579101,-78.452271788659
154.703,395.61571116809193,-930.5032471987587,-78.5258157510213
154.746,395.77914378647904,-930.8172089371029,-78.61418585288635
154.842,395.9067548920351,-931.0489953823278,-78.6817769821285
154.888,396.06741874823626,-931.3287014606344,-78.76217149039383
154.931,396.2252311672021,-931.5971532211018,-78.83683384264242
155.081,396.37118258304423,-931.8379147907576,-78.90110339368164
155.125,396.50952513481366,-932.0576266705731,-78.95575323421377
155.182,396.6790046933438,-932.3171036139322,-79.01418828540358
155.226,396.84092338161247,-932.5612477622175,-79.06140226531977
155.27,396.9879084588471,-932.7761538856518,-79.09448246646872
155.436,397.1759325197304,-933.0403580293026,-79.12419540403482
155.483,397.35579392713066,-933.2824807054845,-79.14145012332949
155.529,397.5200376918338,-933.4958991502331,-79.14991770170025
155.58,397.71451781358286,-933.7531677532215,-79.15457271728832
155.637,397.8938588062781,-934.0037865195922,-79.15250925908236
155.683,398.09131381345037,-934.2854418283947,-79.1454123686936
155.731,398.27599709360004,-934.5585587649938,-79.13961528840963
155.855,398.4744728214307,-934.8595321495034,-79.13511847842585
155.974,398.6568302971256,-935.1395091380958,-79.13421562149824
156.019,398.86614994495085,-935.4622471498499,-79.13876872581238
156.065,399.08216995438,-935.8030073584755,-79.14760203789115
156.282,399.2755878871435,-936.1120621467758,-79.15792677670225
156.325,399.5322221055783,-936.5264693927661,-79.17387897507848
156.369,399.7214922104171,-936.8367751373806,-79.18763115854301
156.413,399.9566795599445,-937.2333635556234,-79.20502766380991
156.457,400.12672189092007,-937.5275851104351,-79.21786032111686
156.503,400.3804620596609,-937.9684466886345,-79.24002109745896
156.713,400.6142015296927,-938.3749056129885,-79.26772561719872
156.756,400.81262361573556,-938.7191403972098,-79.29604171040722
156.801,401.0317312126432,-939.0989301095608,-79.33123870906059
156.846,401.26741630692925,-939.5115247609527,-79.37288730129006
156.891,401.5278266039761,-939.9674626972974,-79.42136685316791
156.934,401.68116586294366,-940.2367571420264,-79.4529557518286
156.979,401.9179803979939,-940.6559976829374,-79.50677580519624
157.022,402.1353661172714,-941.0464050904937,-79.56243597238989
157.067,402.35406515855277,-941.4447232682045,-79.62452296307083
157.168,402.5862704113436,-941.8666173184073,-79.69398310358378
157.269,402.82437756451304,-942.2912339563632,-79.7664988967694
157.315,403.0164741116015,-942.6344134075881,-79.82694257162609
157.412,403.25239064300814,-943.0566342068776,-79.90421765675364
157.458,403.54345530005196,-943.5707835165787,-80.00190729295463
157.5,403.6561052155161,-943.7667438471135,-80.04106193755842
157.604,403.8981129749511,-944.1748604505899,-80.1261991237667
157.647,404.12958859348026,-944.55834238709,-80.20977306312005
157.958,404.324245945445,-944.8776679238366,-80.27860333843
158.119,404.60843339038627,-945.337362890603,-80.37388756095396
158.163,404.9027996122485,-945.8076215599617,-80.46903686283548
158.207,405.01940497035054,-945.9919007321398,-80.50676678507119
158.25,405.2711371432239,-946.3824251827594,-80.58489044686678
158.295,405.53650286016835,-946.7829510690424,-80.66402927197902
158.338,405.74200123572916,-947.0875199129135,-80.72431910753181
158.385,406.00631529855445,-947.475431519901,-80.80165764469649
158.434,406.3295418627407,-947.9547432578939,-80.90336885488904
158.484,406.49600280990853,-948.2063877511811,-80.96136460703599
158.531,406.7613202791275,-948.6193270337081,-81.06331623855755
158.575,406.98500713172086,-948.9955209911914,-81.16484610604192
158.618,407.2052119607813,-949.4114707205819,-81.28650551437829
158.661,407.3857280124579,-949.7848185363514,-81.40520813433676
158.707,407.58349071764184,-950.2354340220903,-81.56795827671834
158.75,407.66464220420494,-950.4323969504838,-81.64574093691891
158.795,407.8708882981044,-950.9817923584911,-81.88016373980753
158.838,408.01700637624856,-951.4205118806024,-82.08386704568454
158.99,408.12029270065636,-951.7734584584455,-82.25331293834034
159.035,408.205359277634,-952.0925173970497,-82.40803750751672
159.081,408.3060356431213,-952.4942516368782,-82.60425110159838
159.125,408.3715756669076,-952.7657270570219,-82.73686429229974
159.169,408.45478045677316,-953.1042449254816,-82.89800196522015
159.276,408.5364745909107,-953.4273272770456,-83.04367166616629
159.321,408.5751287944837,-953.5562768041051,-83.09904078748337
159.366,408.5760170455501,-953.5203254985873,-83.08718613187591
159.47,408.56866573574996,-953.4937284821264,-83.07935304662385
159.52,408.55754466311845,-953.4789623097896,-83.07547125322839
159.631,408.5406299711737,-953.4665302746374,-83.07384749347989
159.68,408.5319008738547,-953.4635301779375,-83.07480348209367
159.728,408.526513925024,-953.4646506764351,-83.07705074063568
159.825,408.5245642616245,-953.4701885800399,-83.08099120261079
159.868,408.52475922368694,-953.4759519947877,-83.0844121980287
159.965,408.5259623686375,-953.4822513383542,-83.08776451946432
160.009,408.5280167902748,-953.4881122273611,-83.0912383264714
160.108,408.53055487638613,-953.4927765057719,-83.09409086629552
160.152,408.53382431555315,-953.4965542010971,-83.09671474592051
160.253,408.53694356208257,-953.499053236525,-83.09882772775734
160.296,408.54166097047823,-953.5018777837041,-83.10136710078791
160.356,408.54452484484153,-953.5031889477364,-83.10284940372367
160.404,408.54745693822554,-953.5041672067149,-83.10442502338452
160.505,408.55151933598034,-953.5052290787631,-83.10633864509037
160.548,408.5538739383416,-953.5057185251758,-83.10753996266283
160.592,408.55702403023986,-953.5061916986081,-83.10922122691136
160.687,408.5599953932183,-953.5064659063106,-83.1108550422287
160.737,408.56142707599247,-953.506695250274,-83.11158699656329
160.834,408.56363071507127,-953.5069131420022,-83.11294167769876
160.933,408.5653836045667,-953.5070619984393,-83.11402008816884
160.976,408.56763628630665,-953.5073900122019,-83.11540604378001
161.072,408.5695351052892,-953.5076457082873,-83.11670051877297
161.115,408.5717416545989,-953.507908153501,-83.11834081618713
161.212,408.57328996655326,-953.5082648787832,-83.11923069891805
161.255,408.5750613490751,-953.5085874453051,-83.12053015869748
161.299,408.5770436920275,-953.5089279378411,-83.12199064076901
161.403,408.5785428884111,-953.5093200317386,-83.12289753393856
161.448,408.5798446471699,-953.5094795584547,-83.12400624535752
161.548,408.5809554140483,-953.5095224125763,-83.12512089988189
161.591,408.58169999740596,-953.509458636063,-83.1259925901233
161.693,408.5823532876407,-953.5092305275331,-83.12699156758174
161.742,408.5830302065178,-953.5088106665305,-83.128192006164
161.785,408.58340611169535,-953.5086307546849,-83.12878375883605
161.828,408.58377258481454,-953.5083156728041,-83.12960868047384
161.924,408.5843032942198,-953.5078770246093,-83.13073073898465
161.966,408.58460656773207,-953.5077186490638,-83.1313286371946
162.115,408.5849081557327,-953.5074751827265,-83.13209636821239
162.166,408.5853491698231,-953.5071280825367,-83.1332130794454
162.261,408.58562594188066,-953.5070243800345,-83.13376867241948
162.303,408.5859062417271,-953.5068245640053,-83.13452677980598
162.347,408.5863228609495,-953.5065347532113,-83.13562790597877
162.392,408.5865889806996,-953.5064644718431,-83.136161757134
162.488,408.58690745139006,-953.5062883251633,-83.13697584897022
162.532,408.5871889180703,-953.5061263288246,-83.13763608641602
162.584,408.5875354111339,-953.505982848262,-83.13845694037184
162.68,408.58783363514965,-953.505823339319,-83.13922445339523
162.723,408.58820041825925,-953.5056009833579,-83.1401591532317
162.766,408.58842612018884,-953.505535632878,-83.14064047498164
162.914,408.5887981444471,-953.5052724245385,-83.14173231803431
162.958,408.5890289566323,-953.5051632349715,-83.1421785641117
163.001,408.58924181576106,-953.5050969188385,-83.1426509387054
163.097,408.58953705604824,-953.5048634482094,-83.14357579665932
163.14,408.5898195622397,-953.5047259006797,-83.1441220435209
163.237,408.5900699848062,-953.5045708580022,-83.14482031698543
163.283,408.59023247166624,-953.5045175927561,-83.1451730055922
163.38,408.59050052894145,-953.5043111425607,-83.14592222734183
163.438,408.59079171368074,-953.5041511877517,-83.14666800429251
163.494,408.5909516003761,-953.5040967684608,-83.14701617653299
163.538,408.59125704305603,-953.5038828642133,-83.14783656010468
163.635,408.59152834306053,-953.5037235449133,-83.14855255827678
163.677,408.59170412318804,-953.5036180870878,-83.14905075228239
163.774,408.59194391397045,-953.5034981279334,-83.14951199574318
163.818,408.5922010912492,-953.5033512182812,-83.15019693256983
163.916,408.5923117669886,-953.5033124570692,-83.15044356629824
163.959,408.59258178216015,-953.5031242527913,-83.15115940358811
164.003,408.5928344188679,-953.5029702800064,-83.15182586913892
164.102,408.59294409153625,-953.5029316985566,-83.1520663616206
164.146,408.5932432592523,-953.5027418080331,-83.15275666895042
164.244,408.59341326385186,-953.5026225733739,-83.1532495362199
164.291,408.59351680683096,-953.5025887800927,-83.15347723303495
164.41,408.59378861508674,-953.5024010298868,-83.15410507335872
164.452,408.5939455541652,-953.5022887960963,-83.15456997977486
164.494,408.59407552979087,-953.5022426867454,-83.15485971927018
164.588,408.5942634699668,-953.5021219230905,-83.15520641914298
164.633,408.5944782723067,-953.5019529360349,-83.15584730082452
164.723,408.5946786798345,-953.5018152847906,-83.15630320091793
164.813,408.5947850560033,-953.5017392281316,-83.15653444936368
164.853,408.5949702954771,-953.5016043549142,-83.15707202647701
164.896,408.5951214826782,-953.5014772386431,-83.15750182175793
164.94,408.59524958569193,-953.501391824334,-83.15774983351815
165.033,408.595398447487,-953.5012765268895,-83.15818700318022
165.125,408.5955838617352,-953.5011381272785,-83.15868289141304
165.167,408.59570181507775,-953.5010587785907,-83.15898267270762
165.259,408.595845306141,-953.5009358953455,-83.159402257502
165.305,408.59598980145404,-953.5008290887821,-83.15983395189795
165.399,408.59612708385265,-953.5007496627784,-83.16007672979919
165.49,408.59626412149845,-953.5006438406342,-83.1604715208017
165.53,408.596434423142,-953.5005352076944,-83.16089450993223
165.572,408.5965375669076,-953.5004716288711,-83.16106340574947
165.614,408.59667806730533,-953.5003726358716,-83.16147689537729
165.756,408.59674014467555,-953.5003451914048,-83.16162979447148
165.797,408.5969155064533,-953.500202384898,-83.16208444551017
165.89,408.5970379360547,-953.5001041006813,-83.16242622277298
165.932,408.59711703708496,-953.5000695036994,-83.16261348479173
166.028,408.59727889031143,-953.4999382143857,-83.16304068760365
166.07,408.5973906366027,-953.4998479414087,-83.1633541464804
166.111,408.59746041745035,-953.4998167090876,-83.16350447361981
166.206,408.59761635541196,-953.4996857541098,-83.1639305994828
166.249,408.5977247237598,-953.4996005875305,-83.1642345780283
166.343,408.5978331642057,-953.499518828034,-83.16458043154194
166.438,408.59791405228805,-953.4994697286684,-83.16459218864293
166.48,408.59801400059723,-953.4993936393954,-83.16491095119943
166.539,408.59812012413965,-953.4993038095932,-83.16528303013587
166.583,408.59817868570474,-953.499247273935,-83.16534809681315
166.677,408.5982975390981,-953.4991524917984,-83.16570156607594
166.73,408.59834266788516,-953.4991278404793,-83.1658166978649
166.774,408.59843927788876,-953.4990404490801,-83.16591233710693
166.925,408.59851751830786,-953.4989789867807,-83.16616045955635
166.967,408.59859211809095,-953.4988984761845,-83.16642412110912
167.01,408.598674549841,-953.4987999781175,-83.16660277513819
167.107,408.5987272007824,-953.4987542663837,-83.1667562756781
167.152,408.5988104326572,-953.4986634437936,-83.1670451792516
167.196,408.5988989016554,-953.4985427695347,-83.16723235823872
167.294,408.5989791935426,-953.4984602048172,-83.16751034764587
167.394,408.5990151306562,-953.4984355244974,-83.16761616807685
167.444,408.5990849326436,-953.4983466397514,-83.16768592181546
167.489,408.5991584028337,-953.4982471523329,-83.16798105820271
167.589,408.59921071432007,-953.4982110926418,-83.16813709118668
167.637,408.59928220643354,-953.498103434791,-83.16831781738614
167.683,408.59933082807345,-953.4980678456487,-83.16845852714408
167.779,408.5994004485284,-953.4979798081869,-83.16866993687148
167.872,408.5994750441206,-953.497873035748,-83.16882139574591
167.922,408.59951052207373,-953.4978475108031,-83.16894131643022
167.97,408.59957553012816,-953.4977642031765,-83.16916921001865
168.066,408.5996401706439,-953.4976624998786,-83.1693823216296
168.109,408.59968992578195,-953.4976283048453,-83.16953106345267
168.152,408.59976079250816,-953.4975467391057,-83.1697406741929
168.248,408.59982824195026,-953.4974494232849,-83.16995140225663
168.346,408.59989208125523,-953.4974106538143,-83.1701330234473
168.39,408.5999790146225,-953.4973031786112,-83.17044831354156
168.437,408.6000202721067,-953.4972589181349,-83.17046953464097
168.533,408.6001039365818,-953.4971867430842,-83.17072977180123
168.576,408.6001669476274,-953.497128775808,-83.1709556329917
168.618,408.600213909956,-953.4970914424524,-83.1709712331135
168.723,408.6002554029395,-953.4970712058812,-83.1710589493681
168.817,408.60033141450333,-953.4969785577667,-83.17132544032683
168.861,408.60037405916404,-953.4969336113896,-83.17131993959043
168.962,408.6004232049321,-953.4968781893361,-83.17148186209835
169.005,408.60046701719676,-953.4968195835735,-83.17167195378471
169.049,408.6005028815182,-953.4967750611675,-83.1716607820457
169.146,408.6005445132922,-953.4967111575683,-83.17180133258108
169.187,408.6005723291079,-953.496664632078,-83.17194114185111
169.281,408.600603197181,-953.4966071400588,-83.17188336494144
169.321,408.60063077146276,-953.4965519807122,-83.17200214266592
169.468,408.6006686798032,-953.4964790563039,-83.1722047668124
169.559,408.60068807825013,-953.4964323921865,-83.17219047091498
169.6,408.60071647815414,-953.4963668392709,-83.17230228572919
169.693,408.60073868762356,-953.4963335454437,-83.17237851268413
169.882,408.60076123873057,-953.4962632682639,-83.17233681488608
169.922,408.60077373175966,-953.4962289732606,-83.17240697621304
169.963,408.6008001072273,-953.4961301346416,-83.17255963369132
170.002,408.60080169337584,-953.4961117343195,-83.17240376546204
170.045,408.60080369248055,-953.4960806559427,-83.17240966810482
170.085,408.6008109805929,-953.4960195469623,-83.17249731166248
170.125,408.60082142448766,-953.4959185525598,-83.17256878178534
170.166,408.60083120506357,-953.495874297854,-83.17262944190958
170.209,408.6008390272559,-953.4958101911915,-83.17270519409453
170.304,408.60085352182176,-953.4957073220394,-83.17277544010818
170.344,408.60086454988976,-953.4956663370833,-83.1728364732852
170.49,408.60087488475904,-953.495603534975,-83.17288899297023
170.53,408.60088353635075,-953.4955178167622,-83.17285775763685
170.571,408.60088707455424,-953.4954937938011,-83.17288756437574
170.664,408.60089357748393,-953.4954370439326,-83.17296836529954
170.711,408.60089846065136,-953.4953537463238,-83.1729429912915
170.75,408.60090014015236,-953.4953045785765,-83.17299404824587
170.849,408.6009063655496,-953.495267533632,-83.17301746429251
170.897,408.600908817331,-953.4952044958355,-83.1730117707902
170.988,408.600909792192,-953.4951505780815,-83.17303364980103
171.028,408.60091072809604,-953.4950909738833,-83.1730817196127
171.121,408.60091229006434,-953.4950026406781,-83.17311839491123
171.214,408.6009129664577,-953.4949328977666,-83.17315768891916
171.262,408.60091543025743,-953.4948990772933,-83.17316566270193
171.31,408.60091315728715,-953.4948284066286,-83.1731433215719
171.352,408.6009084560485,-953.4947843978129,-83.17312724512789
171.499,408.6009044469534,-953.4947199654937,-83.17316132036922
171.543,408.60090186801074,-953.4946648269322,-83.17316260906523
171.589,408.60089604342494,-953.494607712906,-83.17316260376424
171.632,408.60089133630106,-953.4945550561388,-83.1731934288079
171.729,408.60088373973656,-953.4944888680529,-83.1730739203287
171.776,408.600872726065,-953.4944407039771,-83.17309613500686
171.874,408.60086558287276,-953.494383783319,-83.17311417200165
171.966,408.6008511724367,-953.4943197154004,-83.17294732468076
172.009,408.600837367247,-953.4942753583786,-83.1729625929841
172.104,408.6008264355322,-953.4942161231438,-83.17298219379143
172.146,408.60080774616114,-953.494144930424,-83.1728512533374
172.191,408.60079248929145,-953.494093849767,-83.17281091831507
172.286,408.6007785602141,-953.4940266845479,-83.17284840328824
172.331,408.600754566241,-953.4939431006601,-83.17272737718258
172.426,408.6007386093704,-953.4938918175701,-83.17272600780223
172.469,408.6007220837288,-953.4938200264929,-83.17277416142667
172.561,408.60068874855233,-953.4937195548879,-83.17265573312682
172.602,408.60067570113716,-953.4936851871527,-83.17261462630518
172.696,408.6006577336564,-953.493616532447,-83.1726544567723
172.737,408.60063087957815,-953.4935357273314,-83.17251778070812
172.88,408.60061269137213,-953.4934858095567,-83.17253412514867
172.923,408.60058545936147,-953.4933653984613,-83.17263444362555
172.965,408.60055812793155,-953.4933159955568,-83.17245574539754
173.061,408.6005438592247,-953.4932844215542,-83.1724222791704
173.101,408.6005198258214,-953.4932019547615,-83.17244670225239
173.195,408.60049542455647,-953.4930990563812,-83.17247690773456
173.237,408.60047721484426,-953.4930292489923,-83.17248889862867
173.28,408.6004639708488,-953.4929824416487,-83.17245437340029
173.325,408.60044773795863,-953.4929128524439,-83.17242345086851
173.424,408.6004314217103,-953.4928487388167,-83.17242525028661
173.47,408.600414918065,-953.4927837213287,-83.17243736175038
173.579,408.60038995568334,-953.4927170655438,-83.17229051483235
173.622,408.6003694776805,-953.4926694561879,-83.17226290033273
173.72,408.6003565496252,-953.4926084207651,-83.17230743793107
173.764,408.60033468919335,-953.4925296452959,-83.17227615520983
173.863,408.60031803528716,-953.492477222615,-83.17224125598455
173.908,408.6002971334695,-953.492395984809,-83.17228230812907
174.005,408.6002861958181,-953.4923254923821,-83.17227268505138
174.051,408.60026949053145,-953.4922619233382,-83.17230123248743
174.151,408.60025397438085,-953.4921952551364,-83.17233286267589
174.194,408.60023492575306,-953.4921230028975,-83.17220712136964
174.239,408.6002182101065,-953.4920748424955,-83.17225211559281
174.338,408.60020372156634,-953.4920064019689,-83.17229206488031
174.381,408.60019297287477,-953.4919405115008,-83.17224916651452
174.476,408.6001161377282,-953.4918919738853,-83.17036124991847
174.519,408.59961621250216,-953.4930150234171,-83.15858347984528
174.563,408.5980638189162,-953.4977679541072,-83.13085106552177
174.606,408.59712700677903,-953.5033392522115,-83.11301212135896
174.72,408.59535460818245,-953.5127276960388,-83.08972135380799
174.779,408.5916378671502,-953.5253291337324,-83.0623513722752
174.876,408.58833181624635,-953.5326739483951,-83.04732930180495
174.919,408.58199232349034,-953.5435837552817,-83.0271240058508
174.962,408.57737194114264,-953.5504556758085,-83.01670118620729
175.067,408.5736582413781,-953.559782366912,-83.01119885042834
175.111,408.56957749391216,-953.5789696618884,-83.01396732944443
175.206,408.5675612781549,-953.594920014587,-83.02080984357355
175.248,408.56570394827736,-953.6232715228151,-83.03558469796928
175.344,408.56441465062727,-953.6487259792572,-83.04958431806949
175.439,408.5631054734201,-953.6726946214856,-83.06257603027035
175.482,408.56085077575494,-953.7101496813005,-83.0818409114101
175.549,408.5585764892661,-953.7433844825814,-83.09783705008766
175.607,408.55518522907374,-953.7868316303145,-83.11738499509255
175.704,408.5512938889116,-953.8310492664507,-83.13599779275137
175.747,408.5468950904549,-953.8745271881288,-83.15330457181216
175.797,408.5402918241558,-953.9320556464804,-83.1751321872884
175.893,408.53447451823763,-953.9776227460312,-83.19178667592826
175.936,408.5259699487489,-954.0374922048056,-83.2130766344577
175.98,408.5175933778456,-954.0908027732329,-83.23164270550598
176.13,408.50768861347547,-954.1494107150627,-83.25179420237714
176.172,408.4930727814423,-954.2281468304153,-83.27859185509675
176.215,408.4789072923303,-954.297920591226,-83.30218919168169
176.313,408.4718474280171,-954.3311163192604,-83.31339425870357
176.367,408.44677457391265,-954.4401793320482,-83.35013964885786
176.41,408.42707627569587,-954.5186461412179,-83.37654488787376
176.511,408.4040398137036,-954.6044552704938,-83.40540794720067
176.605,408.38202090347625,-954.6811337419622,-83.43119239045052
176.651,408.3557984088268,-954.7676962317498,-83.46056133430852
176.75,408.32998558419615,-954.8484976706895,-83.48861442483218
176.794,408.302091027339,-954.9311657412939,-83.51888609220822
176.838,408.26490785303827,-955.0358736054577,-83.55872693862352
176.947,408.22926902526285,-955.129240585108,-83.59342557223573
176.993,408.1902445280836,-955.224860953468,-83.62754100330716
177.038,408.1506875656919,-955.31671927853,-83.6587708167155
177.086,408.08009054019647,-955.4690357244921,-83.70800976107756
177.129,408.0171411666252,-955.5947711647499,-83.74686067558059
177.236,407.953860370774,-955.7125989544966,-83.7821926066419
177.333,407.9024549872338,-955.801979850238,-83.80867872560987
177.379,407.8023354665005,-955.9614721727464,-83.85584394253544
177.423,407.72975221197373,-956.0658800300117,-83.88659205894254
177.522,407.6587467462478,-956.1596732765606,-83.91410156161515
177.567,407.54381621466905,-956.2970132047845,-83.95384542188458
177.67,407.4988473820228,-956.3464804871338,-83.96811218021452
177.716,407.3235171734459,-956.5244697803523,-84.02220273672583
177.832,407.1975230681568,-956.6391537858613,-84.0595952996809
177.877,407.1080854823213,-956.7147002955467,-84.08505764842408
177.921,406.9579661515526,-956.8314137103987,-84.12557137682006
178.018,406.80163242401255,-956.9400283716609,-84.16353876723292
178.061,406.64760871237155,-957.0357469884619,-84.19381608415068
178.16,406.5047774937468,-957.1168848120202,-84.21679025271635
178.205,406.35868575591104,-957.1924556930269,-84.2356956056999
178.249,406.1627996681307,-957.2834850055895,-84.2551806135715
178.349,405.98153774618885,-957.3582176278063,-84.26843104583713
178.395,405.8092894971476,-957.4209426271215,-84.27719950577239
178.497,405.58281490943307,-957.4926184100091,-84.28364347603963
178.543,405.37135573257643,-957.5541071618045,-84.28470657706112
178.642,405.0764235606581,-957.6333127200227,-84.27981821150365
178.691,404.88936543271575,-957.6835944376315,-84.2753381506979
178.736,404.492684531422,-957.7942527024028,-84.26457642551685
178.836,404.32487980866256,-957.8404689659266,-84.25955272224707
178.938,404.0446957268606,-957.9138476873526,-84.24976895203133
178.984,403.60315250565407,-958.0254185706705,-84.23434540612328
179.028,403.43091098060904,-958.0652504671559,-84.22885634393236
179.071,402.99360413309137,-958.1561725306445,-84.2157684489191
179.173,402.77221060645405,-958.1980637846344,-84.21038498184856
179.227,402.36638262548036,-958.2620488605253,-84.20417811935602
179.268,402.1302068791624,-958.294172230295,-84.2028199929631
179.414,401.74700305444924,-958.3399021420059,-84.20399852878069
179.457,401.49256335852374,-958.3664976707543,-84.20738693559127
179.502,401.1622960897332,-958.3972884386219,-84.21573154302763
179.595,400.73614149009234,-958.4303811702358,-84.23220660517916
179.745,400.4763109459005,-958.4461811232129,-84.24598690576437
179.818,400.13486878216537,-958.4615353269864,-84.26825414652365
179.917,399.69879721676676,-958.476105178904,-84.29916778674897
179.961,399.42890234445895,-958.4837221605264,-84.3193109995508
180.004,399.0808893069021,-958.4931001629891,-84.34859160129605
180.05,398.74531070332284,-958.4995773593823,-84.37967816907212
180.104,398.3565469891279,-958.5027527438076,-84.4187961317524
180.146,397.91266406637567,-958.5025772429792,-84.46593503131544
180.19,397.5190310522108,-958.497503863224,-84.511032112711
180.233,397.1280994732,-958.4881507564713,-84.55898639837949
180.277,396.8662119296056,-958.4799250928218,-84.59311931436332
180.331,396.47555293452194,-958.4650856474138,-84.64589355795351
180.443,396.21150617737385,-958.4535827787159,-84.68305995432024
180.485,395.86714105106574,-958.4358250462277,-84.73318917559027
180.581,395.45217347406805,-958.4099132747367,-84.79517621495643
180.674,395.18440616733847,-958.390808126506,-84.83561066981036
180.716,394.82488759818045,-958.3624107962681,-84.88945667117002
180.76,394.3919682228284,-958.3232857946174,-84.95374095238662
180.86,394.109755426988,-958.2957062236441,-84.99538445137665
180.956,393.6515458094387,-958.2450120822232,-85.06196614126986
180.998,393.26091705952047,-958.1948995507933,-85.11540995370888
181.039,393.0485511730452,-958.1643182776794,-85.14321958651016
181.135,392.706139261148,-958.1117365046093,-85.18669195759765
181.181,392.24341190578843,-958.0352442876743,-85.24365910043053
181.276,392.01934117920456,-957.9954420751682,-85.27087805500895
181.373,391.6567012303649,-957.9286469113832,-85.3144799973793
181.47,391.16061182216254,-957.8306456797256,-85.3730660968655
181.514,390.79075428717977,-957.7527059556869,-85.41504285655446
181.556,390.50230034824165,-957.6896812897852,-85.4440222940745
181.654,390.1036821138115,-957.5985766786833,-85.47819719176488
181.719,389.72302273850744,-957.5094655942296,-85.50395410366173
181.78,389.42963448341965,-957.4408321666851,-85.52015489197635
181.875,388.8986025797302,-957.3118787400775,-85.54493010291753
181.929,388.6489488192416,-957.2494303920574,-85.55776598634202
181.972,388.31218614010913,-957.1640351589724,-85.57661728838173
182.067,387.75912920963924,-957.0210413057189,-85.61091453125658
182.111,387.2782885800877,-956.8939087724126,-85.64244401443312
182.206,386.9567365990146,-956.8049519373293,-85.66628267627664
182.254,386.4904673454563,-956.6709009031607,-85.70873491175422
182.319,386.10897792905087,-956.5567736537122,-85.74774769976545
182.383,385.8664565626401,-956.4830246540876,-85.77461623792624
182.437,385.5029644593762,-956.3699879615909,-85.81928193887643
182.486,385.0504095748523,-956.2281200028506,-85.87987164983463
182.529,384.8416436993831,-956.1633823255123,-85.90728466975787
182.627,384.40961440358785,-956.026806092953,-85.95704255971634
182.725,384.0708574522531,-955.9186455647225,-85.99091771540589
182.768,383.7342750356543,-955.807326320324,-86.02482755317124
182.813,383.48194303871423,-955.7215075294956,-86.05138723709734
182.913,383.1678955838729,-955.610921258981,-86.08669304197582
182.958,382.8348456583502,-955.4900387004602,-86.1287950796114
183.094,382.5817593213678,-955.3953032200926,-86.16551748293438
183.138,382.25158281735776,-955.2691344253121,-86.21650704831671
183.183,381.9011564308158,-955.131831009327,-86.27000719052097
183.283,381.63972536688766,-955.0309197655463,-86.3041545423323
183.328,381.300615337063,-954.903819433325,-86.33934817617558
183.395,380.90823428307675,-954.758198164407,-86.37188369601245
183.471,380.6276321739764,-954.6516577686133,-86.39270199550128
183.522,380.3407723669608,-954.539557758976,-86.41404510288373
183.574,379.96424089245727,-954.3903054235544,-86.44220908191056
183.679,379.6737716965356,-954.2730626126988,-86.46470711904755
183.78,379.3760510255547,-954.1509885660046,-86.48802981722326
183.825,379.0581796344569,-954.014864211791,-86.50735500774726
183.871,378.8714169720706,-953.9345654937731,-86.5135561682053
183.915,378.51318450442966,-953.7793260195555,-86.51369304066213
184.019,378.1870911277873,-953.6474680306053,-86.52209414847346
184.07,377.9787888421538,-953.5633434873621,-86.5351767706153
184.12,377.5855788866394,-953.4004627864789,-86.57238490148046
184.275,377.22981759420946,-953.2532585704921,-86.61300725515031
184.32,376.9490532722642,-953.1410177959035,-86.64661357001995
184.365,376.58601079119126,-952.9950586395481,-86.69416671586578
184.412,376.3697639410483,-952.9075211158492,-86.72499671035513
184.458,375.8724064150956,-952.7069591949686,-86.80177413107452
184.562,375.5676245064436,-952.583999633917,-86.85636601830726
184.606,375.2258290297014,-952.4408954740423,-86.92505511381063
184.705,374.931848973427,-952.3124243778076,-86.98701915025202
184.749,374.7020434060821,-952.2063767180507,-87.03519385916348
184.797,374.4469990458455,-952.0868349364624,-87.0882920597607
184.841,374.25788219269623,-952.0034675754895,-87.12986072919762
185.0,374.05570224736937,-951.9131172208065,-87.17607036801365
185.046,373.8104417407085,-951.8001206159855,-87.23539175702587
185.09,373.5812065377103,-951.6915207029343,-87.29118941714557
185.139,373.33886714566654,-951.5752268714073,-87.34733681024443
185.186,373.1317008944915,-951.4767241702316,-87.39060478584145
185.289,372.9231437170929,-951.3801538758937,-87.42996615760018
185.397,372.65940788911644,-951.2596811088324,-87.47422217056413
185.446,372.4252296534577,-951.1531268131995,-87.50962078149962
185.491,372.1596742818763,-951.0327150292766,-87.54727630631993
185.551,371.86914142293733,-950.900270646848,-87.58562841610558
185.598,371.62639169704937,-950.7902863028972,-87.61535799658981
185.699,371.3907374568649,-950.6844745232589,-87.64268194644728
185.744,371.0424508244822,-950.5281008227656,-87.68100675135605
185.791,370.78984512829163,-950.4136467101179,-87.70581662542025
185.892,370.53701083180226,-950.3011035791942,-87.7279268331431
185.938,370.16525417017584,-950.1362552788794,-87.75653077265179
186.054,369.89797218739704,-950.0162260873906,-87.77631804277985
186.149,369.6309978609977,-949.8952314836766,-87.7971569660362
186.194,369.23847112522947,-949.7151547343743,-87.83039139265577
186.247,368.94043149362676,-949.57809595356,-87.85618583479385
186.291,368.66192884375266,-949.4500644016797,-87.87915363779524
186.421,368.305039187243,-949.2849291777525,-87.90755061694256
186.486,367.94470502865505,-949.117456699994,-87.9362982621297
186.547,367.64068058499373,-948.9765023307618,-87.96186270391377
186.592,367.32734198966295,-948.8300102804432,-87.98915085779839
186.633,366.9329198225555,-948.6404631359654,-88.02232183406272
186.727,366.6410628952054,-948.4997622430466,-88.04521990448427
186.823,366.52934133607835,-948.4462604168132,-88.0536816814892
186.865,366.04274337331515,-948.2144565117841,-88.08839641936186
186.909,365.6823641371153,-948.0436734499575,-88.11049661654033
186.954,365.38810018724155,-947.9029511610538,-88.12716528898443
187.065,365.0089675543393,-947.7199600850385,-88.14888509715803
187.161,364.81591707343046,-947.6263057547845,-88.16122954900686
187.204,364.51027715053306,-947.4767617917986,-88.18100021070524
187.247,364.2364337954587,-947.3403975918786,-88.19601397369121
187.29,363.93399274629826,-947.1913936753352,-88.2087281858972
187.394,363.5825358468246,-947.0205127467757,-88.21973545352398
187.534,363.29069579960856,-946.8782970282617,-88.22733456338136
187.597,362.99169054007484,-946.7325208275663,-88.23431974203146
187.642,362.62227028445056,-946.5515153437719,-88.24275483241041
187.684,362.2310451398848,-946.3572630967775,-88.25185480263985
187.78,361.99610041411836,-946.239469823858,-88.25740401668537
187.823,361.6248513822951,-946.0517873277938,-88.26585541583
187.867,361.29506752413033,-945.8842447096863,-88.2736224230444
188.015,360.89032287353393,-945.6781241113998,-88.28514999852575
188.057,360.64024301863327,-945.5478642599451,-88.29333391660435
188.1,360.2655121869648,-945.350227826348,-88.30723892362141
188.145,359.9242682862641,-945.1695041229854,-88.321093447039
188.193,359.68302209728745,-945.0405291913422,-88.33093479698772
188.238,359.31258233147014,-944.8420021391473,-88.34461452009953
188.335,358.9667329691059,-944.6557013522324,-88.35409894787495
188.431,358.6590256092279,-944.489097008835,-88.35932521706525
188.526,358.3929361506561,-944.3448223773889,-88.36217485584802
188.568,357.99104818179933,-944.1257217523013,-88.36473783441363
188.613,357.7366166567364,-943.9849128769814,-88.36486301904802
188.663,357.351716768973,-943.7691766824771,-88.36101838171112
188.761,356.9971464210476,-943.5689879419705,-88.35067054727773
188.803,356.68542699396284,-943.3961340710579,-88.33352431953676
188.897,356.36636440600046,-943.2201183419116,-88.30776033134413
188.952,356.0020635932247,-943.0190474516315,-88.26918923648111
188.994,355.69325395582854,-942.8474548858059,-88.23042385783145
189.109,355.37733577934006,-942.670287987173,-88.18726213377857
189.152,355.0258346795125,-942.4716043205763,-88.13552609715464
189.248,354.7161222722748,-942.2915353801103,-88.08523517843133
189.346,354.3980781425914,-942.1037024723979,-88.03091694423705
189.392,354.03092111352805,-941.8899728050338,-87.96635204244018
189.488,353.70223549275653,-941.6957258418191,-87.90321243549681
189.531,353.320721033627,-941.4661208960749,-87.82536458329054
189.588,352.98094307870656,-941.2575266882064,-87.75400184212936
189.635,352.6352399612899,-941.0389094567536,-87.67747049620544
189.696,352.2227865282415,-940.7700363399468,-87.57878140111472
189.792,351.8828097279608,-940.5434231283643,-87.49295298051851
189.839,351.533432822854,-940.3059479485911,-87.40410435705718
189.934,351.13523641444704,-940.0260907463974,-87.30025499827707
189.977,350.8045196250645,-939.7855637625846,-87.21280272355193
190.02,350.40652776212823,-939.5035443438659,-87.11176641961987
190.115,350.0653356946663,-939.2630160894304,-87.02634826706276
190.216,349.71210053707847,-939.0100216512839,-86.93655929142744
190.26,349.4221638198274,-938.7984221106844,-86.86146614697913
190.306,349.12910531743466,-938.584472029691,-86.78369354036613
190.403,348.81498159386604,-938.356682529,-86.69688144534621
190.446,348.5268500393099,-938.1476229812092,-86.61417611077684
190.542,348.2287708919255,-937.9315492482601,-86.52647879255994
190.583,347.8075685537618,-937.6267107552903,-86.3972683514254
190.675,347.5820330168325,-937.4644389522489,-86.32543187510328
190.717,347.13327012183817,-937.1410597737608,-86.17745880358655
190.861,346.899448796544,-936.9693762719642,-86.1026902305943
190.902,346.64133876852816,-936.779722138886,-86.020974964287
190.942,346.1820717029985,-936.4381688428475,-85.88427138788626
190.983,345.9739663241302,-936.2884738782219,-85.82566360770045
191.085,345.6451235166975,-936.0609449321764,-85.73105077142242
191.139,345.383201822772,-935.8777037264041,-85.65348569070835
191.18,345.14094089887124,-935.7089165854693,-85.58132641694664
191.325,344.84046155452984,-935.5027108543958,-85.49486208071079
191.366,344.58774133006415,-935.3167758903066,-85.42611489253784
191.406,344.2097633820839,-935.0066039211816,-85.3514790209718
191.498,344.07842416741573,-934.898513975649,-85.33786811340644
191.538,343.83256796132696,-934.711833639265,-85.31209994632525
191.628,343.4272847929573,-934.4370854155333,-85.25865109342254
191.668,343.2728063761096,-934.340035734215,-85.23342399154745
191.76,342.8491931337812,-934.0862910993903,-85.14779488390616
191.849,342.5714113808087,-933.9260024213276,-85.07871692770783
191.889,342.41346841796167,-933.8372782529158,-85.03660036822447
191.978,341.9845025008391,-933.6019507397779,-84.92470624499663
192.017,341.7023008735158,-933.4524266705815,-84.85606876133113
192.158,341.49368810076686,-933.3451550278824,-84.80791241384964
192.198,341.13652365713733,-933.1678588032539,-84.73013008163178
192.238,340.78910467972963,-933.0070564208811,-84.660594454864
192.281,340.5767950188009,-932.9155899078861,-84.62153881838293
192.371,340.21592862647424,-932.7645158969506,-84.55758826747905
192.414,339.86335541946846,-932.6257536643872,-84.49476509833323
192.503,339.6438152686485,-932.5454569016669,-84.45565413992404
192.551,339.2072148025345,-932.3993264542289,-84.37755568660367
192.591,338.89911893479115,-932.3072776248058,-84.32248218253392
192.731,338.5588943170394,-932.214600861273,-84.26099562636585
192.77,338.2204653292409,-932.1291116812706,-84.19764088196513
192.811,337.78771911585625,-932.0320903264931,-84.1177139180628
192.901,337.603019884704,-931.9960334667337,-84.0851244641907
193.0,337.1140710254442,-931.9167425658544,-84.00471602196217
193.045,336.7645564724448,-931.8696549378003,-83.94989386349829
193.137,336.38936574163307,-931.818406151016,-83.88899981243657
193.18,335.9551392770479,-931.7579978931901,-83.81479439956826
193.274,335.5997417876385,-931.7128540295437,-83.75326711363118
193.316,335.3386358142884,-931.6793555329317,-83.70733214187703
193.36,334.77169987807235,-931.5906342018312,-83.60482495615582
193.455,334.38240393283684,-931.5107565484392,-83.53323721840837
193.551,334.20509617797404,-931.4665506859512,-83.49997206756603
193.596,333.71144982542285,-931.3158457221514,-83.40609112055097
193.691,333.35297695012866,-931.1820532092145,-83.33456380459074
193.733,333.1885940648717,-931.1141755218337,-83.2998932486974
193.827,332.71177812887413,-930.9558653780923,-83.21383518525249
193.868,332.4856442300491,-930.8981002437166,-83.18063731691382
193.91,332.1117554705995,-930.8038719748259,-83.13267312227936
194.054,331.92552260557244,-930.7584817649675,-83.11333171014212
194.095,331.8115927672419,-930.7329027795447,-83.10390327532906
194.137,331.47353779107993,-930.6671218030267,-83.0885800720286
194.179,331.36472712034083,-930.6477953042231,-83.08752277728678
194.272,331.185300785486,-930.614364151606,-83.0891896448918
194.318,331.0755643539305,-930.5910790094445,-83.09214902330024
194.417,330.995090306941,-930.5727860454573,-83.09501578449618
194.463,330.9108496682128,-930.5519032825766,-83.09758180745223
194.605,330.8356499506688,-930.5340913319149,-83.0974272379919
194.646,330.7762053763167,-930.5202627884022,-83.09255556617319
194.688,330.7047403810657,-930.501129659712,-83.07984104692298
194.779,330.6174968743916,-930.4701299216661,-83.05531427645133
194.821,330.53580406246647,-930.4397296025866,-83.02586502977562
194.862,330.47619805165766,-930.4195795722369,-83.00286822373823
194.908,330.38006992952455,-930.3925176923078,-82.9702409317594
194.999,330.315287282877,-930.3759610994938,-82.95155672998004
195.091,330.2424914747165,-930.3586115896564,-82.93505482428895
195.132,330.18850877462995,-930.3458728056073,-82.92674851032905
195.184,330.132376390916,-930.3323934954841,-82.92211230557217
195.277,330.0715237400519,-930.315577867686,-82.921395429374
195.368,330.04295338369906,-930.3072088255442,-82.9224423440316
195.46,329.94968733330825,-930.2811128918163,-82.92786835364092
195.501,329.85614731981286,-930.2548180447515,-82.93222190921466
195.593,329.7518247508407,-930.2255585632633,-82.93450503950811
195.638,329.638289906733,-930.1953142802074,-82.93404165479086
195.678,329.5259822636965,-930.1664085971204,-82.931573709634
195.77,329.38864739975077,-930.1331547685602,-82.92720589493194
195.821,329.23676605573166,-930.0994959054467,-82.92204401325534
195.961,329.09122287417534,-930.068914853367,-82.916883083816
196.002,328.913022270704,-930.0341059883833,-82.91096659928877
196.094,328.720148373122,-929.9998465558804,-82.90554539505865
196.134,328.574200939207,-929.9753523465517,-82.90204412831821
196.173,328.3470406369066,-929.9387438484529,-82.89768417379389
196.262,328.12579730971527,-929.9056960786646,-82.89498854114748
196.353,327.92069603929616,-929.8784136108446,-82.89437647043746
196.393,327.667069141272,-929.8472906698967,-82.89354205891937
196.485,327.4626660233288,-929.8251849964781,-82.89274416702244
196.577,327.2039756524389,-929.8017658412585,-82.89192248136919
196.618,326.96983713584893,-929.78568439227,-82.89186480497438
196.668,326.7084523913919,-929.7731293690022,-82.89355663509218
196.761,326.4671203965834,-929.7638137438482,-82.8964972918015
196.804,326.20604405616,-929.7562736949844,-82.89888998474538
196.848,325.88286778824727,-929.7531603884374,-82.89812829425699
196.994,325.6284016868922,-929.7558673232688,-82.89471309802735
197.036,325.35148891013125,-929.7647569004287,-82.88926297514325
197.078,325.0066711962889,-929.7841963125804,-82.87874322132927
197.121,324.73891268367345,-929.805721033114,-82.86705652524893
197.266,324.41169580672414,-929.8396523287603,-82.84974624862377
197.307,324.10828812039114,-929.8755689605664,-82.82877278931335
197.349,323.7751430421432,-929.9252428979499,-82.80457179657412
197.391,323.39587794165277,-929.9937489296836,-82.77945761182457
197.435,323.099408656156,-930.0564145766302,-82.76121889420358
197.527,322.7248709743774,-930.1451076068676,-82.73975707434244
197.631,322.2948863805224,-930.2625212493541,-82.71635354894687
197.674,321.9737860513955,-930.3582765268326,-82.69836535969887
197.77,321.57245270191737,-930.4825380539312,-82.67783227481192
197.812,321.1761165081448,-930.5918505711595,-82.65535262947168
197.911,320.771656298318,-930.7018824322079,-82.63373335447409
197.954,320.3370019754365,-930.8183238930036,-82.61315998392848
198.052,319.9166029473475,-930.921581621318,-82.5947664452874
198.096,319.4883745518744,-931.0135739327537,-82.575945168781
198.149,318.9866952392805,-931.1045259892873,-82.5517614818101
198.192,318.62126933542766,-931.1566271356271,-82.53462898296442
198.298,318.20720135107,-931.1969589671012,-82.51485890610655
198.395,317.78538634720155,-931.2162917305806,-82.4927747737787
198.437,317.4189282998341,-931.2139828928626,-82.47220365469582
198.532,316.97507337734714,-931.1864196472994,-82.44405837795796
198.574,316.5644893901321,-931.1345941550929,-82.41189974242826
198.668,316.2691255286724,-931.0783057414476,-82.38341500373531
198.71,315.82623396451936,-930.954328636791,-82.33259986680366
198.753,315.49103241254113,-930.8265045975713,-82.28890804513105
198.796,315.10282871853815,-930.6448279744745,-82.23428736457754
198.893,314.75102573103425,-930.4477336504403,-82.18088129859092
198.991,314.44814415659005,-930.2509160438076,-82.13141942383152
199.142,314.11564381174543,-930.0069190203625,-82.07254928968194
199.186,313.84551162094834,-929.7848046240708,-82.02113548532935
199.229,313.5763763658691,-929.5412628736623,-81.96576950801779
199.271,313.2659336763767,-929.2420117888983,-81.8957141587569
199.316,313.01074188527247,-928.9843334741952,-81.83161582588224
199.435,312.75123739767463,-928.7001941031158,-81.75720210835664
199.492,312.50559056043124,-928.3734045147969,-81.6721031287496
199.531,312.3069836965388,-928.0796676202577,-81.59525328762948
199.583,312.09188945446306,-927.746081202339,-81.50482739021089
199.679,311.9144116171401,-927.4491754312131,-81.42266679741323
199.722,311.75338602478325,-927.1444385453534,-81.33753260581415
199.766,311.5965156385313,-926.811268534813,-81.24414426747364
199.863,311.4058018934262,-926.3648261170363,-81.11720941332067
199.906,311.28753063298916,-926.0846036256318,-81.03660678063761
200.001,311.1382758226453,-925.7151370821109,-80.92926813602634
200.044,310.9783978181575,-925.3036660866559,-80.80731724057597
200.143,310.8489783631161,-924.9472600141531,-80.699164434517
200.195,310.71884705899043,-924.5690436269101,-80.58004535486015
200.291,310.5628243894064,-924.1037360909414,-80.42783861419508
200.334,310.47452193015454,-923.8035741148343,-80.32934600861529
200.43,310.35501744018336,-923.3048597308007,-80.1670964837017
200.476,310.2865039061307,-922.9109994065063,-80.04205368373988
200.571,310.2284879928673,-922.5035872960316,-79.91697340872753
200.671,310.17082609802355,-922.0950422241319,-79.7986410438167
200.716,310.1280550962823,-921.697607729514,-79.8304059559664
200.758,310.0695876699561,-921.2247890883608,-79.89113653849017
200.804,310.04480311471957,-921.0411964693625,-79.91630892612159
200.846,309.992993680901,-920.6822475477818,-79.9638733606871
200.945,309.94524735435596,-920.3684241962188,-80.00043883934086
200.99,309.8945614017265,-920.0464501781084,-80.03013790258944
201.09,309.8234484317865,-919.5917759447076,-80.05596973129752
201.185,309.79507740424447,-919.4116093037122,-80.06575410651703
201.229,309.7499065854382,-919.1159660944867,-80.08662000027277
201.275,309.7128799151371,-918.8198616129431,-80.09518368665164
201.321,309.69763984165024,-918.5613120642735,-80.0874534134631
201.42,309.7305296713856,-918.3858021992893,-80.08544339463879
201.517,309.77492217171584,-918.2885738759227,-80.09461649694504
201.561,309.8137601052847,-918.1997060280967,-80.09298625500935
201.656,309.8509375414713,-918.109948152612,-80.07992213482277
201.7,309.896273177283,-917.9983731438155,-80.0467022535563
201.796,309.91809191665124,-917.942965964057,-80.02318732051287
201.841,309.94964576696555,-917.8594750041844,-79.97739528014836
201.889,309.97946373705594,-917.7749266409854,-79.91869431947333
201.991,310.0087900141128,-917.6829419116431,-79.8407046806891
202.037,310.02820576333295,-917.6141373206067,-79.7722675241834
202.084,310.04817571001144,-917.5320738830468,-79.68018934270566
202.185,310.063832825999,-917.4532267220414,-79.5814775286209
202.237,310.0766083982457,-917.36854147547,-79.46467238620335
202.286,310.0852217494525,-917.2827577500736,-79.33620759411247
202.386,310.0895147406569,-917.1981638238708,-79.2006658283114
202.432,310.0999513500443,-917.1218960308199,-79.08952316396596
202.533,310.1464561418999,-916.9842513499983,-78.97904515076436
202.579,310.1984075828908,-916.7378352143169,-78.87652515076019
202.625,310.2537452924911,-916.5440500567404,-78.8062161609011
202.727,310.352871020453,-916.1990792515829,-78.69689857337238
202.776,310.38828637537887,-916.0581578451876,-78.65563374554648
202.825,310.45122319656025,-915.795489017962,-78.5752838658106
202.955,310.53266028636347,-915.4258222565003,-78.45199879682554
203.013,310.56092479330437,-915.2800925312532,-78.3993887692439
203.108,310.6017276922846,-915.0216700952068,-78.29869849542541
203.151,310.63268663685125,-914.7567753741688,-78.1866083464131
203.195,310.65476352184646,-914.4583759354268,-78.04929707664235
203.238,310.6623836400184,-914.2501141239998,-77.94654540794522
203.334,310.66399879861837,-913.940127971196,-77.78430637887652
203.461,310.6611121844372,-913.7539263324524,-77.6822483336403
203.513,310.66416492748624,-913.5399502055341,-77.56694452048356
203.556,310.6792430964755,-913.2985039075996,-77.44338459925024
203.599,310.73906439865107,-912.88744641716,-77.26994380715769
203.643,310.7634205896829,-912.7385767720895,-77.21623309296865
203.74,310.8091279041435,-912.4529363891105,-77.12646955694913
203.786,310.85427970256217,-912.1575476395249,-77.04848485860452
203.833,310.89542628941877,-911.882829056348,-76.98515557266558
203.93,310.96683004742135,-911.3375877136622,-76.87356220147382
204.032,310.98972029549645,-911.130814098614,-76.83270402181972
204.076,311.04079890838705,-910.5862762013528,-76.72583220388924
204.12,311.0667911525452,-910.2778870366094,-76.66319736807833
204.215,311.0826316835531,-910.0863083097963,-76.62323340682588
204.26,311.12426725653813,-909.5627132715554,-76.50809191053571
204.362,311.1480790824778,-909.2513038670431,-76.43397534461087
204.412,311.1751622091791,-908.8813161072801,-76.34165020606144
204.461,311.1915439881195,-908.61229430591,-76.27223434809554
204.566,311.20695288241774,-908.1729951325309,-76.15629990891307
204.667,311.2002566142636,-907.796492774204,-76.05776344647535
204.709,311.18834038436137,-907.6241348337695,-76.01370258398191
204.752,311.141134462855,-907.2469511071109,-75.92119895830308
204.795,311.0732530073903,-906.8860491159605,-75.83762429831194
204.892,311.0345486558879,-906.7178673960304,-75.79964427900467
204.936,310.934445329894,-906.348936623131,-75.71740291416728
205.032,310.83891237238083,-906.0534081362696,-75.65149500346922
205.078,310.7616370979283,-905.8399906521257,-75.60381916034714
205.122,310.59247946739487,-905.4267592969559,-75.51193660939452
205.218,310.49718916451195,-905.2207959726162,-75.4658090699221
205.316,310.3782876860789,-904.9809706149017,-75.41153759288466
205.36,310.167164790068,-904.5968818403207,-75.32126056423141
205.457,310.04489891730907,-904.3955314606765,-75.27060076018108
205.501,309.8137627477631,-904.0436309320626,-75.17625395423653
205.545,309.64404960704576,-903.8055937380906,-75.10859383201591
205.59,309.4128480118125,-903.503517278772,-75.01899972791307
205.746,309.17206316058014,-903.2065232693377,-74.9282023715349
205.789,308.97887127043793,-902.9767696455691,-74.85513165405365
205.886,308.66815289945606,-902.6238462500177,-74.73504083194922
205.93,308.46482693626854,-902.3969387530572,-74.65404084935955
206.075,308.2383415550559,-902.153760788257,-74.56354283223271
206.123,307.98125654456913,-901.8908338388601,-74.46214629113746
206.167,307.6356791264676,-901.5462145160225,-74.32997520994945
206.21,307.37183326595766,-901.2889244928996,-74.23305187993685
206.359,307.01469887827164,-900.9564850313091,-74.10668994033495
206.401,306.7256204007053,-900.6907470906666,-74.00572001122276
206.443,306.41900429607,-900.4119701730717,-73.9006353753021
206.486,306.1385004705257,-900.157584252905,-73.80531258467795
206.528,305.84942473569583,-899.9020197608567,-73.7113689952169
206.577,305.57247853145225,-899.6631497812218,-73.62776591470373
206.677,305.2392699631975,-899.3749745940481,-73.53256953623043
206.721,304.9003703043194,-899.0851450206026,-73.43980637240986
206.774,304.6754225410501,-898.8949952326863,-73.37969376002906
206.922,304.33130821193896,-898.6061447169753,-73.28862999602057
206.965,304.1721992616607,-898.472538161922,-73.24693710841018
207.009,303.7271046506637,-898.0988606553876,-73.13176337041102
207.052,303.3766174085523,-897.8076572844126,-73.04183780248923
207.146,303.0398005739643,-897.5329097996001,-72.95735566106038
207.193,302.8050338379911,-897.3447138865013,-72.89933886123828
207.296,302.4209705547544,-897.0388562997952,-72.8054618120251
207.4,302.054534611986,-896.7486993521037,-72.7174523721236
207.446,301.76269656919976,-896.5206150664544,-72.64915552808287
207.489,301.4421086117779,-896.2715602784115,-72.57641949183432
207.531,301.1551502125933,-896.0500865179388,-72.51269568898402
207.573,300.76816609044033,-895.7536744077646,-72.42970628221929
207.726,300.54008317150374,-895.5817920730839,-72.38354352925865
207.768,300.19463701616297,-895.3256551178204,-72.31819004017626
207.811,299.9260082375865,-895.1273265923692,-72.26944227641525
207.906,299.59256745554546,-894.8815716165332,-72.21072274655228
208.0,299.2373181674535,-894.6289687275704,-72.15192350594918
208.042,299.07094487392885,-894.5167745312856,-72.12606801466131
208.135,298.67765170603406,-894.2641593197897,-72.06792418391933
208.177,298.4253555575016,-894.1098544984442,-72.0320712012495
208.269,298.12208579174893,-893.9312957451665,-71.98966336255381
208.312,297.76352766427334,-893.732483929088,-71.94124208068229
208.357,297.38446520659255,-893.5374192067693,-71.89180676593736
208.401,297.14682147415306,-893.4220074183389,-71.86185387566229
208.498,296.7610515513149,-893.2440099206528,-71.81446987325478
208.551,296.35249070171096,-893.0675037823065,-71.76478175818858
208.651,296.03387601168436,-892.939399855718,-71.72487235880664
208.702,295.6928215111763,-892.8100571461699,-71.68021885782213
208.796,295.3792949164713,-892.6979451799289,-71.63750086843515
208.918,294.88759623861154,-892.5374325974412,-71.56945239944764
208.987,294.5401454225181,-892.4375204218757,-71.5230818204081
209.031,294.2799393727318,-892.3694390610251,-71.4899499618578
209.072,293.77523171649256,-892.2483059597529,-71.42802921748518
209.113,293.41465124327533,-892.1710319668423,-71.38293102051324
209.175,293.02025771327317,-892.0977217988332,-71.33479621072337
209.226,292.54943079190434,-892.0243722486657,-71.2808363071644
209.343,292.0935194900776,-891.9688900915108,-71.23272651778973
209.386,291.6029590202053,-891.9251254802931,-71.18453493178657
209.479,291.1791533725582,-891.8985721344407,-71.15029671261061
209.521,290.7673741212243,-891.8830312238475,-71.12596986468333
209.613,290.5364424766391,-891.8810991057148,-71.11665368802431
209.653,289.7466497378798,-891.8984918165633,-71.10623046361661
209.748,289.32592974178306,-891.9216460351862,-71.11568520142862
209.79,289.0210435273235,-891.9444029385692,-71.12899641032874
209.841,288.4349166549428,-891.9950686725654,-71.16938432366908
209.984,287.89644998903725,-892.050635534152,-71.22248310980206
210.026,287.42035621302625,-892.1086349889559,-71.27835308164907
210.068,287.07087131038804,-892.1560447143995,-71.32144782769291
210.183,286.6510397263947,-892.2163383976028,-71.37342709236867
210.227,286.26632218479995,-892.2734408941413,-71.41935138990436
210.27,285.86594384372404,-892.3354901809142,-71.46260859563847
210.373,285.48828322987674,-892.3971362661093,-71.49645507673358
210.415,285.091401356108,-892.472680772633,-71.52537317537201
210.456,284.8041998181427,-892.5336784901945,-71.54156978125434
210.499,284.3828217599726,-892.6334563163514,-71.5600240465456
210.693,284.17493502636825,-892.6872279721215,-71.56791965598342
210.738,283.7209937630364,-892.8116100190595,-71.58312475108465
210.78,283.47234556199226,-892.8847673157559,-71.59274713350487
210.831,283.1609584701445,-892.9793321061983,-71.60688064598588
210.924,282.9117925129869,-893.05631880832,-71.6207954335706
210.968,282.6562507341108,-893.132863317372,-71.63871835921583
211.017,282.56272998333316,-893.1596018425871,-71.64650260186664
211.11,282.322457648233,-893.2200886812061,-71.67055125176
211.151,282.15640114878187,-893.2517268917408,-71.6923812635203
211.193,282.04843511835185,-893.2729189926126,-71.706996738312
211.336,281.8669530943964,-893.3141240680751,-71.72732385036318
211.377,281.7116416007499,-893.3555149150206,-71.73828003311661
211.419,281.5615837153439,-893.3997090859364,-71.74175226700214
211.512,281.3988898493607,-893.4517433348044,-71.7364319780342
211.555,281.21621355370223,-893.5162395125619,-71.7180275900314
211.6,281.09630361883785,-893.5627201147574,-71.69870635837697
211.743,280.91738593133863,-893.6511352789075,-71.66257037225074
211.785,280.8252924727796,-893.7483065812486,-71.64718944218674
211.83,280.7592756676888,-893.8477448201509,-71.64257777495908
211.923,280.68418776390735,-893.9554402602935,-71.64539200288459
212.015,280.62521039453367,-894.0338148776391,-71.65383790434788
212.106,280.5593866014543,-894.1189420405834,-71.6702142230447
212.147,280.4967761999184,-894.2012364218596,-71.69081555201734
212.194,280.42803835680087,-894.2931572650997,-71.71644705211764
212.239,280.3461420849648,-894.4060481619005,-71.7487520580197
212.33,280.2697082936719,-894.5159982729541,-71.77944314703672
212.372,280.18143804589135,-894.6492187429026,-71.81544195028971
212.424,280.1450569145332,-894.7059243712702,-71.83029043948892
212.514,280.0307205942828,-894.8898408155214,-71.87656077044562
212.607,279.9350500710033,-895.0510279723927,-71.91507672594457
212.648,279.837562099881,-895.221937899303,-71.95521355602256
212.689,279.7497990260622,-895.3785897381304,-71.99166684061197
212.782,279.6586113698017,-895.5468001538828,-72.03062160507409
212.828,279.5595168733726,-895.7380981985546,-72.07522171856584
212.921,279.4655201619427,-895.9263093872376,-72.11948602877555
212.964,279.3705456300396,-896.122343872122,-72.1657502990895
213.11,279.3136451288615,-896.2430051361922,-72.19392411578656
213.152,279.17486700437155,-896.5484180358364,-72.26411825062809
213.194,279.1183122876084,-896.6788972463886,-72.29376017855219
213.289,279.02770694922145,-896.8948598350197,-72.34265663114348
213.331,278.89328490470706,-897.2351573389972,-72.41918816297618
213.48,278.7922119816667,-897.5098331880346,-72.48058265951283
213.521,278.7525673599575,-897.6228065552822,-72.50576482625024
213.562,278.62524731684965,-897.9933745089891,-72.58868902165955
213.653,278.5726445012744,-898.1494729213189,-72.6239138859579
213.695,278.45587178118126,-898.5422417107219,-72.71429744077415
213.741,278.37439450839145,-898.8517450351883,-72.78834544616006
213.881,278.33260621481827,-899.0235926241129,-72.83014665019846
213.921,278.2340607587401,-899.4620069854109,-72.93730929677281
213.97,278.20989215201433,-899.5795107239151,-72.96582562792776
214.015,278.1030000272185,-900.1774033368598,-73.10884418153245
214.061,278.0517579691282,-900.5296477717649,-73.19186919213666
214.31,278.0212675112174,-900.7728871791273,-73.24920550315466
214.353,277.97552552900356,-901.2118338823459,-73.35390489389243
214.395,277.9507766280958,-901.5203861139203,-73.42906727049359
214.438,277.92765176836775,-901.9565088481551,-73.53778604045647
214.478,277.91856934317,-902.3096778429895,-73.62752714490887
214.519,277.91767746815356,-902.5779752253416,-73.6960410577613
214.561,277.9298564640635,-903.1011708199601,-73.82671921305831
214.657,277.9462021653596,-903.4505671795307,-73.91046168389408
214.75,277.97426542695734,-903.8641455044155,-74.00648068565755
214.792,278.00199074304845,-904.2274538936778,-74.08598421955037
214.884,278.031921413785,-904.5698073956307,-74.156591097086
214.977,278.07717364367807,-904.987666046625,-74.23826243165536
215.023,278.12322302335104,-905.3351777165183,-74.30320972275746
215.068,278.182565063516,-905.6872814691463,-74.3680306400683
215.111,278.27040816229567,-906.1278591832848,-74.44652703393814
215.205,278.35443391446387,-906.5289153049138,-74.5161141110263
215.247,278.43442513022035,-906.962862741,-74.59064533862283
215.29,278.50111600213654,-907.3343977669219,-74.65509707185407
215.391,278.5720084718817,-907.7541889694782,-74.7282773131833
215.432,278.6373784312094,-908.2640772286383,-74.81934112292521
215.527,278.66965284011906,-908.7350899959564,-74.90938170066704
215.568,278.6783875257114,-909.0786445099659,-74.98054898958623
215.662,278.6669566265107,-909.5046278149796,-75.07540287710509
215.754,278.64536348131776,-909.7938712158106,-75.14326462727308
215.796,278.59834103337045,-910.1697278679993,-75.23608942513101
215.84,278.5439830534422,-910.4350077263872,-75.30552157284143
215.988,278.4566224506434,-910.7369726037459,-75.38687258822142
216.032,278.3520264450595,-911.0170231302268,-75.46234048053066
216.125,278.24404663933956,-911.2616512572,-75.52780363308369
216.167,278.1480768760581,-911.4550250933374,-75.57978708251807
216.208,277.96236270038975,-911.78201106598,-75.6669198089898
216.301,277.78775492390406,-912.0490515021332,-75.73764090790684
216.343,277.60458559639216,-912.2982761806513,-75.80301147342783
216.437,277.4660417423271,-912.4699463640784,-75.84743857566406
216.477,277.21904269294896,-912.7443522191879,-75.91701459576365
216.57,277.04977608499735,-912.9291157858053,-75.96324649224653
216.661,276.8537556469932,-913.1420981647145,-76.01611593249686
216.701,276.63634868592806,-913.380996603657,-76.07514113503788
216.744,276.42633925090223,-913.6203477419925,-76.13443054743556
216.838,276.26804453439064,-913.8067932552976,-76.18062702750001
216.88,276.09325382932815,-914.0207346896602,-76.2341386759449
216.973,275.91661156163326,-914.2476694676155,-76.2915938430857
217.065,275.7579441069622,-914.4602028143031,-76.344816816285
217.106,275.60113361340717,-914.6750066200992,-76.39601535033069
217.148,275.4245412558847,-914.9252392933946,-76.4510339568256
217.191,275.36718872510374,-915.0091465729934,-76.46837246930721
217.336,275.1653373436422,-915.318898372205,-76.52932231945545
217.379,275.00297100000273,-915.5939654817623,-76.58253496054056
217.472,274.8982233876503,-915.7837697735316,-76.61966583071228
217.512,274.7840138012943,-915.9974444083952,-76.66202879790961
217.553,274.7177372243404,-916.1261173876262,-76.6881014721962
217.643,274.5585960671388,-916.4442059127978,-76.7546798358506
217.685,274.44205575661965,-916.6893772631771,-76.80833858296353
217.839,274.33893873297967,-916.9178220456429,-76.8593081253942
217.884,274.26561823474924,-917.0874332357663,-76.89765006692858
217.929,274.16574721052064,-917.328185311508,-76.94917419046504
217.974,274.06977805580925,-917.574813587613,-76.99724679944228
218.015,273.9876345772302,-917.8027960895655,-77.03807080096124
218.12,273.9142165315161,-918.0196320608147,-77.0743128928641
218.161,273.8367698188437,-918.2635621210504,-77.1134895855862
218.307,273.7699589560127,-918.4886344655857,-77.14926389028375
218.35,273.7083774669029,-918.7063508292838,-77.18449556899174
218.442,273.6374494824571,-918.9737277240097,-77.22984321857717
218.484,273.589089480387,-919.1686413697921,-77.26484784112739
218.575,273.53309698590897,-919.4092093010246,-77.30967063050036
218.616,273.48458778731714,-919.6345868090344,-77.35291928748336
218.657,273.4460137790607,-919.8289319974148,-77.39075073941859
218.698,273.42276658427147,-919.9539479030115,-77.41526921213188
218.802,273.36848788270436,-920.2741581363747,-77.47985272936631
218.899,273.3382780984627,-920.4829852362102,-77.5236186601856
218.942,273.29537804681104,-920.7407916487206,-77.57769629145008
218.991,273.26151761707445,-920.8999151158037,-77.61086574564513
219.037,273.2062744226743,-921.1525329172962,-77.6638138826271
219.182,273.151055878727,-921.3803394231261,-77.71141260946735
219.223,273.09369923084705,-921.5945277684909,-77.7559254223221
219.315,273.0425011879817,-921.8012588688251,-77.79951114369754
219.357,272.99088600427376,-922.0318180558554,-77.8491781864796
219.398,272.94445336928925,-922.265019372616,-77.9007035808882
219.448,272.91691339963796,-922.4298069113453,-77.9381898326996
219.541,272.8831470069033,-922.6943722791801,-78.00082327255643
219.633,272.86149483642225,-922.9080427882575,-78.05366555993692
219.675,272.8422616110316,-923.1363970625828,-78.11252006536495
219.716,272.82823756378593,-923.3355981284334,-78.16531011694423
219.859,272.8183129849936,-923.5198941246111,-78.2147080898763
219.903,272.8089086220144,-923.7674987363865,-78.28148997751447
219.996,272.80398726021906,-924.0015103548396,-78.34361740293076
220.038,272.7999980338053,-924.2157563369409,-78.39907519871724
220.131,272.80197081543713,-924.4247966363491,-78.45168444988747
220.173,272.80892374947763,-924.6593480154144,-78.50849130868465
220.264,272.82204664670564,-924.9215793688047,-78.57005774684495
220.306,272.8366605733631,-925.1334418784695,-78.61886454329067
220.348,272.85562035131693,-925.3678135743245,-78.6732101683566
220.441,272.87504950328196,-925.5795271282539,-78.72411814917427
220.483,272.89805086695105,-925.7923747726994,-78.77695217964339
220.584,272.9272370920361,-926.0250562984211,-78.83568821150101
220.683,272.95854788266934,-926.2433027743552,-78.89198428748352
220.83,272.993092969136,-926.4625123280758,-78.95073469554478
220.931,273.0286108951438,-926.670842470046,-79.00849170107347
220.98,273.0895739664134,-926.9851726302473,-79.09747205395712
221.023,273.1216399207715,-927.1377257811233,-79.14050371232292
221.065,273.1586883258843,-927.3355018991085,-79.19360822528273
221.112,273.21228355064864,-927.6776585587698,-79.27883670450387
221.154,273.2398782258798,-927.8774866724433,-79.32633710422374
221.302,273.27349978612426,-928.2304769873116,-79.41127852924427
221.347,273.2845006110481,-928.4963680145947,-79.47774852489226
221.391,273.28498783083495,-928.7751993429143,-79.54867972849217
221.435,273.2727041239762,-929.0712372842445,-79.62515876813495
221.477,273.2530105925225,-929.3066044282783,-79.68655208564832
221.573,273.2106169982,-929.6036057484854,-79.76661857204022
221.615,273.18982604909297,-929.7129847405184,-79.796815840313
221.657,273.0863329559256,-930.1165099162588,-79.91055607987721
221.755,273.02443400022696,-930.2986746526949,-79.96224171148583
221.799,272.9385801120371,-930.5155757594542,-80.02369910658655
221.842,272.82312649406725,-930.7721619719027,-80.09501432152257
221.998,272.70568653024935,-931.0011981205532,-80.15630662567327
222.04,272.57672988971126,-931.2195135422701,-80.21440153081141
222.094,272.4265413530268,-931.4436705802544,-80.27451284031258
222.191,272.33030213113085,-931.5751804118273,-80.31087834986266
222.234,272.1252066905393,-931.8281473029026,-80.38297543682927
222.304,272.01274003757817,-931.9532371742037,-80.4193582009056
222.351,271.80506189062726,-932.1627758924018,-80.48004943010551
222.452,271.6341510419982,-932.3178682108041,-80.5227156225468
222.496,271.5019270149447,-932.4286908247909,-80.5514866435696
222.549,271.25398984227866,-932.6211670085089,-80.59432975972891
222.6,271.10841557013805,-932.7248287125565,-80.6128404679402
222.711,270.8573265584359,-932.8935663725553,-80.63574538868266
222.754,270.6188957801705,-933.0401964309739,-80.64861067470662
222.801,270.48962660801703,-933.1124095304959,-80.65268245446055
222.844,270.2351742706994,-933.2402510789112,-80.65674687091257
222.999,269.94169876504264,-933.3716244471963,-80.65655954696149
223.04,269.71777280773085,-933.4602870931288,-80.65349440778022
223.087,269.5031421065111,-933.5366872557972,-80.64839574073727
223.184,269.1485027785314,-933.6434250077041,-80.63562117920014
223.227,268.93884903567766,-933.6947754281646,-80.6236321526514
223.27,268.6504327087184,-933.7528550797188,-80.60071802647042
223.317,268.3521314866675,-933.7949744491372,-80.56934474289278
223.481,267.99908583824896,-933.8212944959299,-80.52591360734897
223.524,267.67650365701724,-933.8276813541029,-80.48198296309897
223.57,267.3609750545696,-933.8180562521474,-80.43541757094215
223.667,266.9970660783831,-933.7844312151027,-80.3781785793048
223.711,266.66217171056775,-933.7319555988064,-80.32119755531693
223.755,266.3318281944958,-933.6590814065761,-80.26100200922201
223.85,266.05699084916375,-933.5820041632529,-80.20823186139012
223.892,265.6670493290148,-933.4467052438922,-80.12927547099639
223.988,265.42147619830246,-933.3450391293522,-80.07659710831246
224.031,265.06897685322883,-933.1798369320231,-79.99594003709797
224.075,264.79107797407175,-933.032335942025,-79.92661771319774
224.171,264.43884823628616,-932.8255443944884,-79.82991201284739
224.213,264.18723673097094,-932.6588404738646,-79.75423388311066
224.309,263.9379736861591,-932.4648435863935,-79.672629485134
224.469,263.6247268016373,-932.1762169617326,-79.55963522414828
224.517,263.40664211686385,-931.9429451573685,-79.47380398189352
224.564,263.148673546549,-931.6210404648806,-79.36232945939406
224.606,262.9736228031406,-931.3752554061961,-79.279832920719
224.652,262.78996138871287,-931.0888216930283,-79.18632228215665
224.748,262.5592638667343,-930.6605447165642,-79.05403510414868
224.793,262.40841032188433,-930.3222950718828,-78.95479655827012
224.837,262.28670086929606,-929.9979455645433,-78.8634250911013
224.932,262.17866491172555,-929.6471851182505,-78.7678474572416
225.039,262.1098366173263,-929.392554518266,-78.69954055806545
225.082,262.0285056023058,-929.0688337510666,-78.61460420876352
225.176,261.91575532349583,-928.5547713411262,-78.4849427772603
225.217,261.86903820896225,-928.2867122816197,-78.4191174794679
225.258,261.78875411270093,-927.7884560771354,-78.29766334349301
225.301,261.72791940646584,-927.412120883885,-78.2061944944956
225.448,261.6620304683983,-927.0225692703681,-78.11038524499378
225.49,261.59522975707165,-926.6432424654967,-78.01578612875659
225.532,261.5437572722203,-926.3752883310179,-77.94809592055765
225.575,261.457912908366,-925.9930307355077,-77.84989679619599
225.679,261.3847100555309,-925.706618331347,-77.77462099233276
225.724,261.30592350882404,-925.4129592109524,-77.69558481672311
225.77,261.22856916033334,-925.1324888200246,-77.61829506009394
225.917,261.198844863318,-925.0265744617866,-77.58861401783253
225.959,261.071978017631,-924.587778751723,-77.46304963075056
226.005,261.0356182188219,-924.4636401105995,-77.42686367319766
226.102,260.94111715759027,-924.14785078333,-77.33412819515837
226.146,260.87914022957904,-923.9458731169591,-77.27460953402789
226.19,260.8304146787834,-923.7917808998026,-77.22926090610139
226.287,260.76925950372436,-923.6063399151449,-77.17513773834645
226.331,260.7199132640681,-923.4610407012863,-77.13341387783595
226.378,260.67248523552064,-923.3249247865971,-77.0950934729043
226.472,260.6356424761525,-923.2216817070002,-77.06653472649509
226.62,260.6027195089739,-923.1289671774393,-77.04134839233745
226.663,260.57333948909104,-923.0450784211652,-77.01897785549363
226.707,260.55352464734517,-922.987902174443,-77.00400542886547
226.764,260.53551277508205,-922.9427164672123,-76.99217638544707
226.882,260.50532511593303,-922.8792678484033,-76.97472856743485
226.93,260.4849339146325,-922.8343259735217,-76.96198025576962
226.98,260.4604309070114,-922.7700604332016,-76.94357698284682
227.027,260.43236536302504,-922.691944232584,-76.92088997613769
227.073,260.40422832105844,-922.6111695980036,-76.89720512691986
227.175,260.371858545595,-922.5111873331285,-76.86786471241754
227.222,260.33499119964637,-922.3964720378978,-76.83411375611308
227.321,260.33499119964637,-922.3964720378978,-76.83411375611308
227.365,260.2511782855962,-922.161796291574,-76.76558897820621
227.41,260.17226094630564,-921.9677977359335,-76.71118770947771
227.462,260.1246578520381,-921.8624212200411,-76.68229487881939
227.56,260.03464001418547,-921.6788151153187,-76.63323386640036
227.659,259.9654136304621,-921.5412224861288,-76.59799992991202
227.702,259.875335235154,-921.3659555948839,-76.55442751193925
227.8,259.74994647690255,-921.1285125164015,-76.49668422169867
227.9,259.63356560129984,-920.9160471248094,-76.4455591702432
227.97,259.49067247128573,-920.666701142087,-76.3854462608058
228.03,259.3780134521317,-920.4761790932762,-76.33925476374884
228.072,259.21051879287046,-920.2042774932504,-76.27386194886287
228.163,259.0563886595996,-919.9674549632603,-76.21700775294028
228.204,258.8832471887793,-919.7118952219677,-76.15538189915952
228.255,258.58111116412533,-919.2916758332341,-76.0541219120953
228.295,258.47012965150174,-919.143496084491,-76.01909521448812
228.392,258.22641606457535,-918.8273257956339,-75.94616564845546
228.486,258.04474311088427,-918.6006352154918,-75.89529494904025
228.531,257.7862681120596,-918.295013445126,-75.82871829629227
228.644,257.48458191254286,-917.9567340233011,-75.75832134197128
228.689,257.141376878761,-917.596327184203,-75.68663311866538
228.731,256.9873978079552,-917.4423923437131,-75.65660072913113
228.824,256.6290009160892,-917.0927542708856,-75.58977332941737
228.865,256.3555150014432,-916.8356311163685,-75.54233340297992
228.958,255.99119317210642,-916.51094193883,-75.48306804447844
228.999,255.58436812147397,-916.1682975386473,-75.42209765607953
229.142,255.1548359732916,-915.8326723739611,-75.36424048906406
229.184,254.83022028864406,-915.5987669274107,-75.32526218242901
229.225,254.53163729700643,-915.3915634382215,-75.29201540205054
229.267,254.07769409038008,-915.0907175624737,-75.24767166208426
229.36,253.58615459085834,-914.7762844139241,-75.19676600059904
229.401,253.38925880970055,-914.6534142350898,-75.17448341471635
229.505,252.8842935694111,-914.3431345915563,-75.11010421502715
229.604,252.47041985395418,-914.094685718468,-75.0476043760732
229.648,252.28304893069128,-913.982644711353,-75.01583326966505
229.69,251.8097373155067,-913.6971550992178,-74.92574106021311
229.733,251.4244528978192,-913.4609583727554,-74.84658188789331
229.828,251.2487909594056,-913.352384359772,-74.81017663895562
229.924,250.77565531347972,-913.0457612304348,-74.71006646254767
229.967,250.43952547553084,-912.8017912692633,-74.6357472460889
230.063,250.1972825263117,-912.607067910559,-74.57929814182671
230.107,249.74345446572937,-912.1881329337473,-74.46540505096038
230.154,249.45080651100045,-911.8874418044713,-74.39072892797668
230.198,249.05325753167335,-911.4370156559119,-74.28831092058198
230.252,248.9268581114889,-911.284541305726,-74.25541000385533
230.345,248.57604341383023,-910.8366661046169,-74.15987254091897
230.495,248.29160294820065,-910.4584224875327,-74.07446979913817
230.541,248.12942540006247,-910.2163421806619,-74.01876674695944
230.588,247.97891201063226,-909.9491520547327,-73.95962736601825
230.633,247.84332176564158,-909.643796980555,-73.89704979969855
230.734,247.76741475892823,-909.4332285130776,-73.85661692343814
230.78,247.69884198752834,-909.1894984607279,-73.81173795641052
230.886,247.6583776073884,-909.0034029768728,-73.77819833726568
230.985,247.59750027284056,-908.6218009445444,-73.71025246032355
231.031,247.5668621184679,-908.2853055124215,-73.64810954156349
231.075,247.5599270055732,-908.1216266989799,-73.6177609737968
231.124,247.5633319583255,-907.7007918178814,-73.53843742658563
231.225,247.57557132131433,-907.4759734660438,-73.4947180918814
231.27,247.60236942063963,-907.1725416308329,-73.43301436971427
231.373,247.64267604466028,-906.7793416585093,-73.3453233174348
